Short_Name,previous,next,Zone,id,Trench_Name,Lon,Lat,Lon1,Lat1,Lon2,Lat2,Az,ZT,Xarc,EXarc,Harc1,EHarc1,Tsp,ETsp,Tsp1,ETsp1,Tsed,ETsed,Tsed1,ETsed1,Tchannel,ETchannel,Tchannel1,ETchannel1,MT,MT1,UPN,Geodetic_UPS,Seismic_UPS,Rsw,Riw,Rlw,ERsw,ERiw,ERlw,A,Phi,Tt_slab,Te_slab,alphaS,alphaD,Rc,Ztomo,Zseis,M56_SP_Name,M56_SP_ref,M56_UP_Name,M56_UP_ref,M56_ARC_Name,M56_ARC_ref,M56_vs,M56_Azvs,M56_Ovs,M56_vsn,M56_vszn,M56_vc,M56_Azvc,M56_Ovc,M56_vcn,M56_vd,M56_Azvd,M56_Ovd,M56_vdn,Vup1,Az_Vup1,OVup1,Vupn1,Vsub1,Az_Vsub1,OVsub1,Vsubn1,Vt1,Az_Vt1,OVt1,Vtn1,Vup2,Az_Vup2,OVup2,Vupn2,Vsub2,Az_Vsub2,OVsub2,Vsubn2,Vt2,Az_Vt2,OVt2,Vtn2,Vup3,Az_Vup3,OVup3,Vupn3,Vsub3,Az_Vsub3,OVsub3,Vsubn3,Vt3,Az_Vt3,OVt3,Vtn3,Vup4,Az_Vup4,OVup4,Vupn4,Vsub4,Az_Vsub4,OVsub4,Vsubn4,Vt4,Az_Vt4,OVt4,Vtn4,N15_SP_Name,N15_SP_ref,N15_UP_Name,N15_UP_ref,N15_ARC_Name,N15_ARC_ref,N15_vs,N15_Azvs,N15_Ovs,N15_vsn,N15_vszn,N15_vc,N15_Azvc,N15_Ovc,N15_vcn,N15_vd,N15_Azvd,N15_Ovd,N15_vdn,Vup5,Az_Vup5,OVup5,Vupn5,Vsub5,Az_Vsub5,OVsub5,Vsubn5,Vt5,Az_Vt5,OVt5,Vtn5,Vup6,Az_Vup6,OVup6,Vupn6,Vsub6,Az_Vsub6,OVsub6,Vsubn6,Vt6,Az_Vt6,OVt6,Vtn6,Vup7,Az_Vup7,OVup7,Vupn7,Vsub7,Az_Vsub7,OVsub7,Vsubn7,Vt7,Az_Vt7,OVt7,Vtn7,Vup8,Az_Vup8,OVup8,Vupn8,Vsub8,Az_Vsub8,OVsub8,Vsubn8,Vt8,Az_Vt8,OVt8,Vtn8,Vup9,Az_Vup9,OVup9,Vupn9,Vsub9,Az_Vsub9,OVsub9,Vsubn9,Vt9,Az_Vt9,OVt9,Vtn9,Ux,Ux1,Uz,Uz1,Dx,Dx1,Dz,Dz1,W,W1,theta,theta1,N,N1,tau,tau1,MR,MR1,MMRR,MMRR1,Mmax,Mmax1,SeismicC1,Phi_sed,Phi_channel
MED1,,MED2,MED,1,Calabria,17.4,40.0,20.8,40.6,7.5,37.5,255.0,1.5,249.0,-999.0,-999.0,-999.0,-999.0,-999.0,7.0,-999.0,-999.0,-999.0,7.0,-999.0,-999.0,-999.0,-999.0,-999.0,-999,1,1,SS-E,-999,292.0,811.0,822.0,155.0,444.0,591.0,-999.0,-999.0,-999.0,-999.0,45.0,54.0,-999.0,670.0,488.0,NUBIA,Argus et al. (2011),EURASIA,Argus et al. (2011),DEF_CALABRIAN_ARC,Serpelloni et al. (2009),12.0,335.0,80.0,2.0,1.0,9.0,341.0,86.0,1.0,3.0,135.0,120.0,-2.0,8.0,291.0,172.0,-6.0,15.0,318.0,63.0,7.0,5.0,278.0,23.0,-5.0,3.0,67.0,172.0,3.0,10.0,2.0,107.0,-3.0,5.0,99.0,156.0,5.0,4.0,58.0,163.0,4.0,10.0,2.0,107.0,-3.0,5.0,92.0,164.0,5.0,24.0,56.0,161.0,23.0,28.0,39.0,144.0,-22.0,25.0,63.0,168.0,25.0,AFRICA,Gripp & Gordon (2002),EURASIA,Gripp & Gordon (2002),-999,-999,8.0,-999.0,86.0,1.0,-999.0,8.0,-999.0,86.0,1.0,-999.0,-999.0,-999.0,0.0,21.0,245.0,10.0,-21.0,22.0,267.0,12.0,22.0,21.0,245.0,10.0,-21.0,-999.0,-999.0,-999.0,-999.0,-999.0,-999.0,-999.0,-999.0,-999.0,-999.0,-999.0,-999.0,-999.0,-999.0,-999.0,-999.0,-999.0,-999.0,-999.0,-999.0,-999.0,-999.0,-999.0,-999.0,-999.0,-999.0,-999.0,-999.0,-999.0,-999.0,-999.0,-999.0,-999.0,-999.0,-999.0,-999.0,-999.0,-999.0,-999.0,-999.0,-999.0,-999.0,-999.0,-999.0,-999.0,-999.0,-999.0,-999.0,-999.0,-999.0,-999.0,-999.0,-999.0,-999.0,-999.0,-999.0,-999.0,-999.0,-999.0,-999.0,0.0,0.0,0.0,0.0,0.0,0.79,0.0,7.2,0.0,7.0,0.0,20.6805782,-999.0
MED10,MED9,MED11,MED,10,Aegean,28.0,33.0,29.1,30.5,24.4,40.6,340.0,3.1,411.0,-999.0,125.0,3.0,-999.0,-999.0,6.5,-999.0,12.5,-999.0,-999.0,-999.0,4.0,-999.0,-999.0,-999.0,-999,1,1,E-SS,-999,60.0,251.0,236.0,70.0,388.0,276.0,267.0,4584.0,150.0,69.0,15.0,42.0,-999.0,-999.0,166.0,NUBIA,Argus et al. (2011),EURASIA,Argus et al. (2011),RHODES,Vernant et al. (2014),42.0,6.0,26.0,37.0,-999.0,10.0,358.0,18.0,10.0,32.0,189.0,151.0,-28.0,8.0,292.0,48.0,-5.0,15.0,329.0,11.0,15.0,31.0,203.0,137.0,22.0,4.0,66.0,86.0,0.0,12.0,17.0,37.0,10.0,30.0,182.0,158.0,27.0,4.0,61.0,81.0,-1.0,13.0,16.0,36.0,10.0,29.0,182.0,158.0,27.0,25.0,62.0,82.0,-3.0,31.0,45.0,65.0,13.0,26.0,139.0,159.0,24.0,AFRICA,Gripp & Gordon (2002),ANATOLIA,Mac Clusky et al. (2000),SE AEGEAN_SEA,Mac Clusky et al. (2000),37.0,-999.0,21.0,35.0,-999.0,18.0,-999.0,44.0,13.0,-999.0,-999.0,-999.0,-22.0,31.0,-999.0,76.0,8.0,21.0,275.0,65.0,9.0,44.0,209.0,70.0,15.0,-999.0,-999.0,-999.0,-999.0,-999.0,-999.0,-999.0,-999.0,-999.0,-999.0,-999.0,-999.0,-999.0,-999.0,-999.0,-999.0,-999.0,-999.0,-999.0,-999.0,-999.0,-999.0,-999.0,-999.0,-999.0,-999.0,-999.0,-999.0,-999.0,-999.0,-999.0,-999.0,-999.0,-999.0,-999.0,-999.0,-999.0,-999.0,-999.0,-999.0,-999.0,-999.0,-999.0,-999.0,31.0,130.0,30.0,27.0,-999.0,124.0,-999.0,6.0,-999.0,298.0,-999.0,45.0,-999.0,179.0,-999.0,12.0,2.0,17.0,34.0,31.0,0.0,11.62,0.0,7.8,0.0,7.8,0.0,14.2395716,4.43957806
MED11,MED10,MED12,MED,11,Aegean,30.0,34.4,32.1,32.3,23.2,40.4,320.0,2.7,363.0,-999.0,-999.0,-999.0,-999.0,-999.0,7.5,-999.0,-999.0,-999.0,9.5,-999.0,-999.0,-999.0,-999.0,-999.0,-999,1,1,SS-E,-999,65.0,261.0,242.0,44.0,263.0,253.0,261.0,1811.0,149.0,68.0,18.0,43.0,-999.0,-999.0,166.0,NUBIA,Argus et al. (2011),EURASIA,Argus et al. (2011),ISPARTA,Vernant et al. (2014),20.0,8.0,48.0,14.0,-999.0,10.0,357.0,37.0,8.0,10.0,198.0,122.0,-5.0,8.0,292.0,28.0,-7.0,15.0,330.0,10.0,15.0,12.0,236.0,84.0,-1.0,4.0,64.0,104.0,1.0,13.0,16.0,56.0,7.0,8.0,175.0,145.0,7.0,4.0,60.0,100.0,1.0,13.0,15.0,55.0,7.0,8.0,175.0,145.0,6.0,25.0,63.0,103.0,6.0,31.0,45.0,85.0,3.0,19.0,86.0,126.0,11.0,AFRICA,Gripp & Gordon (2002),ANATOLIA,Mac Clusky et al. (2000),SE AEGEAN_SEA,Mac Clusky et al. (2000),21.0,-999.0,50.0,14.0,-999.0,17.0,-999.0,64.0,8.0,-999.0,-999.0,-999.0,-6.0,31.0,-999.0,78.0,6.0,22.0,277.0,43.0,16.0,31.0,231.0,89.0,1.0,-999.0,-999.0,-999.0,-999.0,-999.0,-999.0,-999.0,-999.0,-999.0,-999.0,-999.0,-999.0,-999.0,-999.0,-999.0,-999.0,-999.0,-999.0,-999.0,-999.0,-999.0,-999.0,-999.0,-999.0,-999.0,-999.0,-999.0,-999.0,-999.0,-999.0,-999.0,-999.0,-999.0,-999.0,-999.0,-999.0,-999.0,-999.0,-999.0,-999.0,-999.0,-999.0,-999.0,-999.0,22.0,95.0,45.0,15.0,-999.0,124.0,-999.0,6.0,-999.0,298.0,-999.0,45.0,-999.0,179.0,-999.0,12.0,0.0,17.0,0.0,31.0,0.0,11.62,0.0,7.8,0.0,7.8,0.0,17.1573315,-999.0
MED12,MED11,MED13,MED,12,Cyprean,31.5,34.6,30.9,31.9,33.4,42.6,10.0,2.4,-999.0,-999.0,-999.0,-999.0,-999.0,-999.0,8.0,-999.0,-999.0,-999.0,9.0,-999.0,-999.0,-999.0,-999.0,-999.0,-999,1,1,Neutral,-999,72.0,311.0,284.0,49.0,294.0,292.0,257.0,2243.0,147.0,67.0,28.0,51.0,-999.0,-999.0,123.0,NUBIA,Argus et al. (2011),ANATOLIA,Argus et al. (2011),-999,-999,16.0,34.0,24.0,14.0,-999.0,16.0,34.0,24.0,14.0,0.0,-999.0,-999.0,0.0,16.0,273.0,97.0,2.0,15.0,331.0,39.0,12.0,16.0,273.0,97.0,2.0,5.0,267.0,103.0,1.0,13.0,16.0,6.0,13.0,5.0,267.0,103.0,1.0,5.0,270.0,100.0,1.0,13.0,15.0,5.0,13.0,5.0,270.0,100.0,1.0,16.0,57.0,47.0,-11.0,31.0,45.0,35.0,25.0,16.0,57.0,47.0,-11.0,AFRICA,Gripp & Gordon (2002),ANATOLIA,Mac Clusky et al. (2000),CYPRUS,Mac Clusky et al. (2000),12.0,-999.0,12.0,12.0,-999.0,15.0,-999.0,12.0,15.0,-999.0,-999.0,-999.0,3.0,31.0,-999.0,53.0,19.0,22.0,278.0,88.0,-1.0,28.0,256.0,66.0,11.0,-999.0,-999.0,-999.0,-999.0,-999.0,-999.0,-999.0,-999.0,-999.0,-999.0,-999.0,-999.0,-999.0,-999.0,-999.0,-999.0,-999.0,-999.0,-999.0,-999.0,-999.0,-999.0,-999.0,-999.0,-999.0,-999.0,-999.0,-999.0,-999.0,-999.0,-999.0,-999.0,-999.0,-999.0,-999.0,-999.0,-999.0,-999.0,-999.0,-999.0,-999.0,-999.0,-999.0,-999.0,21.0,60.0,50.0,-14.0,-999.0,-999.0,-999.0,-999.0,-999.0,-999.0,-999.0,-999.0,-999.0,-999.0,-999.0,-999.0,1.0,1.0,17.0,7.0,0.0,0.02,0.0,6.4,0.0,5.9,0.0,17.8227139,-999.0
MED13,MED12,MED14,MED,13,Cyprean,33.5,34.1,33.2,31.4,34.4,42.2,5.0,2.3,-999.0,-999.0,-999.0,-999.0,10.0,-999.0,-999.0,-999.0,7.2,-999.0,-999.0,-999.0,-999.0,-999.0,-999.0,-999.0,-999,1,1,Neutral,-999,131.0,817.0,823.0,56.0,372.0,370.0,-999.0,-999.0,-999.0,-999.0,28.0,52.0,-999.0,-999.0,69.0,NUBIA,Argus et al. (2011),ANATOLIA,Argus et al. (2011),-999,-999,12.0,41.0,36.0,10.0,-999.0,12.0,41.0,36.0,10.0,0.0,-999.0,-999.0,0.0,16.0,288.0,77.0,-3.0,16.0,333.0,32.0,13.0,16.0,288.0,77.0,-3.0,5.0,314.0,51.0,-3.0,14.0,17.0,12.0,13.0,5.0,314.0,51.0,-3.0,6.0,314.0,51.0,-4.0,14.0,16.0,11.0,13.0,6.0,314.0,51.0,-4.0,19.0,50.0,45.0,-13.0,31.0,46.0,41.0,23.0,19.0,50.0,45.0,-13.0,AFRICA,Gripp & Gordon (2002),ANATOLIA,Mac Clusky et al. (2000),CYPRUS,Mac Clusky et al. (2000),9.0,-999.0,29.0,8.0,-999.0,12.0,-999.0,31.0,10.0,-999.0,-999.0,-999.0,2.0,30.0,-999.0,68.0,11.0,22.0,279.0,86.0,2.0,27.0,263.0,78.0,6.0,-999.0,-999.0,-999.0,-999.0,-999.0,-999.0,-999.0,-999.0,-999.0,-999.0,-999.0,-999.0,-999.0,-999.0,-999.0,-999.0,-999.0,-999.0,-999.0,-999.0,-999.0,-999.0,-999.0,-999.0,-999.0,-999.0,-999.0,-999.0,-999.0,-999.0,-999.0,-999.0,-999.0,-999.0,-999.0,-999.0,-999.0,-999.0,-999.0,-999.0,-999.0,-999.0,-999.0,-999.0,23.0,55.0,50.0,-15.0,-999.0,-999.0,-999.0,-999.0,-999.0,-999.0,-999.0,-999.0,-999.0,-999.0,-999.0,-999.0,0.0,1.0,0.0,7.0,0.0,0.02,0.0,6.4,0.0,5.9,0.0,20.3113003,-999.0
MED14,MED13,MED15,MED,14,Makran,57.5,24.7,56.3,22.2,61.5,32.0,25.0,1.6,446.0,-999.0,-999.0,-999.0,-999.0,-999.0,4.0,-999.0,-999.0,-999.0,7.3,-999.0,-999.0,-999.0,-999.0,-999.0,-999,1,1,C-SS,-999,424.0,1398.0,2151.0,177.0,572.0,815.0,-999.0,-999.0,-999.0,-999.0,14.0,27.0,-999.0,600.0,103.0,ARABIA,Argus et al. (2011),EURASIA,Argus et al. (2011),LUT BLOCK,Reilinger et al. (2006),29.0,27.0,2.0,29.0,-999.0,35.0,20.0,5.0,35.0,7.0,351.0,34.0,6.0,8.0,292.0,93.0,0.0,36.0,8.0,17.0,34.0,13.0,319.0,114.0,-5.0,6.0,62.0,37.0,-5.0,40.0,26.0,1.0,40.0,10.0,24.0,179.0,-10.0,5.0,65.0,40.0,-4.0,39.0,26.0,1.0,39.0,10.0,23.0,178.0,-10.0,24.0,79.0,54.0,-14.0,52.0,44.0,19.0,49.0,25.0,64.0,141.0,-20.0,ARABIA,Gripp & Gordon (2002),EURASIA,Gripp & Gordon (2002),DEFORMED EURASIA,Vernant et al. (2002),14.0,-999.0,15.0,14.0,-999.0,35.0,-999.0,16.0,34.0,-999.0,-999.0,-999.0,20.0,23.0,-999.0,58.0,12.0,36.0,332.0,53.0,22.0,27.0,301.0,84.0,-3.0,-999.0,-999.0,-999.0,-999.0,-999.0,-999.0,-999.0,-999.0,-999.0,-999.0,-999.0,-999.0,-999.0,-999.0,-999.0,-999.0,-999.0,-999.0,-999.0,-999.0,-999.0,-999.0,-999.0,-999.0,-999.0,-999.0,-999.0,-999.0,-999.0,-999.0,-999.0,-999.0,-999.0,-999.0,-999.0,-999.0,-999.0,-999.0,-999.0,-999.0,-999.0,-999.0,-999.0,-999.0,31.0,51.0,26.0,-28.0,-999.0,-999.0,-999.0,-999.0,-999.0,-999.0,-999.0,-999.0,-999.0,-999.0,-999.0,-999.0,0.0,2.0,0.0,6.0,0.0,13.13,0.0,8.0,0.0,8.0,0.0,20.2286739,-999.0
MED15,MED14,MED16,MED,15,Makran,59.5,24.2,59.1,21.4,60.8,32.1,8.0,3.3,449.0,-999.0,-999.0,-999.0,-999.0,-999.0,4.0,-999.0,3.0,-999.0,-999.0,-999.0,4.7,-999.0,-999.0,-999.0,-999,1,1,C-SS,-999,136.0,638.0,922.0,80.0,391.0,569.0,-999.0,-999.0,-999.0,-999.0,15.0,29.0,-999.0,600.0,97.0,ARABIA,Argus et al. (2011),EURASIA,Argus et al. (2011),LUT BLOCK,Reilinger et al. (2006),31.0,27.0,19.0,30.0,15.0,36.0,21.0,13.0,35.0,6.0,350.0,18.0,6.0,8.0,291.0,77.0,-2.0,37.0,9.0,1.0,37.0,12.0,317.0,129.0,-8.0,6.0,62.0,54.0,-4.0,41.0,26.0,18.0,39.0,10.0,25.0,163.0,-10.0,5.0,65.0,57.0,-3.0,40.0,26.0,18.0,38.0,9.0,24.0,164.0,-9.0,24.0,80.0,72.0,-7.0,53.0,44.0,36.0,43.0,25.0,66.0,122.0,-13.0,ARABIA,Gripp & Gordon (2002),EURASIA,Gripp & Gordon (2002),DEFORMED EURASIA,Vernant et al. (2002),15.0,-999.0,2.0,15.0,8.0,37.0,-999.0,3.0,37.0,-999.0,-999.0,-999.0,22.0,23.0,293.0,75.0,6.0,37.0,334.0,34.0,31.0,26.0,309.0,53.0,-16.0,-999.0,-999.0,-999.0,-999.0,-999.0,-999.0,-999.0,-999.0,-999.0,-999.0,-999.0,-999.0,-999.0,-999.0,-999.0,-999.0,-999.0,-999.0,-999.0,-999.0,-999.0,-999.0,-999.0,-999.0,-999.0,-999.0,-999.0,-999.0,-999.0,-999.0,-999.0,-999.0,-999.0,-999.0,-999.0,-999.0,-999.0,-999.0,-999.0,-999.0,-999.0,-999.0,-999.0,-999.0,35.0,52.0,44.0,-25.0,-999.0,-999.0,-999.0,-999.0,-999.0,-999.0,-999.0,-999.0,-999.0,-999.0,-999.0,-999.0,0.0,2.0,0.0,6.0,0.0,13.13,0.0,8.0,0.0,8.0,0.0,28.9591084,16.6893654
MED16,MED15,MED17,MED,16,Makran,61.5,24.0,61.6,21.3,61.3,32.1,359.0,3.4,492.0,-999.0,-999.0,-999.0,-999.0,-999.0,4.0,-999.0,-999.0,-999.0,7.4,-999.0,-999.0,-999.0,4.0,-999.0,-999,1,1,C-SS,-999,68.0,504.0,511.0,54.0,660.0,614.0,-999.0,-999.0,-999.0,-999.0,14.0,34.0,-999.0,600.0,77.0,ARABIA,Argus et al. (2011),EURASIA,Argus et al. (2011),LUT BLOCK,Reilinger et al. (2006),33.0,26.0,27.0,29.0,15.0,38.0,21.0,22.0,35.0,6.0,349.0,10.0,6.0,8.0,291.0,68.0,-3.0,38.0,10.0,11.0,38.0,12.0,316.0,137.0,-9.0,6.0,62.0,63.0,-3.0,42.0,27.0,28.0,38.0,10.0,27.0,152.0,-8.0,5.0,66.0,67.0,-2.0,42.0,26.0,27.0,37.0,9.0,26.0,153.0,-8.0,24.0,82.0,83.0,-3.0,53.0,44.0,45.0,38.0,24.0,68.0,111.0,-9.0,ARABIA,Gripp & Gordon (2002),EURASIA,Gripp & Gordon (2002),DEFORMED EURASIA,Vernant et al. (2002),16.0,-999.0,11.0,16.0,9.0,38.0,-999.0,12.0,37.0,-999.0,-999.0,-999.0,22.0,23.0,274.0,85.0,2.0,38.0,336.0,23.0,35.0,26.0,316.0,43.0,-19.0,-999.0,-999.0,-999.0,-999.0,-999.0,-999.0,-999.0,-999.0,-999.0,-999.0,-999.0,-999.0,-999.0,-999.0,-999.0,-999.0,-999.0,-999.0,-999.0,-999.0,-999.0,-999.0,-999.0,-999.0,-999.0,-999.0,-999.0,-999.0,-999.0,-999.0,-999.0,-999.0,-999.0,-999.0,-999.0,-999.0,-999.0,-999.0,-999.0,-999.0,-999.0,-999.0,-999.0,-999.0,38.0,52.0,53.0,-22.0,-999.0,-999.0,-999.0,-999.0,-999.0,-999.0,-999.0,-999.0,-999.0,-999.0,-999.0,-999.0,0.0,2.0,0.0,6.0,0.0,13.13,0.0,8.0,0.0,8.0,0.0,20.0802555,11.664053
MED17,MED16,MED18,MED,17,Makran,63.5,24.1,63.7,21.4,62.8,32.2,356.0,3.2,-999.0,-999.0,-999.0,-999.0,-999.0,-999.0,4.0,-999.0,7.5,-999.0,-999.0,-999.0,3.6,-999.0,-999.0,-999.0,-999,1,1,C,-999,130.0,902.0,1042.0,62.0,516.0,504.0,93.0,1173.0,89.0,40.0,13.0,38.0,-999.0,600.0,170.0,ARABIA,Argus et al. (2011),EURASIA,Argus et al. (2011),LUT BLOCK,Reilinger et al. (2006),34.0,26.0,30.0,30.0,15.0,39.0,21.0,25.0,35.0,5.0,350.0,7.0,5.0,8.0,291.0,65.0,-3.0,39.0,10.0,14.0,38.0,11.0,314.0,138.0,-8.0,6.0,62.0,66.0,-3.0,44.0,26.0,30.0,38.0,9.0,29.0,147.0,-8.0,5.0,66.0,70.0,-2.0,43.0,26.0,30.0,37.0,8.0,28.0,148.0,-7.0,24.0,83.0,87.0,-1.0,54.0,44.0,48.0,36.0,24.0,71.0,105.0,-6.0,ARABIA,Gripp & Gordon (2002),EURASIA,Gripp & Gordon (2002),DEFORMED EURASIA,Vernant et al. (2002),17.0,-999.0,14.0,17.0,9.0,39.0,-999.0,15.0,38.0,-999.0,-999.0,-999.0,21.0,23.0,270.0,89.0,0.0,39.0,338.0,18.0,37.0,27.0,317.0,39.0,-21.0,-999.0,-999.0,-999.0,-999.0,-999.0,-999.0,-999.0,-999.0,-999.0,-999.0,-999.0,-999.0,-999.0,-999.0,-999.0,-999.0,-999.0,-999.0,-999.0,-999.0,-999.0,-999.0,-999.0,-999.0,-999.0,-999.0,-999.0,-999.0,-999.0,-999.0,-999.0,-999.0,-999.0,-999.0,-999.0,-999.0,-999.0,-999.0,-999.0,-999.0,-999.0,-999.0,-999.0,-999.0,37.0,52.0,56.0,-21.0,-999.0,-999.0,-999.0,-999.0,-999.0,-999.0,-999.0,-999.0,-999.0,-999.0,-999.0,-999.0,2.0,2.0,32.0,6.0,0.0,13.13,0.0,8.0,0.0,8.0,0.3,19.932869,11.1581049
MED18,MED17,,MED,18,Makran,65.5,24.5,66.3,21.9,63.0,32.3,345.0,2.5,-999.0,-999.0,-999.0,-999.0,-999.0,-999.0,4.0,-999.0,-999.0,-999.0,7.5,-999.0,-999.0,-999.0,3.0,-999.0,-999,1,1,C,-999,113.0,827.0,849.0,58.0,575.0,527.0,97.0,1101.0,91.0,41.0,13.0,38.0,-999.0,600.0,170.0,ARABIA,Argus et al. (2011),EURASIA,Argus et al. (2011),LUT BLOCK,Reilinger et al. (2006),36.0,25.0,40.0,27.0,-999.0,40.0,21.0,36.0,32.0,5.0,351.0,6.0,5.0,8.0,291.0,54.0,-4.0,40.0,10.0,25.0,36.0,11.0,313.0,148.0,-9.0,6.0,62.0,77.0,-1.0,45.0,26.0,41.0,34.0,9.0,32.0,133.0,-6.0,5.0,66.0,81.0,-1.0,44.0,26.0,41.0,33.0,8.0,31.0,134.0,-6.0,24.0,85.0,100.0,4.0,55.0,44.0,59.0,28.0,24.0,73.0,92.0,-1.0,ARABIA,Gripp & Gordon (2002),EURASIA,Gripp & Gordon (2002),DEFORMED EURASIA,Vernant et al. (2002),18.0,-999.0,25.0,16.0,-999.0,40.0,-999.0,27.0,36.0,-999.0,-999.0,-999.0,20.0,23.0,-999.0,79.0,4.0,41.0,339.0,6.0,41.0,27.0,319.0,26.0,-24.0,-999.0,-999.0,-999.0,-999.0,-999.0,-999.0,-999.0,-999.0,-999.0,-999.0,-999.0,-999.0,-999.0,-999.0,-999.0,-999.0,-999.0,-999.0,-999.0,-999.0,-999.0,-999.0,-999.0,-999.0,-999.0,-999.0,-999.0,-999.0,-999.0,-999.0,-999.0,-999.0,-999.0,-999.0,-999.0,-999.0,-999.0,-999.0,-999.0,-999.0,-999.0,-999.0,-999.0,-999.0,38.0,53.0,68.0,-14.0,-999.0,-999.0,-999.0,-999.0,-999.0,-999.0,-999.0,-999.0,-999.0,-999.0,-999.0,-999.0,0.0,2.0,0.0,6.0,0.0,13.13,0.0,8.0,0.0,8.0,0.23,19.932869,10.4873991
MED2,MED1,MED3,MED,2,Calabria,19.2,37.6,21.7,36.6,9.4,41.7,300.0,3.3,327.0,-999.0,-999.0,-999.0,7.0,-999.0,-999.0,-999.0,7.0,-999.0,-999.0,-999.0,2.5,-999.0,-999.0,-999.0,1,-999,1,E-SS,-999,186.0,982.0,892.0,104.0,717.0,697.0,240.0,1226.0,142.0,65.0,21.0,51.0,-999.0,670.0,488.0,NUBIA,Argus et al. (2011),EURASIA,Argus et al. (2011),DEF_CALABRIAN_ARC,Serpelloni et al. (2009),12.0,338.0,38.0,9.0,6.0,9.0,345.0,45.0,6.0,3.0,135.0,165.0,-3.0,8.0,291.0,9.0,-8.0,15.0,320.0,20.0,14.0,5.0,278.0,22.0,-5.0,4.0,68.0,128.0,2.0,10.0,6.0,66.0,4.0,6.0,98.0,158.0,5.0,4.0,59.0,119.0,2.0,11.0,6.0,66.0,4.0,6.0,91.0,151.0,5.0,24.0,57.0,117.0,11.0,28.0,40.0,100.0,-5.0,25.0,64.0,124.0,14.0,AFRICA,Gripp & Gordon (2002),EURASIA,Gripp & Gordon (2002),-999,-999,8.0,-999.0,50.0,5.0,4.0,8.0,-999.0,50.0,5.0,-999.0,-999.0,-999.0,0.0,21.0,246.0,49.0,14.0,22.0,268.0,27.0,20.0,21.0,246.0,49.0,14.0,-999.0,-999.0,-999.0,-999.0,-999.0,-999.0,-999.0,-999.0,-999.0,-999.0,-999.0,-999.0,-999.0,-999.0,-999.0,-999.0,-999.0,-999.0,-999.0,-999.0,-999.0,-999.0,-999.0,-999.0,-999.0,-999.0,-999.0,-999.0,-999.0,-999.0,-999.0,-999.0,-999.0,-999.0,-999.0,-999.0,-999.0,-999.0,-999.0,-999.0,-999.0,-999.0,-999.0,-999.0,-999.0,-999.0,-999.0,-999.0,-999.0,-999.0,-999.0,-999.0,-999.0,-999.0,-999.0,-999.0,-999.0,-999.0,-999.0,-999.0,0.0,0.0,0.0,0.0,0.0,0.79,0.0,7.2,0.0,7.0,0.0,20.6805782,11.0614767
MED3,MED2,MED4,MED,3,Calabria,18.0,36.1,20.1,34.0,11.0,42.1,320.0,4.0,342.0,-999.0,-999.0,-999.0,-999.0,-999.0,6.0,-999.0,4.3,-999.0,-999.0,-999.0,3.1,-999.0,-999.0,-999.0,-999,1,1,E,-999,81.0,341.0,317.0,70.0,321.0,153.0,242.0,1393.0,143.0,65.0,15.0,52.0,-999.0,670.0,488.0,NUBIA,Argus et al. (2011),EURASIA,Argus et al. (2011),DEF_CALABRIAN_ARC,Serpelloni et al. (2009),11.0,339.0,19.0,11.0,6.0,9.0,347.0,27.0,8.0,3.0,135.0,175.0,-3.0,8.0,291.0,29.0,-7.0,15.0,320.0,0.0,15.0,5.0,277.0,43.0,-4.0,4.0,69.0,109.0,1.0,10.0,9.0,49.0,6.0,6.0,98.0,138.0,4.0,4.0,60.0,100.0,1.0,10.0,8.0,48.0,7.0,6.0,91.0,131.0,4.0,25.0,57.0,97.0,3.0,29.0,40.0,80.0,5.0,25.0,63.0,103.0,6.0,AFRICA,Gripp & Gordon (2002),EURASIA,Gripp & Gordon (2002),-999,-999,8.0,-999.0,27.0,7.0,4.0,8.0,-999.0,27.0,7.0,-999.0,-999.0,-999.0,0.0,22.0,246.0,74.0,6.0,22.0,268.0,52.0,14.0,22.0,246.0,74.0,6.0,-999.0,-999.0,-999.0,-999.0,-999.0,-999.0,-999.0,-999.0,-999.0,-999.0,-999.0,-999.0,-999.0,-999.0,-999.0,-999.0,-999.0,-999.0,-999.0,-999.0,-999.0,-999.0,-999.0,-999.0,-999.0,-999.0,-999.0,-999.0,-999.0,-999.0,-999.0,-999.0,-999.0,-999.0,-999.0,-999.0,-999.0,-999.0,-999.0,-999.0,-999.0,-999.0,-999.0,-999.0,-999.0,-999.0,-999.0,-999.0,-999.0,-999.0,-999.0,-999.0,-999.0,-999.0,-999.0,-999.0,-999.0,-999.0,-999.0,-999.0,0.0,0.0,0.0,0.0,0.0,0.79,0.0,7.2,0.0,7.0,0.0,25.4889984,17.4289932
MED4,MED3,MED5,MED,4,Aegean,18.8,37.0,15.4,37.0,28.9,36.4,91.0,3.5,-999.0,-999.0,-999.0,-999.0,-999.0,-999.0,5.2,-999.0,6.5,-999.0,-999.0,-999.0,-999.0,-999.0,5.0,-999.0,-999,1,1,SS-E,-999,89.0,300.0,274.0,62.0,214.0,189.0,247.0,-999.0,145.0,66.0,-999.0,-999.0,-999.0,670.0,-999.0,NUBIA,Argus et al. (2011),EURASIA,Argus et al. (2011),WESTERN_PELOPONNESE,Vernant et al. (2014),55.0,20.0,71.0,18.0,-999.0,9.0,346.0,105.0,-2.0,48.0,206.0,115.0,-20.0,8.0,291.0,160.0,7.0,15.0,321.0,130.0,-10.0,49.0,215.0,124.0,28.0,4.0,68.0,23.0,-3.0,10.0,8.0,83.0,1.0,45.0,203.0,112.0,17.0,4.0,59.0,32.0,-3.0,11.0,7.0,84.0,1.0,44.0,203.0,112.0,17.0,25.0,57.0,34.0,-20.0,29.0,40.0,51.0,18.0,29.0,181.0,90.0,0.0,AFRICA,Gripp & Gordon (2002),ANATOLIA,Mac Clusky et al. (2000),AEGEAN_SEA,Mac Clusky et al. (2000),-999.0,-999.0,-999.0,-999.0,-999.0,-999.0,-999.0,-999.0,-999.0,-999.0,-999.0,-999.0,0.0,-999.0,-999.0,-999.0,-999.0,-999.0,-999.0,-999.0,-999.0,-999.0,-999.0,-999.0,-999.0,-999.0,-999.0,-999.0,-999.0,-999.0,-999.0,-999.0,-999.0,-999.0,-999.0,-999.0,-999.0,-999.0,-999.0,-999.0,-999.0,-999.0,-999.0,-999.0,-999.0,-999.0,-999.0,-999.0,-999.0,-999.0,-999.0,-999.0,-999.0,-999.0,-999.0,-999.0,-999.0,-999.0,-999.0,-999.0,-999.0,-999.0,-999.0,-999.0,-999.0,-999.0,-999.0,-999.0,-999.0,-999.0,-999.0,-999.0,-999.0,-999.0,124.0,-999.0,6.0,-999.0,298.0,-999.0,45.0,-999.0,179.0,-999.0,12.0,-999.0,17.0,-999.0,31.0,-999.0,11.62,-999.0,7.8,-999.0,7.8,0.0,21.4582653,14.5263567
MED5,MED4,MED6,MED,5,Aegean,18.9,35.0,16.2,33.5,27.7,39.1,57.0,3.9,509.0,-999.0,-999.0,-999.0,-999.0,-999.0,5.2,-999.0,-999.0,-999.0,6.5,-999.0,-999.0,-999.0,5.0,-999.0,-999,1,1,E-SS,-999,124.0,554.0,424.0,83.0,387.0,327.0,-999.0,-999.0,-999.0,-999.0,12.0,48.0,-999.0,670.0,154.0,NUBIA,Argus et al. (2011),EURASIA,Argus et al. (2011),WESTERN_PELOPONNESE,Vernant et al. (2014),51.0,9.0,48.0,34.0,-999.0,9.0,349.0,68.0,3.0,43.0,193.0,136.0,-31.0,8.0,291.0,126.0,5.0,15.0,321.0,96.0,-1.0,43.0,203.0,146.0,36.0,4.0,69.0,12.0,-4.0,10.0,12.0,45.0,7.0,41.0,188.0,131.0,27.0,4.0,60.0,3.0,-4.0,11.0,10.0,47.0,7.0,41.0,189.0,132.0,27.0,25.0,57.0,0.0,-25.0,29.0,41.0,16.0,28.0,31.0,159.0,102.0,6.0,AFRICA,Gripp & Gordon (2002),ANATOLIA,Mac Clusky et al. (2000),AEGEAN_SEA,Mac Clusky et al. (2000),37.0,-999.0,37.0,30.0,-999.0,36.0,-999.0,57.0,20.0,-999.0,-999.0,-999.0,-10.0,46.0,-999.0,29.0,40.0,22.0,268.0,31.0,-19.0,49.0,226.0,11.0,48.0,-999.0,-999.0,-999.0,-999.0,-999.0,-999.0,-999.0,-999.0,-999.0,-999.0,-999.0,-999.0,-999.0,-999.0,-999.0,-999.0,-999.0,-999.0,-999.0,-999.0,-999.0,-999.0,-999.0,-999.0,-999.0,-999.0,-999.0,-999.0,-999.0,-999.0,-999.0,-999.0,-999.0,-999.0,-999.0,-999.0,-999.0,-999.0,-999.0,-999.0,-999.0,-999.0,-999.0,-999.0,15.0,149.0,88.0,0.0,-999.0,124.0,-999.0,6.0,-999.0,298.0,-999.0,45.0,-999.0,179.0,-999.0,12.0,1.0,17.0,15.0,31.0,0.0,11.62,0.0,7.8,0.0,7.8,0.0,21.4582653,14.5263567
MED6,MED5,MED7,MED,6,Aegean,20.0,33.7,18.2,31.5,26.1,40.2,35.0,3.7,527.0,-999.0,-999.0,-999.0,-999.0,-999.0,5.2,-999.0,-999.0,-999.0,10.5,-999.0,-999.0,-999.0,5.0,-999.0,-999,1,1,E-SS,-999,142.0,850.0,632.0,101.0,852.0,532.0,-999.0,-999.0,-999.0,-999.0,11.0,57.0,-999.0,670.0,154.0,NUBIA,Argus et al. (2011),EURASIA,Argus et al. (2011),WESTERN_PELOPONNESE,Vernant et al. (2014),46.0,2.0,33.0,38.0,-999.0,9.0,352.0,43.0,6.0,37.0,184.0,149.0,-32.0,8.0,291.0,104.0,2.0,14.0,323.0,72.0,4.0,35.0,197.0,162.0,34.0,4.0,69.0,34.0,-3.0,10.0,14.0,21.0,10.0,35.0,178.0,143.0,28.0,4.0,61.0,26.0,-4.0,11.0,12.0,23.0,10.0,35.0,178.0,143.0,28.0,25.0,58.0,23.0,-23.0,29.0,42.0,7.0,29.0,30.0,142.0,107.0,9.0,AFRICA,Gripp & Gordon (2002),ANATOLIA,Mac Clusky et al. (2000),AEGEAN_SEA,Mac Clusky et al. (2000),36.0,-999.0,11.0,33.0,-999.0,32.0,-999.0,21.0,30.0,-999.0,-999.0,-999.0,-3.0,42.0,-999.0,11.0,41.0,22.0,269.0,54.0,-13.0,49.0,229.0,14.0,48.0,-999.0,-999.0,-999.0,-999.0,-999.0,-999.0,-999.0,-999.0,-999.0,-999.0,-999.0,-999.0,-999.0,-999.0,-999.0,-999.0,-999.0,-999.0,-999.0,-999.0,-999.0,-999.0,-999.0,-999.0,-999.0,-999.0,-999.0,-999.0,-999.0,-999.0,-999.0,-999.0,-999.0,-999.0,-999.0,-999.0,-999.0,-999.0,-999.0,-999.0,-999.0,-999.0,-999.0,-999.0,13.0,151.0,64.0,6.0,-999.0,124.0,-999.0,6.0,-999.0,298.0,-999.0,45.0,-999.0,179.0,-999.0,12.0,1.0,17.0,16.0,31.0,0.0,11.62,0.0,7.8,0.0,7.8,0.0,15.9994898,7.10884571
MED7,MED6,MED8,MED,7,Aegean,22.0,33.2,20.9,30.7,25.6,40.8,20.0,2.5,467.0,-999.0,125.0,3.0,-999.0,-999.0,5.2,-999.0,-999.0,-999.0,11.5,-999.0,5.0,-999.0,-999.0,-999.0,-999,1,1,E-SS,-999,-999.0,-999.0,-999.0,-999.0,-999.0,-999.0,-999.0,-999.0,-999.0,-999.0,13.0,54.0,-999.0,670.0,154.0,NUBIA,Argus et al. (2011),EURASIA,Argus et al. (2011),AEGEAN_SEA,Vernant et al. (2014),40.0,24.0,4.0,40.0,23.0,9.0,354.0,26.0,8.0,33.0,212.0,168.0,-32.0,8.0,291.0,89.0,0.0,15.0,325.0,55.0,8.0,35.0,225.0,155.0,32.0,4.0,69.0,49.0,-3.0,11.0,15.0,5.0,11.0,29.0,207.0,173.0,29.0,4.0,61.0,41.0,-3.0,11.0,14.0,6.0,11.0,29.0,208.0,172.0,29.0,25.0,59.0,39.0,-19.0,30.0,43.0,23.0,27.0,16.0,165.0,145.0,13.0,AFRICA,Gripp & Gordon (2002),ANATOLIA,Mac Clusky et al. (2000),AEGEAN_SEA,Mac Clusky et al. (2000),32.0,-999.0,1.0,32.0,21.0,26.0,-999.0,21.0,24.0,-999.0,-999.0,-999.0,-8.0,34.0,-999.0,22.0,32.0,21.0,271.0,71.0,-7.0,45.0,229.0,29.0,39.0,-999.0,-999.0,-999.0,-999.0,-999.0,-999.0,-999.0,-999.0,-999.0,-999.0,-999.0,-999.0,-999.0,-999.0,-999.0,-999.0,-999.0,-999.0,-999.0,-999.0,-999.0,-999.0,-999.0,-999.0,-999.0,-999.0,-999.0,-999.0,-999.0,-999.0,-999.0,-999.0,-999.0,-999.0,-999.0,-999.0,-999.0,-999.0,-999.0,-999.0,-999.0,-999.0,-999.0,-999.0,13.0,134.0,66.0,5.0,-999.0,124.0,-999.0,6.0,-999.0,298.0,-999.0,45.0,-999.0,179.0,-999.0,12.0,0.0,17.0,0.0,31.0,0.0,11.62,0.0,7.8,0.0,7.8,0.0,15.0430126,5.85344267
MED8,MED7,MED9,MED,8,Aegean,24.0,33.0,23.4,30.4,26.2,40.9,12.0,2.7,405.0,-999.0,125.0,3.0,-999.0,-999.0,5.5,-999.0,-999.0,-999.0,12.5,-999.0,-999.0,-999.0,5.0,-999.0,-999,1,1,E-SS,-999,-999.0,-999.0,-999.0,-999.0,-999.0,-999.0,277.0,5551.0,153.0,70.0,15.0,48.0,-999.0,670.0,150.0,NUBIA,Argus et al. (2011),EURASIA,Argus et al. (2011),AEGEAN_SEA,Vernant et al. (2014),41.0,25.0,13.0,40.0,23.0,9.0,355.0,17.0,9.0,33.0,213.0,159.0,-31.0,8.0,291.0,81.0,-1.0,15.0,326.0,46.0,10.0,35.0,225.0,147.0,30.0,4.0,68.0,56.0,-2.0,11.0,16.0,4.0,11.0,30.0,208.0,164.0,29.0,4.0,61.0,49.0,-3.0,12.0,14.0,2.0,12.0,29.0,209.0,163.0,28.0,25.0,60.0,48.0,-17.0,30.0,43.0,31.0,26.0,16.0,167.0,155.0,14.0,AFRICA,Gripp & Gordon (2002),ANATOLIA,Mac Clusky et al. (2000),AEGEAN_SEA,Mac Clusky et al. (2000),37.0,-999.0,17.0,35.0,23.0,25.0,-999.0,3.0,25.0,-999.0,-999.0,-999.0,-10.0,35.0,-999.0,39.0,27.0,21.0,272.0,80.0,-4.0,49.0,233.0,41.0,37.0,-999.0,-999.0,-999.0,-999.0,-999.0,-999.0,-999.0,-999.0,-999.0,-999.0,-999.0,-999.0,-999.0,-999.0,-999.0,-999.0,-999.0,-999.0,-999.0,-999.0,-999.0,-999.0,-999.0,-999.0,-999.0,-999.0,-999.0,-999.0,-999.0,-999.0,-999.0,-999.0,-999.0,-999.0,-999.0,-999.0,-999.0,-999.0,-999.0,-999.0,-999.0,-999.0,-999.0,-999.0,11.0,150.0,48.0,7.0,-999.0,124.0,-999.0,6.0,-999.0,298.0,-999.0,45.0,-999.0,179.0,-999.0,12.0,2.0,17.0,34.0,31.0,0.0,11.62,0.0,7.8,0.0,7.8,0.0,14.2395716,4.95665646
MED9,MED8,MED10,MED,9,Aegean,26.0,32.2,26.5,29.5,24.2,40.2,350.0,3.2,494.0,-999.0,125.0,3.0,-999.0,-999.0,6.0,-999.0,-999.0,-999.0,12.5,-999.0,-999.0,-999.0,4.5,-999.0,-999,1,1,E-SS,-999,-999.0,-999.0,-999.0,-999.0,-999.0,-999.0,276.0,4832.0,153.0,70.0,14.0,52.0,-999.0,670.0,154.0,NUBIA,Argus et al. (2011),EURASIA,Argus et al. (2011),AEGEAN_SEA,Vernant et al. (2014),42.0,26.0,36.0,34.0,-999.0,10.0,357.0,7.0,10.0,33.0,214.0,136.0,-24.0,8.0,291.0,59.0,-4.0,15.0,328.0,22.0,14.0,36.0,226.0,124.0,20.0,4.0,67.0,77.0,-1.0,12.0,17.0,27.0,11.0,30.0,209.0,141.0,23.0,4.0,61.0,71.0,-1.0,12.0,16.0,26.0,11.0,30.0,210.0,140.0,23.0,25.0,61.0,71.0,-8.0,30.0,44.0,54.0,18.0,16.0,169.0,179.0,16.0,AFRICA,Gripp & Gordon (2002),ANATOLIA,Mac Clusky et al. (2000),AEGEAN_SEA,Mac Clusky et al. (2000),38.0,-999.0,40.0,29.0,-999.0,21.0,-999.0,22.0,20.0,-999.0,-999.0,-999.0,-10.0,32.0,-999.0,64.0,14.0,21.0,274.0,76.0,5.0,50.0,233.0,63.0,23.0,-999.0,-999.0,-999.0,-999.0,-999.0,-999.0,-999.0,-999.0,-999.0,-999.0,-999.0,-999.0,-999.0,-999.0,-999.0,-999.0,-999.0,-999.0,-999.0,-999.0,-999.0,-999.0,-999.0,-999.0,-999.0,-999.0,-999.0,-999.0,-999.0,-999.0,-999.0,-999.0,-999.0,-999.0,-999.0,-999.0,-999.0,-999.0,-999.0,-999.0,-999.0,-999.0,-999.0,-999.0,12.0,155.0,15.0,12.0,-999.0,124.0,-999.0,6.0,-999.0,298.0,-999.0,45.0,-999.0,179.0,-999.0,12.0,2.0,17.0,34.0,31.0,0.0,11.62,0.0,7.8,0.0,7.8,0.0,14.2395716,4.71008778
NPA1,,NPA2,NPA,1,Japan,142.2,35.0,145.1,33.7,133.0,38.3,297.1,8.1,-999.0,-999.0,-999.0,-999.0,0.2,-999.0,-999.0,-999.0,-999.0,-999.0,0.5,-999.0,1.2,-999.0,-999.0,-999.0,2,-999,1,SS-C,-999,205.0,1233.0,712.0,97.0,905.0,484.0,132.0,5067.0,106.0,48.0,19.0,30.0,500.0,670.0,566.0,PACIFIC,Argus et al. (2011),AMUR,Argus et al. (2011),OKHOTSK,Argus et al. (2011),93.0,291.0,7.0,93.0,44.0,99.0,287.0,10.0,98.0,8.0,247.0,51.0,5.0,1.0,107.0,170.0,1.0,98.0,287.0,10.0,96.0,7.0,241.0,56.0,-4.0,13.0,82.0,145.0,11.0,87.0,291.0,6.0,87.0,6.0,101.0,164.0,6.0,12.0,89.0,152.0,10.0,88.0,290.0,7.0,87.0,5.0,122.0,175.0,5.0,29.0,121.0,176.0,29.0,71.0,282.0,15.0,69.0,25.0,135.0,162.0,24.0,PACIFIC,Gripp & Gordon (2002),AMUR,Heki et al. (1999),HONSHU,Mazzotti et al. (2001),93.0,295.0,1.0,93.0,46.0,101.0,295.0,4.0,101.0,-999.0,-999.0,-999.0,8.0,12.0,286.0,5.0,-12.0,114.0,293.0,4.0,114.0,22.0,286.0,15.0,-21.0,24.0,130.0,5.0,24.0,78.0,286.0,6.0,78.0,14.0,130.0,3.0,14.0,20.0,130.0,2.0,20.0,82.0,286.0,4.0,82.0,10.0,132.0,12.0,10.0,14.0,133.0,16.0,13.0,89.0,291.0,6.0,89.0,4.0,153.0,36.0,3.0,35.0,130.0,13.0,34.0,69.0,286.0,11.0,68.0,25.0,132.0,15.0,24.0,24.0,57.0,16.0,10.0,228.0,210.0,60.0,60.0,208.0,161.0,12.0,18.0,33.0,215.0,498.0,671.0,0.37,746.56,7.8,9.1,6.3,9.1,0.04,51.8750038,18.8645325
NPA10,NPA9,NPA11,NPA,10,Kurils,155.1,47.0,158.1,45.3,144.8,51.5,307.6,7.7,184.0,-999.0,80.0,7.0,-999.0,-999.0,0.3,-999.0,-999.0,-999.0,0.4,-999.0,-999.0,-999.0,0.5,-999.0,-999,1,2,Neutral,-999,106.0,448.0,272.0,36.0,175.0,124.0,114.0,5692.0,98.0,45.0,27.0,45.0,360.0,900.0,640.0,PACIFIC,Argus et al. (2011),OKHOTSK,Argus et al. (2011),-999,-999,87.0,298.0,9.0,86.0,57.0,87.0,298.0,9.0,86.0,0.0,-999.0,-999.0,0.0,6.0,211.0,97.0,1.0,88.0,294.0,14.0,85.0,6.0,211.0,97.0,1.0,8.0,115.0,167.0,8.0,80.0,298.0,9.0,79.0,8.0,115.0,167.0,8.0,7.0,131.0,176.0,7.0,80.0,297.0,11.0,79.0,7.0,131.0,176.0,7.0,25.0,144.0,164.0,24.0,66.0,289.0,19.0,62.0,25.0,144.0,164.0,24.0,PACIFIC,Gripp & Gordon (2002),NORTH_AMERICA,Gripp & Gordon (2002),-999,-999,79.0,304.0,4.0,79.0,55.0,79.0,304.0,4.0,79.0,-999.0,-999.0,-999.0,0.0,23.0,288.0,20.0,-22.0,102.0,300.0,8.0,101.0,23.0,288.0,20.0,-22.0,13.0,160.0,29.0,11.0,69.0,292.0,10.0,68.0,13.0,160.0,29.0,11.0,9.0,160.0,25.0,8.0,72.0,292.0,8.0,71.0,9.0,160.0,25.0,8.0,9.0,213.0,85.0,1.0,80.0,297.0,10.0,79.0,9.0,213.0,85.0,1.0,21.0,160.0,32.0,18.0,64.0,292.0,16.0,61.0,21.0,160.0,32.0,18.0,51.0,52.0,12.0,10.0,136.0,137.0,44.0,51.0,91.0,95.0,21.0,26.0,30.0,84.0,484.0,467.0,0.25,60.05,7.7,8.6,6.4,8.3,0.25,54.3187523,32.6275139
NPA11,NPA10,NPA12,NPA,11,Kurils,157.5,49.0,160.4,47.1,147.5,54.2,313.9,7.4,201.0,-999.0,80.0,7.0,-999.0,-999.0,0.3,-999.0,-999.0,-999.0,0.5,-999.0,0.5,-999.0,-999.0,-999.0,-999,1,2,Neutral,-999,71.0,224.0,181.0,30.0,102.0,94.0,107.0,5177.0,95.0,43.0,25.0,48.0,360.0,850.0,650.0,PACIFIC,Argus et al. (2011),OKHOTSK,Argus et al. (2011),-999,-999,86.0,300.0,14.0,83.0,56.0,86.0,300.0,14.0,83.0,0.0,-999.0,-999.0,0.0,6.0,206.0,108.0,2.0,86.0,295.0,19.0,81.0,6.0,206.0,108.0,2.0,8.0,117.0,163.0,8.0,78.0,300.0,14.0,76.0,8.0,117.0,163.0,8.0,8.0,133.0,179.0,8.0,78.0,298.0,15.0,76.0,8.0,133.0,179.0,8.0,25.0,146.0,168.0,25.0,64.0,290.0,24.0,59.0,25.0,146.0,168.0,25.0,PACIFIC,Gripp & Gordon (2002),NORTH_AMERICA,Gripp & Gordon (2002),-999,-999,78.0,305.0,9.0,77.0,56.0,78.0,305.0,9.0,77.0,-999.0,-999.0,-999.0,0.0,21.0,288.0,26.0,-19.0,99.0,302.0,12.0,97.0,21.0,288.0,26.0,-19.0,14.0,160.0,20.0,13.0,67.0,294.0,14.0,65.0,14.0,160.0,20.0,13.0,10.0,160.0,16.0,9.0,70.0,294.0,11.0,69.0,10.0,160.0,16.0,9.0,9.0,203.0,69.0,3.0,77.0,299.0,15.0,75.0,9.0,203.0,69.0,3.0,22.0,160.0,26.0,20.0,62.0,294.0,20.0,58.0,22.0,160.0,26.0,20.0,52.0,60.0,11.0,11.0,140.0,158.0,61.0,61.0,101.0,110.0,30.0,27.0,21.0,102.0,354.0,348.0,0.32,500.3,7.8,9.1,6.5,9.0,0.95,51.8750038,38.2748795
NPA12,NPA11,NPA13,NPA,12,Kamchatka,160.2,51.0,163.6,49.4,148.5,55.0,304.1,6.8,221.0,-999.0,80.0,7.0,-999.0,-999.0,0.3,-999.0,-999.0,-999.0,0.6,-999.0,-999.0,-999.0,0.5,-999.0,-999,1,2,Undefined,-999,88.0,404.0,234.0,26.0,119.0,104.0,105.0,5101.0,94.0,43.0,23.0,50.0,360.0,850.0,560.0,PACIFIC,Argus et al. (2011),OKHOTSK,Argus et al. (2011),-999,-999,84.0,302.0,3.0,84.0,58.0,84.0,302.0,3.0,84.0,-999.0,-999.0,-999.0,-999.0,7.0,202.0,102.0,1.0,83.0,297.0,7.0,82.0,7.0,202.0,102.0,1.0,8.0,119.0,175.0,8.0,76.0,302.0,2.0,76.0,8.0,119.0,175.0,8.0,8.0,135.0,169.0,8.0,76.0,300.0,4.0,76.0,8.0,135.0,169.0,8.0,25.0,148.0,156.0,23.0,63.0,291.0,13.0,61.0,25.0,148.0,156.0,23.0,PACIFIC,Gripp & Gordon (2002),NORTH_AMERICA,Gripp & Gordon (2002),-999,-999,77.0,307.0,3.0,77.0,57.0,77.0,307.0,3.0,77.0,-999.0,-999.0,-999.0,0.0,20.0,288.0,16.0,-19.0,96.0,303.0,1.0,96.0,20.0,288.0,16.0,-19.0,14.0,163.0,33.0,12.0,65.0,295.0,3.0,65.0,14.0,163.0,33.0,12.0,10.0,163.0,30.0,9.0,68.0,295.0,1.0,68.0,10.0,163.0,30.0,9.0,9.0,206.0,82.0,1.0,76.0,300.0,4.0,75.0,9.0,206.0,82.0,1.0,22.0,163.0,39.0,17.0,61.0,295.0,10.0,60.0,22.0,163.0,39.0,17.0,74.0,60.0,8.0,11.0,166.0,158.0,51.0,61.0,102.0,110.0,25.0,27.0,28.0,102.0,451.0,348.0,1.1,500.3,8.1,9.1,7.0,9.0,1.1,49.6333351,42.7047005
NPA13,NPA12,NPA14,NPA,13,Kamchatka,162.3,53.0,166.1,51.6,149.6,56.4,300.0,7.6,240.0,-999.0,92.0,5.0,0.7,-999.0,-999.0,-999.0,0.6,-999.0,-999.0,-999.0,-999.0,-999.0,-999.0,-999.0,-999,1,2,Undefined,-999,87.0,516.0,632.0,31.0,123.0,304.0,102.0,5248.0,93.0,42.0,24.0,58.0,360.0,670.0,652.0,PACIFIC,Argus et al. (2011),OKHOTSK,Argus et al. (2011),-999,-999,82.0,303.0,3.0,82.0,59.0,82.0,303.0,3.0,82.0,-999.0,-999.0,-999.0,-999.0,7.0,198.0,102.0,1.0,81.0,298.0,2.0,81.0,7.0,198.0,102.0,1.0,8.0,121.0,179.0,8.0,74.0,303.0,3.0,74.0,8.0,121.0,179.0,8.0,8.0,136.0,164.0,8.0,74.0,302.0,2.0,74.0,8.0,136.0,164.0,8.0,25.0,150.0,150.0,21.0,61.0,293.0,7.0,61.0,25.0,150.0,150.0,21.0,PACIFIC,Gripp & Gordon (2002),NORTH_AMERICA,Gripp & Gordon (2002),-999,-999,76.0,309.0,9.0,75.0,58.0,76.0,309.0,9.0,75.0,-999.0,-999.0,-999.0,0.0,18.0,289.0,11.0,-18.0,93.0,305.0,5.0,93.0,18.0,289.0,11.0,-18.0,15.0,163.0,36.0,12.0,63.0,296.0,3.0,63.0,15.0,163.0,36.0,12.0,11.0,163.0,32.0,9.0,66.0,296.0,5.0,66.0,11.0,163.0,32.0,9.0,9.0,196.0,76.0,2.0,73.0,302.0,2.0,73.0,9.0,196.0,76.0,2.0,22.0,163.0,43.0,16.0,59.0,296.0,4.0,59.0,22.0,163.0,43.0,16.0,69.0,60.0,15.0,11.0,162.0,158.0,62.0,61.0,104.0,110.0,27.0,27.0,28.0,102.0,442.0,348.0,0.62,500.3,7.9,9.1,6.8,9.0,1.0,49.6333351,-999.0
NPA14,NPA13,NPA15,NPA,14,Kamchatka,163.4,54.3,167.5,53.1,150.3,57.9,300.0,5.9,220.0,-999.0,92.0,5.0,2.0,-999.0,-999.0,-999.0,2.0,-999.0,-999.0,-999.0,-999.0,-999.0,-999.0,-999.0,-999,1,2,Undefined,-999,110.0,530.0,802.0,63.0,257.0,303.0,99.0,5221.0,92.0,42.0,27.0,58.0,340.0,400.0,312.0,PACIFIC,Argus et al. (2011),OKHOTSK,Argus et al. (2011),-999,-999,81.0,304.0,4.0,81.0,62.0,81.0,304.0,4.0,81.0,-999.0,-999.0,-999.0,-999.0,7.0,195.0,105.0,2.0,79.0,300.0,0.0,79.0,7.0,195.0,105.0,2.0,9.0,122.0,178.0,9.0,72.0,305.0,5.0,72.0,9.0,122.0,178.0,9.0,8.0,137.0,163.0,8.0,73.0,303.0,3.0,73.0,8.0,137.0,163.0,8.0,24.0,151.0,149.0,21.0,60.0,294.0,6.0,60.0,24.0,151.0,149.0,21.0,PACIFIC,Gripp & Gordon (2002),NORTH_AMERICA,Gripp & Gordon (2002),-999,-999,75.0,310.0,10.0,74.0,59.0,75.0,310.0,10.0,74.0,-999.0,-999.0,-999.0,0.0,17.0,289.0,11.0,-17.0,91.0,306.0,6.0,91.0,17.0,289.0,11.0,-17.0,15.0,165.0,37.0,12.0,62.0,297.0,4.0,62.0,15.0,165.0,37.0,12.0,12.0,165.0,31.0,10.0,64.0,297.0,6.0,64.0,12.0,165.0,31.0,10.0,9.0,196.0,76.0,2.0,72.0,303.0,3.0,71.0,9.0,196.0,76.0,2.0,22.0,165.0,45.0,16.0,58.0,297.0,3.0,58.0,22.0,165.0,45.0,16.0,51.0,60.0,6.0,11.0,135.0,158.0,46.0,61.0,92.0,110.0,25.0,27.0,17.0,102.0,269.0,348.0,5.5,500.3,8.6,9.1,7.8,9.0,0.4,33.3849945,-999.0
NPA15,NPA14,NPA16,NPA,15,Aleutians,165.0,54.9,162.8,52.5,173.5,61.7,30.0,6.0,-999.0,-999.0,-999.0,-999.0,-999.0,-999.0,1.0,-999.0,-999.0,-999.0,1.0,-999.0,-999.0,-999.0,-999.0,-999.0,-999,-999,2,SS-C,-999,110.0,590.0,923.0,63.0,247.0,238.0,99.0,-999.0,92.0,42.0,8.0,-999.0,-999.0,-999.0,-999.0,PACIFIC,Argus et al. (2011),NORTH_AMERICA,Argus et al. (2011),DEF_KOMANDORSKY_FOREARC,Cross and Freymueller (2008),28.0,289.0,101.0,-5.0,-999.0,76.0,307.0,83.0,9.0,50.0,317.0,73.0,15.0,9.0,225.0,165.0,9.0,78.0,300.0,90.0,0.0,50.0,306.0,84.0,-6.0,5.0,150.0,120.0,3.0,72.0,305.0,85.0,7.0,45.0,316.0,74.0,-12.0,6.0,172.0,142.0,5.0,72.0,304.0,86.0,5.0,45.0,313.0,77.0,-10.0,22.0,162.0,132.0,15.0,60.0,295.0,95.0,-6.0,31.0,299.0,91.0,0.0,PACIFIC,Gripp & Gordon (2002),NORTH_AMERICA,Gripp & Gordon (2002),-999,-999,75.0,311.0,79.0,14.0,-999.0,75.0,311.0,79.0,14.0,-999.0,-999.0,-999.0,0.0,-999.0,-999.0,-999.0,-999.0,-999.0,-999.0,-999.0,-999.0,-999.0,-999.0,-999.0,-999.0,-999.0,-999.0,-999.0,-999.0,-999.0,-999.0,-999.0,-999.0,-999.0,-999.0,-999.0,-999.0,-999.0,-999.0,-999.0,-999.0,-999.0,-999.0,-999.0,-999.0,-999.0,-999.0,-999.0,-999.0,-999.0,-999.0,-999.0,-999.0,-999.0,-999.0,-999.0,-999.0,-999.0,-999.0,-999.0,-999.0,-999.0,-999.0,-999.0,-999.0,-999.0,-999.0,-999.0,-999.0,-999.0,-999.0,-999.0,-999.0,-999.0,-999.0,-999.0,-999.0,-999.0,-999.0,-999.0,-999.0,-999.0,-999.0,-999.0,-999.0,-999.0,5.0,-999.0,27.0,-999.0,9.57,-999.0,8.0,-999.0,7.8,0.0,42.4649963,-999.0
NPA16,NPA15,NPA17,NPA,16,Aleutians,167.0,53.8,164.9,51.4,175.0,60.7,29.0,6.5,-999.0,-999.0,-999.0,-999.0,-999.0,-999.0,0.5,-999.0,-999.0,-999.0,2.0,-999.0,-999.0,-999.0,-999.0,-999.0,-999,-999,2,SS-C,-999,108.0,571.0,652.0,56.0,227.0,315.0,102.0,-999.0,93.0,42.0,8.0,-999.0,-999.0,-999.0,-999.0,PACIFIC,Argus et al. (2011),NORTH_AMERICA,Argus et al. (2011),DEF_KOMANDORSKY_FOREARC,Cross and Freymueller (2008),32.0,304.0,85.0,3.0,-999.0,76.0,308.0,81.0,12.0,44.0,311.0,78.0,9.0,10.0,226.0,163.0,10.0,78.0,301.0,88.0,2.0,46.0,298.0,91.0,0.0,5.0,157.0,128.0,3.0,72.0,306.0,83.0,9.0,39.0,308.0,81.0,-6.0,6.0,177.0,148.0,5.0,72.0,304.0,85.0,7.0,40.0,305.0,84.0,-4.0,22.0,164.0,135.0,16.0,60.0,295.0,94.0,-4.0,28.0,285.0,104.0,7.0,PACIFIC,Gripp & Gordon (2002),NORTH_AMERICA,Gripp & Gordon (2002),-999,-999,75.0,312.0,77.0,17.0,-999.0,75.0,312.0,77.0,17.0,-999.0,-999.0,-999.0,0.0,-999.0,-999.0,-999.0,-999.0,-999.0,-999.0,-999.0,-999.0,-999.0,-999.0,-999.0,-999.0,-999.0,-999.0,-999.0,-999.0,-999.0,-999.0,-999.0,-999.0,-999.0,-999.0,-999.0,-999.0,-999.0,-999.0,-999.0,-999.0,-999.0,-999.0,-999.0,-999.0,-999.0,-999.0,-999.0,-999.0,-999.0,-999.0,-999.0,-999.0,-999.0,-999.0,-999.0,-999.0,-999.0,-999.0,-999.0,-999.0,-999.0,-999.0,-999.0,-999.0,-999.0,-999.0,-999.0,-999.0,-999.0,-999.0,-999.0,-999.0,-999.0,-999.0,-999.0,-999.0,-999.0,-999.0,-999.0,-999.0,-999.0,-999.0,-999.0,-999.0,-999.0,5.0,-999.0,27.0,-999.0,9.57,-999.0,8.0,-999.0,7.8,0.0,33.3849945,-999.0
NPA17,NPA16,NPA18,NPA,17,Aleutians,169.0,52.9,167.0,50.5,176.6,59.8,28.0,6.4,-999.0,-999.0,-999.0,-999.0,-999.0,-999.0,0.3,-999.0,-999.0,-999.0,2.0,-999.0,-999.0,-999.0,-999.0,-999.0,-999,-999,2,SS,-999,183.0,891.0,778.0,77.0,505.0,435.0,99.0,-999.0,92.0,42.0,11.0,-999.0,-999.0,-999.0,-999.0,PACIFIC,Argus et al. (2011),NORTH_AMERICA,Argus et al. (2011),DEF_KOMANDORSKY_FOREARC,Cross and Freymueller (2008),38.0,312.0,76.0,9.0,-999.0,76.0,309.0,79.0,14.0,38.0,306.0,82.0,5.0,11.0,227.0,161.0,10.0,79.0,301.0,87.0,4.0,41.0,291.0,97.0,5.0,6.0,163.0,135.0,4.0,72.0,306.0,82.0,10.0,34.0,300.0,88.0,-1.0,7.0,181.0,153.0,6.0,72.0,305.0,83.0,8.0,35.0,297.0,91.0,1.0,22.0,166.0,138.0,17.0,60.0,296.0,92.0,-2.0,26.0,271.0,117.0,11.0,PACIFIC,Gripp & Gordon (2002),NORTH_AMERICA,Gripp & Gordon (2002),-999,-999,75.0,313.0,75.0,19.0,-999.0,75.0,313.0,75.0,19.0,-999.0,-999.0,-999.0,0.0,-999.0,-999.0,-999.0,-999.0,-999.0,-999.0,-999.0,-999.0,-999.0,-999.0,-999.0,-999.0,-999.0,-999.0,-999.0,-999.0,-999.0,-999.0,-999.0,-999.0,-999.0,-999.0,-999.0,-999.0,-999.0,-999.0,-999.0,-999.0,-999.0,-999.0,-999.0,-999.0,-999.0,-999.0,-999.0,-999.0,-999.0,-999.0,-999.0,-999.0,-999.0,-999.0,-999.0,-999.0,-999.0,-999.0,-999.0,-999.0,-999.0,-999.0,-999.0,-999.0,-999.0,-999.0,-999.0,-999.0,-999.0,-999.0,-999.0,-999.0,-999.0,-999.0,-999.0,-999.0,-999.0,-999.0,-999.0,-999.0,-999.0,-999.0,-999.0,-999.0,-999.0,5.0,-999.0,27.0,-999.0,9.57,-999.0,8.0,-999.0,7.8,0.1,33.3849945,-999.0
NPA18,NPA17,NPA19,NPA,18,Aleutians,171.0,52.1,169.0,49.7,178.4,59.0,28.0,6.4,-999.0,-999.0,-999.0,-999.0,-999.0,-999.0,0.3,-999.0,-999.0,-999.0,2.0,-999.0,-999.0,-999.0,-999.0,-999.0,-999,-999,2,SS,-999,205.0,986.0,778.0,57.0,485.0,305.0,102.0,-999.0,93.0,42.0,26.0,-999.0,-999.0,-999.0,-999.0,PACIFIC,Argus et al. (2011),NORTH_AMERICA,Argus et al. (2011),DEF_KOMANDORSKY_FOREARC,Cross and Freymueller (2008),45.0,317.0,71.0,14.0,-999.0,76.0,310.0,78.0,16.0,32.0,300.0,88.0,1.0,12.0,228.0,160.0,11.0,79.0,301.0,87.0,5.0,37.0,283.0,105.0,10.0,6.0,169.0,141.0,5.0,72.0,307.0,81.0,11.0,28.0,291.0,97.0,3.0,7.0,185.0,157.0,7.0,72.0,305.0,83.0,9.0,30.0,287.0,101.0,5.0,22.0,168.0,140.0,17.0,60.0,296.0,92.0,-2.0,24.0,256.0,132.0,16.0,PACIFIC,Gripp & Gordon (2002),NORTH_AMERICA,Gripp & Gordon (2002),-999,-999,74.0,314.0,74.0,20.0,-999.0,74.0,314.0,74.0,20.0,-999.0,-999.0,-999.0,0.0,-999.0,-999.0,-999.0,-999.0,-999.0,-999.0,-999.0,-999.0,-999.0,-999.0,-999.0,-999.0,-999.0,-999.0,-999.0,-999.0,-999.0,-999.0,-999.0,-999.0,-999.0,-999.0,-999.0,-999.0,-999.0,-999.0,-999.0,-999.0,-999.0,-999.0,-999.0,-999.0,-999.0,-999.0,-999.0,-999.0,-999.0,-999.0,-999.0,-999.0,-999.0,-999.0,-999.0,-999.0,-999.0,-999.0,-999.0,-999.0,-999.0,-999.0,-999.0,-999.0,-999.0,-999.0,-999.0,-999.0,-999.0,-999.0,-999.0,-999.0,-999.0,52.0,-999.0,11.0,-999.0,114.0,-999.0,48.0,-999.0,72.0,-999.0,31.0,-999.0,93.0,-999.0,331.0,-999.0,178.5,-999.0,8.8,-999.0,8.7,0.89,33.3849945,-999.0
NPA19,NPA18,NPA20,NPA,19,Aleutians,173.0,51.6,171.1,49.2,180.3,58.6,27.9,7.0,-999.0,-999.0,-999.0,-999.0,-999.0,-999.0,0.3,-999.0,-999.0,-999.0,2.0,-999.0,-999.0,-999.0,-999.0,-999.0,-999,-999,2,SS,-999,216.0,789.0,662.0,78.0,323.0,311.0,73.0,-999.0,79.0,36.0,30.0,-999.0,210.0,300.0,281.0,PACIFIC,Argus et al. (2011),NORTH_AMERICA,Argus et al. (2011),DEF_KOMANDORSKY_FOREARC,Cross and Freymueller (2008),49.0,321.0,67.0,19.0,-999.0,76.0,311.0,77.0,17.0,29.0,293.0,95.0,-3.0,12.0,228.0,160.0,11.0,78.0,302.0,86.0,5.0,36.0,275.0,113.0,14.0,6.0,172.0,144.0,5.0,71.0,308.0,80.0,12.0,26.0,281.0,107.0,8.0,8.0,188.0,160.0,7.0,72.0,306.0,82.0,10.0,28.0,278.0,110.0,10.0,23.0,170.0,142.0,18.0,60.0,297.0,91.0,-1.0,25.0,244.0,143.0,20.0,PACIFIC,Gripp & Gordon (2002),NORTH_AMERICA,Gripp & Gordon (2002),-999,-999,74.0,315.0,73.0,21.0,15.0,74.0,315.0,73.0,21.0,-999.0,-999.0,-999.0,0.0,18.0,283.0,75.0,5.0,90.0,309.0,79.0,17.0,18.0,283.0,75.0,5.0,16.0,173.0,40.0,13.0,61.0,301.0,81.0,9.0,16.0,173.0,40.0,13.0,13.0,173.0,40.0,10.0,64.0,301.0,79.0,12.0,13.0,173.0,40.0,10.0,12.0,203.0,4.0,12.0,71.0,306.0,82.0,10.0,12.0,203.0,4.0,12.0,23.0,173.0,35.0,19.0,58.0,301.0,87.0,3.0,23.0,173.0,35.0,19.0,-999.0,52.0,-999.0,11.0,-999.0,114.0,-999.0,48.0,-999.0,72.0,-999.0,31.0,7.0,93.0,141.0,331.0,0.0,178.5,0.0,8.8,0.0,8.7,0.89,33.3849945,-999.0
NPA2,NPA1,NPA3,NPA,2,Japan,143.5,37.0,146.4,35.7,134.2,40.6,298.9,7.6,314.0,-999.0,104.0,9.0,0.3,-999.0,-999.0,-999.0,0.4,-999.0,-999.0,-999.0,1.5,-999.0,-999.0,-999.0,2,-999,1,SS-C,-999,187.0,1300.0,711.0,112.0,960.0,544.0,134.0,4696.0,107.0,49.0,17.0,28.0,560.0,670.0,582.0,PACIFIC,Argus et al. (2011),AMUR,Argus et al. (2011),OKHOTSK,Argus et al. (2011),93.0,291.0,8.0,92.0,42.0,98.0,288.0,11.0,96.0,7.0,243.0,56.0,4.0,1.0,107.0,168.0,1.0,97.0,288.0,11.0,95.0,7.0,237.0,62.0,-3.0,13.0,81.0,142.0,10.0,87.0,292.0,7.0,86.0,6.0,102.0,163.0,6.0,11.0,89.0,150.0,10.0,87.0,291.0,8.0,86.0,6.0,123.0,176.0,6.0,28.0,122.0,177.0,28.0,70.0,283.0,16.0,68.0,25.0,136.0,163.0,24.0,PACIFIC,Gripp & Gordon (2002),AMUR,Heki et al. (1999),HONSHU,Mazzotti et al. (2001),92.0,296.0,2.0,92.0,44.0,101.0,296.0,5.0,101.0,-999.0,-999.0,-999.0,9.0,12.0,287.0,7.0,-12.0,112.0,294.0,5.0,112.0,21.0,287.0,18.0,-20.0,24.0,131.0,5.0,24.0,76.0,287.0,7.0,76.0,15.0,131.0,3.0,15.0,20.0,131.0,2.0,20.0,80.0,287.0,5.0,80.0,11.0,134.0,10.0,11.0,13.0,135.0,16.0,13.0,88.0,292.0,7.0,87.0,4.0,155.0,36.0,4.0,34.0,131.0,12.0,33.0,68.0,287.0,12.0,67.0,25.0,134.0,15.0,24.0,57.0,57.0,9.0,10.0,200.0,210.0,54.0,60.0,150.0,161.0,17.0,18.0,41.0,215.0,620.0,671.0,5.3,746.56,8.5,9.1,7.6,9.1,1.65,54.3187523,14.2091713
NPA20,NPA19,NPA21,NPA,20,Aleutians,175.0,51.1,173.9,48.5,179.3,58.8,16.2,7.3,152.0,-999.0,-999.0,-999.0,-999.0,-999.0,0.3,-999.0,-999.0,-999.0,2.0,-999.0,-999.0,-999.0,-999.0,-999.0,-999,-999,2,SS,-999,209.0,858.0,536.0,69.0,593.0,389.0,49.0,-999.0,64.0,29.0,33.0,-999.0,220.0,300.0,281.0,PACIFIC,Argus et al. (2011),NORTH_AMERICA,Argus et al. (2011),DEF_KOMANDORSKY_FOREARC,Cross and Freymueller (2008),53.0,324.0,52.0,33.0,-999.0,76.0,312.0,64.0,33.0,26.0,286.0,90.0,0.0,13.0,228.0,148.0,11.0,78.0,302.0,74.0,22.0,35.0,268.0,109.0,11.0,7.0,176.0,160.0,6.0,71.0,308.0,68.0,26.0,25.0,271.0,105.0,6.0,8.0,190.0,174.0,8.0,72.0,306.0,70.0,25.0,26.0,269.0,108.0,8.0,23.0,172.0,156.0,21.0,60.0,298.0,78.0,12.0,27.0,235.0,141.0,21.0,PACIFIC,Gripp & Gordon (2002),NORTH_AMERICA,Gripp & Gordon (2002),-999,-999,73.0,316.0,61.0,36.0,24.0,73.0,316.0,61.0,36.0,-999.0,-999.0,-999.0,0.0,18.0,281.0,85.0,2.0,89.0,309.0,67.0,35.0,18.0,281.0,85.0,2.0,16.0,175.0,25.0,15.0,61.0,301.0,69.0,21.0,16.0,175.0,25.0,15.0,13.0,175.0,27.0,12.0,63.0,301.0,67.0,24.0,13.0,175.0,27.0,12.0,12.0,206.0,10.0,12.0,70.0,306.0,70.0,24.0,12.0,206.0,10.0,12.0,23.0,175.0,22.0,21.0,58.0,301.0,75.0,15.0,23.0,175.0,22.0,21.0,-999.0,52.0,-999.0,11.0,-999.0,114.0,-999.0,48.0,-999.0,72.0,-999.0,31.0,9.0,93.0,196.0,331.0,0.0,178.5,0.0,8.8,0.0,8.7,1.15,33.3849945,-999.0
NPA21,NPA20,NPA22,NPA,21,Aleutians,177.0,50.8,175.5,48.3,182.5,58.2,20.9,7.3,158.0,-999.0,100.0,8.0,-999.0,-999.0,0.3,-999.0,-999.0,-999.0,1.5,-999.0,-999.0,-999.0,-999.0,-999.0,-999,-999,2,SS-E,-999,223.0,836.0,429.0,55.0,624.0,356.0,51.0,1160.0,65.0,30.0,32.0,58.0,240.0,350.0,187.0,PACIFIC,Argus et al. (2011),NORTH_AMERICA,Argus et al. (2011),DEF_KOMANDORSKY_FOREARC,Cross and Freymueller (2008),58.0,326.0,55.0,33.0,24.0,75.0,313.0,68.0,28.0,23.0,279.0,102.0,-5.0,13.0,228.0,153.0,12.0,78.0,303.0,78.0,16.0,33.0,261.0,120.0,17.0,7.0,178.0,157.0,6.0,70.0,309.0,72.0,22.0,23.0,261.0,119.0,11.0,8.0,192.0,171.0,8.0,71.0,307.0,74.0,20.0,25.0,259.0,122.0,13.0,23.0,173.0,153.0,20.0,60.0,298.0,82.0,8.0,28.0,227.0,154.0,25.0,PACIFIC,Gripp & Gordon (2002),NORTH_AMERICA,Gripp & Gordon (2002),-999,-999,73.0,317.0,64.0,32.0,24.0,73.0,317.0,64.0,32.0,-999.0,-999.0,-999.0,0.0,18.0,280.0,79.0,-3.0,88.0,310.0,71.0,29.0,18.0,280.0,79.0,-3.0,17.0,175.0,28.0,15.0,60.0,302.0,73.0,17.0,17.0,175.0,28.0,15.0,14.0,175.0,30.0,12.0,62.0,302.0,71.0,20.0,14.0,175.0,30.0,12.0,13.0,204.0,3.0,13.0,69.0,307.0,74.0,20.0,13.0,204.0,3.0,13.0,23.0,175.0,26.0,21.0,56.0,302.0,78.0,11.0,23.0,175.0,26.0,21.0,50.0,52.0,12.0,11.0,85.0,114.0,37.0,48.0,43.0,72.0,35.0,31.0,15.0,93.0,315.0,331.0,1.2,178.5,8.2,8.8,7.0,8.7,1.28,36.9633293,-999.0
NPA22,NPA21,NPA23,NPA,22,Aleutians,179.0,50.4,178.2,47.8,182.2,58.3,11.6,7.3,177.0,-999.0,100.0,8.0,-999.0,-999.0,0.3,-999.0,-999.0,-999.0,1.5,-999.0,-999.0,-999.0,-999.0,-999.0,2,-999,2,SS-E,-999,203.0,561.0,260.0,42.0,341.0,166.0,53.0,1574.0,67.0,31.0,31.0,60.0,270.0,400.0,279.0,PACIFIC,Argus et al. (2011),NORTH_AMERICA,Argus et al. (2011),DEF_KOMANDORSKY_FOREARC,Cross and Freymueller (2008),61.0,326.0,45.0,43.0,32.0,75.0,314.0,58.0,40.0,20.0,272.0,100.0,-3.0,14.0,228.0,144.0,11.0,77.0,303.0,68.0,29.0,32.0,254.0,117.0,15.0,7.0,181.0,169.0,7.0,70.0,309.0,62.0,33.0,21.0,252.0,120.0,11.0,9.0,193.0,178.0,9.0,71.0,308.0,64.0,31.0,23.0,250.0,121.0,12.0,23.0,175.0,163.0,22.0,60.0,299.0,72.0,18.0,29.0,219.0,152.0,25.0,PACIFIC,Gripp & Gordon (2002),NORTH_AMERICA,Gripp & Gordon (2002),-999,-999,72.0,317.0,54.0,42.0,32.0,72.0,317.0,54.0,42.0,-999.0,-999.0,-999.0,0.0,18.0,279.0,87.0,-1.0,88.0,310.0,62.0,42.0,18.0,279.0,87.0,-1.0,17.0,177.0,17.0,17.0,60.0,302.0,64.0,26.0,17.0,177.0,17.0,17.0,14.0,177.0,19.0,14.0,62.0,302.0,62.0,29.0,14.0,177.0,19.0,14.0,13.0,208.0,16.0,13.0,70.0,307.0,65.0,30.0,13.0,208.0,16.0,13.0,23.0,177.0,14.0,22.0,57.0,302.0,69.0,20.0,23.0,177.0,14.0,22.0,66.0,52.0,11.0,11.0,114.0,114.0,48.0,48.0,60.0,72.0,37.0,31.0,41.0,93.0,904.0,331.0,6.8,178.5,8.7,8.8,7.8,8.7,1.05,36.9633293,-999.0
NPA23,NPA22,NPA24,NPA,23,Aleutians,181.0,50.3,181.6,47.6,178.6,58.3,350.9,7.2,174.0,-999.0,-999.0,-999.0,-999.0,-999.0,0.3,-999.0,-999.0,-999.0,2.0,-999.0,-999.0,-999.0,-999.0,-999.0,2,-999,2,SS-C,-999,176.0,344.0,186.0,38.0,92.0,100.0,53.0,2175.0,67.0,31.0,30.0,63.0,270.0,475.0,279.0,PACIFIC,Argus et al. (2011),NORTH_AMERICA,Argus et al. (2011),DEF_KOMANDORSKY_FOREARC,Cross and Freymueller (2008),65.0,326.0,24.0,59.0,44.0,74.0,315.0,36.0,60.0,17.0,265.0,74.0,5.0,14.0,228.0,123.0,8.0,76.0,304.0,47.0,52.0,30.0,248.0,103.0,7.0,8.0,183.0,168.0,8.0,69.0,310.0,41.0,52.0,20.0,242.0,109.0,6.0,9.0,194.0,156.0,8.0,70.0,308.0,43.0,52.0,22.0,242.0,109.0,7.0,23.0,177.0,174.0,23.0,59.0,300.0,51.0,37.0,29.0,213.0,138.0,22.0,PACIFIC,Gripp & Gordon (2002),NORTH_AMERICA,Gripp & Gordon (2002),-999,-999,72.0,319.0,45.0,51.0,40.0,72.0,319.0,45.0,51.0,-999.0,-999.0,-999.0,0.0,18.0,278.0,85.0,-2.0,87.0,311.0,52.0,54.0,18.0,278.0,85.0,-2.0,17.0,179.0,6.0,17.0,60.0,304.0,42.0,45.0,17.0,179.0,6.0,17.0,15.0,179.0,2.0,15.0,61.0,304.0,40.0,47.0,15.0,179.0,2.0,15.0,13.0,210.0,39.0,10.0,69.0,308.0,42.0,51.0,13.0,210.0,39.0,10.0,23.0,179.0,8.0,22.0,57.0,304.0,47.0,39.0,23.0,179.0,8.0,22.0,88.0,82.0,10.0,14.0,129.0,143.0,49.0,56.0,56.0,75.0,44.0,35.0,42.0,125.0,932.0,698.0,1.3,129.8,8.2,8.8,6.9,8.6,0.49,33.3849945,-999.0
NPA24,NPA23,NPA25,NPA,24,Aleutians,183.0,50.4,183.7,47.7,180.3,58.3,350.2,7.4,166.0,-999.0,80.0,8.0,-999.0,-999.0,0.3,-999.0,-999.0,-999.0,2.0,-999.0,-999.0,-999.0,1.2,-999.0,2,-999,2,E-SS,-999,178.0,381.0,214.0,48.0,164.0,112.0,55.0,2507.0,68.0,31.0,27.0,68.0,270.0,550.0,261.0,PACIFIC,Argus et al. (2011),NORTH_AMERICA,Argus et al. (2011),PENINSULA,Elliot and Freymueller (2020),76.0,321.0,30.0,66.0,48.0,74.0,316.0,34.0,61.0,7.0,206.0,144.0,-5.0,15.0,227.0,123.0,8.0,76.0,305.0,46.0,53.0,21.0,221.0,129.0,13.0,8.0,184.0,166.0,8.0,68.0,311.0,39.0,53.0,14.0,194.0,156.0,13.0,10.0,195.0,155.0,9.0,69.0,309.0,41.0,52.0,16.0,200.0,150.0,14.0,23.0,178.0,172.0,23.0,59.0,301.0,50.0,38.0,29.0,184.0,166.0,28.0,PACIFIC,Gripp & Gordon (2002),NORTH_AMERICA,Gripp & Gordon (2002),-999,-999,71.0,320.0,31.0,61.0,47.0,71.0,320.0,31.0,61.0,-999.0,-999.0,-999.0,0.0,18.0,277.0,74.0,-5.0,85.0,311.0,40.0,65.0,18.0,277.0,74.0,-5.0,18.0,180.0,8.0,17.0,58.0,303.0,42.0,43.0,18.0,180.0,8.0,17.0,15.0,180.0,7.0,14.0,60.0,303.0,40.0,46.0,15.0,180.0,7.0,14.0,14.0,208.0,38.0,11.0,67.0,308.0,42.0,50.0,14.0,208.0,38.0,11.0,23.0,180.0,10.0,23.0,55.0,303.0,47.0,38.0,23.0,180.0,10.0,23.0,88.0,82.0,15.0,14.0,145.0,143.0,60.0,56.0,72.0,75.0,38.0,35.0,32.0,125.0,709.0,698.0,9.6,129.8,8.8,8.8,7.9,8.6,0.48,33.3849945,22.4562149
NPA25,NPA24,NPA26,NPA,25,Aleutians,185.0,50.5,185.6,47.8,182.9,58.5,352.0,7.2,179.0,-999.0,80.0,8.0,0.3,-999.0,-999.0,-999.0,1.2,-999.0,-999.0,-999.0,1.1,-999.0,-999.0,-999.0,-999,2,2,E-SS,-999,176.0,416.0,205.0,49.0,248.0,142.0,56.0,2434.0,69.0,31.0,26.0,64.0,280.0,550.0,237.0,PACIFIC,Argus et al. (2011),NORTH_AMERICA,Argus et al. (2011),PENINSULA,Elliot and Freymueller (2020),75.0,322.0,30.0,65.0,47.0,73.0,317.0,35.0,60.0,6.0,210.0,142.0,-5.0,15.0,227.0,125.0,9.0,75.0,305.0,47.0,51.0,21.0,222.0,130.0,14.0,9.0,185.0,167.0,8.0,67.0,312.0,40.0,51.0,14.0,195.0,157.0,13.0,10.0,196.0,156.0,9.0,68.0,310.0,42.0,51.0,16.0,201.0,151.0,14.0,23.0,180.0,172.0,23.0,58.0,301.0,51.0,37.0,29.0,186.0,166.0,28.0,PACIFIC,Gripp & Gordon (2002),NORTH_AMERICA,Gripp & Gordon (2002),-999,-999,70.0,321.0,30.0,61.0,47.0,70.0,321.0,30.0,61.0,-999.0,-999.0,-999.0,0.0,18.0,275.0,75.0,-5.0,84.0,312.0,38.0,66.0,18.0,275.0,75.0,-5.0,18.0,183.0,10.0,18.0,58.0,304.0,43.0,43.0,18.0,183.0,10.0,18.0,15.0,183.0,7.0,15.0,59.0,304.0,40.0,45.0,15.0,183.0,7.0,15.0,15.0,210.0,38.0,11.0,67.0,309.0,43.0,49.0,15.0,210.0,38.0,11.0,23.0,183.0,11.0,23.0,55.0,304.0,48.0,37.0,23.0,183.0,11.0,23.0,94.0,82.0,14.0,14.0,157.0,143.0,56.0,56.0,76.0,75.0,34.0,35.0,37.0,125.0,824.0,698.0,11.0,129.8,8.9,8.8,7.9,8.6,0.37,39.9333267,33.4273834
NPA26,NPA25,NPA27,NPA,26,Aleutians,187.0,50.8,187.5,48.2,185.1,58.9,353.0,7.3,168.0,-999.0,72.0,9.0,-999.0,-999.0,0.3,-999.0,3.0,-999.0,-999.0,-999.0,-999.0,-999.0,1.5,-999.0,-999,2,2,E-SS,-999,172.0,468.0,247.0,50.0,275.0,178.0,54.0,2337.0,67.0,31.0,28.0,62.0,280.0,500.0,350.0,PACIFIC,Argus et al. (2011),NORTH_AMERICA,Argus et al. (2011),PENINSULA,Elliot and Freymueller (2020),74.0,323.0,30.0,64.0,47.0,72.0,318.0,35.0,59.0,6.0,216.0,137.0,-4.0,16.0,226.0,127.0,9.0,73.0,306.0,47.0,50.0,21.0,224.0,129.0,14.0,9.0,185.0,168.0,9.0,66.0,313.0,40.0,50.0,14.0,197.0,156.0,13.0,10.0,196.0,157.0,9.0,67.0,311.0,42.0,50.0,16.0,203.0,150.0,14.0,23.0,181.0,172.0,23.0,57.0,302.0,51.0,36.0,28.0,188.0,165.0,27.0,PACIFIC,Gripp & Gordon (2002),NORTH_AMERICA,Gripp & Gordon (2002),-999,-999,69.0,322.0,31.0,59.0,46.0,69.0,322.0,31.0,59.0,-999.0,-999.0,-999.0,0.0,17.0,274.0,79.0,-3.0,82.0,313.0,40.0,63.0,17.0,274.0,79.0,-3.0,18.0,183.0,7.0,18.0,56.0,306.0,43.0,41.0,18.0,183.0,7.0,18.0,15.0,183.0,6.0,15.0,58.0,306.0,40.0,44.0,15.0,183.0,6.0,15.0,14.0,209.0,36.0,12.0,65.0,310.0,43.0,48.0,14.0,209.0,36.0,12.0,23.0,183.0,10.0,23.0,54.0,306.0,47.0,37.0,23.0,183.0,10.0,23.0,72.0,82.0,14.0,14.0,88.0,143.0,42.0,56.0,32.0,75.0,61.0,35.0,14.0,125.0,316.0,698.0,0.14,129.8,7.6,8.8,6.1,8.6,0.33,28.9591084,18.1754646
NPA27,NPA26,NPA28,NPA,27,Aleutians,189.0,51.1,190.3,48.5,184.2,58.7,342.3,7.3,161.0,-999.0,72.0,9.0,-999.0,-999.0,0.4,-999.0,-999.0,-999.0,2.0,-999.0,-999.0,-999.0,1.9,-999.0,-999,-999,2,SS-E,-999,117.0,272.0,132.0,34.0,110.0,44.0,61.0,2846.0,72.0,33.0,28.0,62.0,290.0,500.0,270.0,PACIFIC,Argus et al. (2011),NORTH_AMERICA,Argus et al. (2011),PENINSULA,Elliot and Freymueller (2020),72.0,324.0,19.0,69.0,50.0,71.0,319.0,23.0,66.0,5.0,221.0,121.0,-3.0,16.0,226.0,116.0,7.0,72.0,307.0,36.0,59.0,21.0,225.0,117.0,10.0,9.0,186.0,156.0,9.0,65.0,313.0,29.0,57.0,14.0,199.0,143.0,11.0,11.0,197.0,145.0,9.0,66.0,312.0,31.0,57.0,16.0,205.0,137.0,12.0,23.0,183.0,160.0,22.0,57.0,303.0,39.0,44.0,28.0,190.0,153.0,25.0,PACIFIC,Gripp & Gordon (2002),NORTH_AMERICA,Gripp & Gordon (2002),-999,-999,68.0,323.0,19.0,64.0,50.0,68.0,323.0,19.0,64.0,-999.0,-999.0,-999.0,0.0,17.0,273.0,69.0,-6.0,81.0,314.0,28.0,71.0,17.0,273.0,69.0,-6.0,18.0,185.0,21.0,17.0,56.0,307.0,31.0,48.0,18.0,185.0,21.0,17.0,16.0,185.0,18.0,15.0,57.0,307.0,29.0,50.0,16.0,185.0,18.0,15.0,15.0,211.0,49.0,10.0,65.0,311.0,31.0,56.0,15.0,211.0,49.0,10.0,23.0,185.0,23.0,21.0,54.0,307.0,35.0,44.0,23.0,185.0,23.0,21.0,61.0,61.0,16.0,10.0,125.0,122.0,57.0,50.0,76.0,72.0,33.0,33.0,11.0,73.0,235.0,289.0,0.08,25.61,7.4,8.2,6.0,8.0,0.26,33.3849945,27.670845
NPA28,NPA27,NPA29,NPA,28,Aleutians,191.0,51.5,192.7,49.0,184.7,58.7,336.2,7.2,170.0,-999.0,72.0,9.0,-999.0,-999.0,0.4,-999.0,-999.0,-999.0,2.0,-999.0,-999.0,-999.0,-999.0,-999.0,-999,-999,2,SS-E,-999,124.0,304.0,110.0,41.0,129.0,43.0,59.0,2831.0,71.0,32.0,30.0,63.0,310.0,450.0,270.0,PACIFIC,Argus et al. (2011),NORTH_AMERICA,Argus et al. (2011),PENINSULA,Elliot and Freymueller (2020),71.0,325.0,11.0,69.0,49.0,70.0,321.0,16.0,68.0,5.0,228.0,109.0,-2.0,16.0,226.0,111.0,6.0,71.0,308.0,29.0,62.0,21.0,226.0,110.0,7.0,10.0,187.0,149.0,8.0,64.0,314.0,22.0,59.0,14.0,201.0,135.0,10.0,11.0,197.0,139.0,8.0,65.0,313.0,24.0,59.0,16.0,207.0,129.0,10.0,23.0,184.0,152.0,20.0,56.0,304.0,32.0,47.0,27.0,192.0,144.0,22.0,PACIFIC,Gripp & Gordon (2002),NORTH_AMERICA,Gripp & Gordon (2002),-999,-999,67.0,324.0,12.0,65.0,49.0,67.0,324.0,12.0,65.0,-999.0,-999.0,-999.0,0.0,17.0,272.0,65.0,-7.0,79.0,314.0,23.0,73.0,17.0,272.0,65.0,-7.0,19.0,188.0,28.0,17.0,54.0,306.0,25.0,49.0,19.0,188.0,28.0,17.0,17.0,188.0,25.0,15.0,55.0,306.0,23.0,51.0,17.0,188.0,25.0,15.0,15.0,213.0,56.0,8.0,64.0,311.0,25.0,57.0,15.0,213.0,56.0,8.0,23.0,188.0,32.0,19.0,53.0,306.0,30.0,46.0,23.0,188.0,32.0,19.0,64.0,61.0,9.0,10.0,114.0,122.0,45.0,50.0,62.0,72.0,35.0,33.0,27.0,73.0,554.0,289.0,0.41,25.61,7.9,8.2,6.7,8.0,0.23,33.3849945,-999.0
NPA29,NPA28,NPA30,NPA,29,Aleutians,193.0,52.0,194.6,49.5,187.1,59.4,337.9,7.2,268.0,-999.0,95.0,5.0,-999.0,-999.0,0.4,-999.0,-999.0,-999.0,2.0,-999.0,-999.0,-999.0,-999.0,-999.0,-999,-999,2,SS-E,-999,120.0,271.0,88.0,46.0,134.0,37.0,57.0,2448.0,69.0,32.0,27.0,54.0,310.0,450.0,350.0,PACIFIC,Argus et al. (2011),NORTH_AMERICA,Argus et al. (2011),PENINSULA,Elliot and Freymueller (2020),69.0,326.0,12.0,68.0,48.0,69.0,322.0,16.0,67.0,5.0,235.0,103.0,-1.0,16.0,225.0,113.0,6.0,69.0,308.0,29.0,60.0,21.0,227.0,111.0,8.0,10.0,187.0,151.0,9.0,63.0,315.0,22.0,58.0,14.0,203.0,135.0,10.0,11.0,197.0,140.0,9.0,64.0,314.0,24.0,58.0,16.0,209.0,129.0,10.0,23.0,186.0,152.0,21.0,55.0,305.0,33.0,46.0,27.0,194.0,144.0,22.0,PACIFIC,Gripp & Gordon (2002),NORTH_AMERICA,Gripp & Gordon (2002),-999,-999,66.0,326.0,12.0,65.0,48.0,66.0,326.0,12.0,65.0,-999.0,-999.0,-999.0,0.0,16.0,270.0,68.0,-6.0,77.0,315.0,23.0,71.0,16.0,270.0,68.0,-6.0,19.0,188.0,26.0,17.0,53.0,308.0,26.0,48.0,19.0,188.0,26.0,17.0,17.0,188.0,23.0,15.0,54.0,308.0,24.0,49.0,17.0,188.0,23.0,15.0,15.0,210.0,53.0,9.0,62.0,312.0,26.0,56.0,15.0,210.0,53.0,9.0,23.0,188.0,30.0,20.0,52.0,308.0,30.0,45.0,23.0,188.0,30.0,20.0,60.0,61.0,8.0,10.0,122.0,122.0,53.0,50.0,76.0,72.0,36.0,33.0,18.0,73.0,379.0,289.0,0.5,25.61,8.0,8.2,6.9,8.0,0.38,33.3849945,-999.0
NPA3,NPA2,NPA4,NPA,3,Japan,144.2,39.0,147.6,38.6,133.8,39.5,276.6,7.3,322.0,-999.0,104.0,9.0,-999.0,-999.0,0.3,-999.0,-999.0,-999.0,0.4,-999.0,2.0,-999.0,-999.0,-999.0,2,-999,1,C-SS,-999,79.0,213.0,139.0,66.0,223.0,74.0,132.0,4475.0,106.0,48.0,17.0,28.0,580.0,670.0,566.0,PACIFIC,Argus et al. (2011),AMUR,Argus et al. (2011),OKHOTSK,Argus et al. (2011),92.0,292.0,15.0,89.0,39.0,96.0,289.0,12.0,94.0,7.0,239.0,37.0,6.0,1.0,107.0,169.0,1.0,96.0,289.0,12.0,93.0,6.0,233.0,44.0,-4.0,12.0,81.0,164.0,12.0,86.0,292.0,16.0,82.0,7.0,103.0,174.0,7.0,11.0,89.0,172.0,11.0,86.0,291.0,14.0,84.0,6.0,122.0,154.0,5.0,28.0,122.0,154.0,25.0,70.0,283.0,7.0,69.0,25.0,136.0,140.0,20.0,PACIFIC,Gripp & Gordon (2002),AMUR,Heki et al. (1999),HONSHU,Mazzotti et al. (2001),92.0,297.0,20.0,86.0,40.0,101.0,297.0,18.0,96.0,-999.0,-999.0,-999.0,10.0,11.0,287.0,14.0,-11.0,111.0,294.0,17.0,106.0,20.0,287.0,3.0,-20.0,25.0,132.0,26.0,23.0,75.0,286.0,15.0,72.0,16.0,132.0,25.0,15.0,21.0,132.0,21.0,20.0,79.0,286.0,17.0,75.0,12.0,135.0,16.0,12.0,15.0,135.0,38.0,12.0,86.0,291.0,15.0,84.0,6.0,151.0,54.0,3.0,35.0,132.0,35.0,28.0,68.0,286.0,9.0,67.0,26.0,135.0,38.0,20.0,61.0,57.0,8.0,10.0,192.0,210.0,49.0,60.0,137.0,161.0,17.0,18.0,58.0,215.0,848.0,671.0,6.9,746.56,8.6,9.1,7.6,9.1,1.22,54.3187523,11.9068785
NPA30,NPA29,NPA31,NPA,30,Aleutians,195.0,52.5,196.6,50.0,189.0,59.9,338.0,6.9,188.0,-999.0,95.0,5.0,-999.0,-999.0,0.4,-999.0,-999.0,-999.0,1.0,-999.0,-999.0,-999.0,-999.0,-999.0,-999,-999,1,SS,-999,94.0,214.0,78.0,43.0,103.0,36.0,55.0,2312.0,68.0,31.0,24.0,58.0,260.0,400.0,140.0,PACIFIC,Argus et al. (2011),NORTH_AMERICA,Argus et al. (2011),PENINSULA,Elliot and Freymueller (2020),68.0,328.0,11.0,67.0,-999.0,68.0,323.0,15.0,66.0,5.0,243.0,96.0,0.0,17.0,225.0,113.0,7.0,68.0,309.0,29.0,59.0,21.0,229.0,109.0,7.0,10.0,188.0,150.0,9.0,61.0,317.0,21.0,57.0,14.0,205.0,133.0,10.0,12.0,198.0,140.0,9.0,62.0,315.0,23.0,57.0,16.0,211.0,127.0,9.0,23.0,187.0,151.0,20.0,54.0,306.0,32.0,46.0,26.0,196.0,142.0,21.0,PACIFIC,Gripp & Gordon (2002),NORTH_AMERICA,Gripp & Gordon (2002),-999,-999,65.0,327.0,11.0,64.0,43.0,65.0,327.0,11.0,64.0,-999.0,-999.0,-999.0,0.0,16.0,269.0,69.0,-6.0,75.0,317.0,21.0,70.0,16.0,269.0,69.0,-6.0,20.0,188.0,27.0,17.0,51.0,310.0,24.0,47.0,20.0,188.0,27.0,17.0,17.0,188.0,24.0,16.0,52.0,310.0,21.0,48.0,17.0,188.0,24.0,16.0,16.0,209.0,51.0,10.0,59.0,314.0,24.0,54.0,16.0,209.0,51.0,10.0,23.0,188.0,30.0,20.0,50.0,310.0,28.0,44.0,23.0,188.0,30.0,20.0,-999.0,61.0,-999.0,10.0,-999.0,122.0,-999.0,50.0,-999.0,72.0,-999.0,33.0,3.0,73.0,64.0,289.0,0.0,25.61,0.0,8.2,0.0,8.0,0.59,42.4649963,-999.0
NPA31,NPA30,NPA32,NPA,31,Alaska,197.0,53.1,198.5,50.6,191.4,60.6,339.5,6.5,193.0,-999.0,95.0,5.0,0.4,-999.0,-999.0,-999.0,0.9,-999.0,-999.0,-999.0,-999.0,-999.0,-999.0,-999.0,-999,-999,1,SS,-999,92.0,348.0,145.0,39.0,376.0,159.0,57.0,2354.0,69.0,32.0,25.0,56.0,300.0,400.0,173.0,PACIFIC,Argus et al. (2011),NORTH_AMERICA,Argus et al. (2011),PENINSULA,Elliot and Freymueller (2020),66.0,329.0,5.0,66.0,43.0,67.0,325.0,15.0,65.0,5.0,250.0,89.0,0.0,17.0,224.0,115.0,7.0,66.0,310.0,29.0,58.0,22.0,230.0,110.0,7.0,11.0,188.0,151.0,9.0,60.0,318.0,22.0,56.0,14.0,207.0,133.0,9.0,12.0,198.0,141.0,9.0,61.0,316.0,24.0,56.0,16.0,213.0,127.0,9.0,23.0,189.0,150.0,20.0,53.0,307.0,33.0,45.0,26.0,199.0,141.0,20.0,PACIFIC,Gripp & Gordon (2002),NORTH_AMERICA,Gripp & Gordon (2002),-999,-999,64.0,328.0,11.0,62.0,41.0,64.0,328.0,11.0,62.0,-999.0,-999.0,-999.0,0.0,16.0,267.0,73.0,-5.0,73.0,318.0,22.0,68.0,16.0,267.0,73.0,-5.0,20.0,191.0,28.0,17.0,50.0,310.0,24.0,46.0,20.0,191.0,28.0,17.0,18.0,191.0,26.0,16.0,51.0,310.0,22.0,47.0,18.0,191.0,26.0,16.0,16.0,210.0,51.0,10.0,58.0,315.0,25.0,53.0,16.0,210.0,51.0,10.0,24.0,191.0,32.0,20.0,49.0,310.0,29.0,43.0,24.0,191.0,32.0,20.0,-999.0,61.0,-999.0,10.0,-999.0,122.0,-999.0,50.0,-999.0,72.0,-999.0,33.0,9.0,73.0,194.0,289.0,0.0,25.61,0.0,8.2,0.0,8.0,1.28,42.3055573,-999.0
NPA32,NPA31,NPA33,NPA,32,Alaska,199.0,53.5,200.2,50.9,194.4,61.2,343.5,6.9,303.0,-999.0,95.0,5.0,-999.0,-999.0,0.4,-999.0,-999.0,-999.0,1.2,-999.0,-999.0,-999.0,1.0,-999.0,-999,1,1,SS,-999,95.0,387.0,164.0,42.0,389.0,164.0,55.0,2032.0,68.0,31.0,24.0,50.0,400.0,400.0,180.0,PACIFIC,Argus et al. (2011),NORTH_AMERICA,Argus et al. (2011),PENINSULA,Elliot and Freymueller (2020),64.0,330.0,13.0,63.0,-999.0,66.0,326.0,17.0,63.0,5.0,258.0,86.0,0.0,17.0,224.0,120.0,8.0,65.0,311.0,32.0,55.0,22.0,213.0,112.0,8.0,11.0,189.0,155.0,10.0,58.0,319.0,25.0,53.0,14.0,209.0,135.0,10.0,12.0,199.0,145.0,10.0,59.0,317.0,27.0,53.0,15.0,215.0,129.0,10.0,23.0,191.0,153.0,21.0,52.0,308.0,36.0,42.0,26.0,201.0,143.0,20.0,PACIFIC,Gripp & Gordon (2002),NORTH_AMERICA,Gripp & Gordon (2002),-999,-999,63.0,330.0,13.0,62.0,33.0,63.0,330.0,13.0,62.0,-999.0,-999.0,-999.0,0.0,16.0,266.0,77.0,-4.0,71.0,319.0,24.0,65.0,16.0,266.0,77.0,-4.0,19.0,193.0,26.0,17.0,49.0,312.0,27.0,44.0,19.0,193.0,26.0,17.0,18.0,193.0,22.0,17.0,49.0,312.0,25.0,44.0,18.0,193.0,22.0,17.0,17.0,212.0,48.0,11.0,57.0,316.0,28.0,50.0,17.0,212.0,48.0,11.0,23.0,193.0,30.0,20.0,48.0,312.0,32.0,41.0,23.0,193.0,30.0,20.0,38.0,70.0,18.0,18.0,139.0,153.0,53.0,55.0,107.0,91.0,19.0,24.0,12.0,31.0,271.0,137.0,0.5,22.13,8.0,8.2,6.9,8.0,0.6,39.9333267,31.1161137
NPA33,NPA32,NPA34,NPA,33,Alaska,201.0,53.8,202.3,51.2,195.8,61.4,341.6,6.4,247.0,-999.0,95.0,5.0,-999.0,-999.0,0.4,-999.0,-999.0,-999.0,1.5,-999.0,-999.0,-999.0,0.9,-999.0,-999,1,1,SS-C,-999,51.0,96.0,48.0,33.0,73.0,32.0,55.0,1972.0,68.0,31.0,23.0,50.0,400.0,400.0,208.0,PACIFIC,Argus et al. (2011),NORTH_AMERICA,Argus et al. (2011),PENINSULA,Elliot and Freymueller (2020),63.0,332.0,10.0,62.0,38.0,65.0,327.0,14.0,63.0,5.0,265.0,77.0,1.0,17.0,224.0,118.0,8.0,63.0,312.0,30.0,55.0,22.0,233.0,109.0,7.0,11.0,190.0,152.0,10.0,57.0,320.0,22.0,53.0,14.0,211.0,131.0,9.0,12.0,199.0,142.0,10.0,58.0,318.0,24.0,53.0,15.0,217.0,125.0,9.0,23.0,192.0,149.0,20.0,51.0,309.0,33.0,43.0,25.0,203.0,138.0,19.0,PACIFIC,Gripp & Gordon (2002),NORTH_AMERICA,Gripp & Gordon (2002),-999,-999,61.0,331.0,11.0,60.0,38.0,61.0,331.0,11.0,60.0,-999.0,-999.0,-999.0,0.0,15.0,264.0,78.0,-3.0,69.0,319.0,23.0,64.0,15.0,264.0,78.0,-3.0,20.0,193.0,26.0,18.0,47.0,311.0,26.0,43.0,20.0,193.0,26.0,18.0,18.0,193.0,24.0,16.0,48.0,311.0,23.0,44.0,18.0,193.0,24.0,16.0,16.0,210.0,48.0,11.0,55.0,316.0,26.0,50.0,16.0,210.0,48.0,11.0,23.0,193.0,31.0,20.0,47.0,311.0,30.0,41.0,23.0,193.0,31.0,20.0,-999.0,70.0,-999.0,18.0,-999.0,153.0,-999.0,55.0,-999.0,91.0,-999.0,24.0,9.0,31.0,202.0,137.0,0.0,22.13,0.0,8.2,0.0,8.0,0.29,36.9633293,24.630188
NPA34,NPA33,NPA35,NPA,34,Alaska,203.0,54.2,204.4,51.6,197.4,61.7,341.3,5.8,281.0,-999.0,-999.0,-999.0,0.4,-999.0,-999.0,-999.0,1.0,-999.0,-999.0,-999.0,0.8,-999.0,-999.0,-999.0,-999,1,1,SS-C,-999,63.0,133.0,67.0,36.0,82.0,36.0,54.0,1956.0,68.0,31.0,21.0,56.0,520.0,300.0,94.0,PACIFIC,Argus et al. (2011),NORTH_AMERICA,Argus et al. (2011),PENINSULA,Elliot and Freymueller (2020),61.0,333.0,8.0,61.0,-999.0,64.0,329.0,12.0,62.0,5.0,272.0,70.0,2.0,18.0,224.0,117.0,8.0,62.0,313.0,29.0,54.0,22.0,234.0,107.0,6.0,12.0,191.0,151.0,10.0,56.0,321.0,21.0,52.0,14.0,213.0,128.0,8.0,13.0,200.0,141.0,10.0,57.0,319.0,23.0,52.0,15.0,219.0,122.0,8.0,23.0,194.0,147.0,20.0,50.0,310.0,32.0,43.0,25.0,206.0,136.0,18.0,PACIFIC,Gripp & Gordon (2002),NORTH_AMERICA,Gripp & Gordon (2002),-999,-999,60.0,333.0,9.0,59.0,27.0,60.0,333.0,9.0,59.0,-999.0,-999.0,-999.0,0.0,15.0,263.0,78.0,-3.0,67.0,320.0,21.0,62.0,15.0,263.0,78.0,-3.0,20.0,196.0,29.0,17.0,46.0,312.0,24.0,42.0,20.0,196.0,29.0,17.0,18.0,196.0,25.0,17.0,46.0,312.0,22.0,43.0,18.0,196.0,25.0,17.0,17.0,212.0,51.0,11.0,54.0,316.0,25.0,49.0,17.0,212.0,51.0,11.0,23.0,196.0,35.0,19.0,46.0,312.0,29.0,40.0,23.0,196.0,35.0,19.0,-999.0,70.0,-999.0,18.0,-999.0,153.0,-999.0,55.0,-999.0,91.0,-999.0,24.0,3.0,31.0,67.0,137.0,0.0,22.13,0.0,8.2,0.0,8.0,0.64,42.4649963,33.4076767
NPA35,NPA34,NPA36,NPA,35,Alaska,205.0,54.8,207.7,52.6,195.0,60.9,323.1,5.6,296.0,-999.0,87.0,5.0,-999.0,-999.0,-999.0,-999.0,-999.0,-999.0,1.7,-999.0,-999.0,-999.0,1.0,-999.0,-999,1,1,SS-C,-999,116.0,208.0,98.0,68.0,84.0,31.0,51.0,1671.0,65.0,30.0,20.0,52.0,550.0,300.0,142.0,PACIFIC,Argus et al. (2011),NORTH_AMERICA,Argus et al. (2011),PENINSULA,Elliot and Freymueller (2020),60.0,335.0,12.0,58.0,-999.0,63.0,330.0,7.0,62.0,6.0,278.0,45.0,4.0,18.0,224.0,100.0,3.0,60.0,314.0,9.0,59.0,22.0,236.0,88.0,-1.0,12.0,191.0,132.0,8.0,54.0,322.0,1.0,54.0,14.0,215.0,108.0,4.0,13.0,200.0,123.0,7.0,55.0,320.0,3.0,55.0,15.0,221.0,102.0,3.0,23.0,196.0,127.0,14.0,49.0,311.0,12.0,48.0,25.0,208.0,115.0,10.0,PACIFIC,Gripp & Gordon (2002),NORTH_AMERICA,Gripp & Gordon (2002),-999,-999,59.0,334.0,11.0,58.0,26.0,59.0,334.0,11.0,58.0,-999.0,-999.0,-999.0,0.0,15.0,261.0,62.0,-7.0,65.0,322.0,1.0,65.0,15.0,261.0,62.0,-7.0,20.0,198.0,50.0,13.0,45.0,314.0,4.0,45.0,20.0,198.0,50.0,13.0,19.0,198.0,46.0,13.0,45.0,314.0,2.0,45.0,19.0,198.0,46.0,13.0,17.0,213.0,70.0,6.0,52.0,318.0,5.0,52.0,17.0,213.0,70.0,6.0,23.0,198.0,55.0,13.0,45.0,314.0,9.0,45.0,23.0,198.0,55.0,13.0,-999.0,70.0,-999.0,18.0,-999.0,153.0,-999.0,55.0,-999.0,91.0,-999.0,24.0,4.0,31.0,76.0,137.0,0.0,22.13,0.0,8.2,0.0,8.0,0.9,35.3823471,22.998085
NPA36,NPA35,NPA37,NPA,36,Alaska,207.0,55.6,209.3,53.2,198.3,62.3,330.1,5.4,307.0,-999.0,87.0,5.0,-999.0,-999.0,-999.0,-999.0,-999.0,-999.0,2.0,-999.0,-999.0,-999.0,1.7,-999.0,-999,1,1,SS-C,-999,200.0,471.0,256.0,87.0,457.0,337.0,47.0,1354.0,63.0,29.0,18.0,53.0,600.0,300.0,218.0,PACIFIC,Argus et al. (2011),NORTH_AMERICA,Argus et al. (2011),KODIAK,Elliot and Freymueller (2020),53.0,343.0,13.0,52.0,29.0,61.0,332.0,2.0,61.0,14.0,284.0,46.0,10.0,18.0,223.0,107.0,5.0,58.0,315.0,15.0,56.0,28.0,249.0,81.0,-4.0,12.0,192.0,139.0,9.0,52.0,324.0,6.0,52.0,18.0,241.0,89.0,0.0,13.0,201.0,129.0,8.0,54.0,321.0,9.0,53.0,20.0,243.0,87.0,-1.0,23.0,197.0,133.0,16.0,48.0,312.0,18.0,46.0,27.0,227.0,103.0,6.0,PACIFIC,Gripp & Gordon (2002),NORTH_AMERICA,Gripp & Gordon (2002),-999,-999,58.0,336.0,6.0,58.0,31.0,58.0,336.0,6.0,58.0,-999.0,-999.0,-999.0,0.0,14.0,259.0,71.0,-5.0,63.0,323.0,7.0,63.0,14.0,259.0,71.0,-5.0,20.0,199.0,43.0,14.0,44.0,315.0,11.0,44.0,20.0,199.0,43.0,14.0,18.0,199.0,39.0,14.0,44.0,315.0,8.0,44.0,18.0,199.0,39.0,14.0,17.0,212.0,62.0,8.0,51.0,319.0,11.0,50.0,17.0,212.0,62.0,8.0,23.0,199.0,48.0,15.0,44.0,315.0,15.0,43.0,23.0,199.0,48.0,15.0,69.0,69.0,7.0,7.0,145.0,243.0,25.0,54.0,78.0,180.0,13.0,15.0,12.0,15.0,247.0,58.0,0.52,796.7,8.0,9.2,6.9,9.2,5.25,33.3849945,25.9180679
NPA37,NPA36,NPA38,NPA,37,Alaska,209.0,56.2,211.2,53.8,200.3,63.0,331.0,5.4,323.0,-999.0,-999.0,-999.0,-999.0,-999.0,-999.0,-999.0,-999.0,-999.0,2.7,-999.0,-999.0,-999.0,1.7,-999.0,-999,1,1,SS-C,-999,185.0,546.0,301.0,113.0,515.0,345.0,44.0,1354.0,61.0,28.0,18.0,61.0,660.0,300.0,201.0,PACIFIC,Argus et al. (2011),NORTH_AMERICA,Argus et al. (2011),KODIAK,Elliot and Freymueller (2020),53.0,345.0,14.0,52.0,27.0,60.0,334.0,3.0,60.0,13.0,282.0,49.0,8.0,18.0,223.0,108.0,6.0,56.0,316.0,15.0,54.0,27.0,247.0,84.0,-3.0,13.0,192.0,139.0,9.0,51.0,325.0,6.0,51.0,18.0,238.0,93.0,1.0,13.0,201.0,130.0,9.0,52.0,323.0,8.0,51.0,20.0,241.0,90.0,0.0,23.0,199.0,132.0,15.0,47.0,313.0,18.0,45.0,28.0,227.0,104.0,7.0,PACIFIC,Gripp & Gordon (2002),NORTH_AMERICA,Gripp & Gordon (2002),-999,-999,56.0,338.0,7.0,56.0,28.0,56.0,338.0,7.0,56.0,-999.0,-999.0,-999.0,0.0,14.0,258.0,73.0,-4.0,61.0,325.0,6.0,61.0,14.0,258.0,73.0,-4.0,20.0,201.0,43.0,15.0,42.0,317.0,9.0,42.0,20.0,201.0,43.0,15.0,19.0,201.0,39.0,15.0,42.0,317.0,7.0,42.0,19.0,201.0,39.0,15.0,17.0,213.0,62.0,8.0,49.0,322.0,9.0,49.0,17.0,213.0,62.0,8.0,23.0,201.0,50.0,14.0,43.0,317.0,14.0,42.0,23.0,201.0,50.0,14.0,-999.0,69.0,-999.0,7.0,-999.0,243.0,-999.0,54.0,-999.0,180.0,-999.0,15.0,3.0,15.0,62.0,58.0,0.0,796.7,0.0,9.2,0.0,9.2,4.58,30.0362988,19.658926
NPA38,NPA37,NPA39,NPA,38,Alaska,211.0,57.1,214.0,55.0,199.6,62.9,319.6,5.1,333.0,-999.0,-999.0,-999.0,-999.0,-999.0,1.0,-999.0,-999.0,-999.0,2.6,-999.0,-999.0,-999.0,1.5,-999.0,-999,1,1,C-SS,-999,113.0,444.0,223.0,100.0,560.0,256.0,43.0,1137.0,60.0,27.0,15.0,60.0,880.0,300.0,201.0,PACIFIC,Argus et al. (2011),NORTH_AMERICA,Argus et al. (2011),KODIAK,Elliot and Freymueller (2020),53.0,347.0,27.0,47.0,23.0,59.0,336.0,16.0,56.0,12.0,279.0,40.0,9.0,18.0,223.0,97.0,2.0,54.0,318.0,2.0,54.0,27.0,245.0,75.0,-7.0,13.0,192.0,127.0,8.0,49.0,327.0,7.0,49.0,18.0,234.0,86.0,-1.0,14.0,201.0,118.0,6.0,50.0,325.0,5.0,50.0,20.0,237.0,82.0,-3.0,23.0,201.0,119.0,11.0,45.0,315.0,5.0,45.0,28.0,226.0,94.0,2.0,PACIFIC,Gripp & Gordon (2002),NORTH_AMERICA,Gripp & Gordon (2002),-999,-999,55.0,340.0,20.0,52.0,24.0,55.0,340.0,20.0,52.0,-999.0,-999.0,-999.0,0.0,14.0,256.0,64.0,-6.0,58.0,326.0,6.0,58.0,14.0,256.0,64.0,-6.0,21.0,204.0,57.0,11.0,40.0,317.0,2.0,40.0,21.0,204.0,57.0,11.0,19.0,204.0,53.0,12.0,40.0,317.0,5.0,40.0,19.0,204.0,53.0,12.0,18.0,214.0,75.0,5.0,47.0,322.0,3.0,47.0,18.0,214.0,75.0,5.0,23.0,204.0,64.0,10.0,42.0,317.0,2.0,42.0,23.0,204.0,64.0,10.0,-999.0,69.0,-999.0,7.0,-999.0,243.0,-999.0,54.0,-999.0,180.0,-999.0,15.0,0.0,15.0,0.0,58.0,0.0,796.7,0.0,9.2,0.0,9.2,2.63,30.0512009,19.13624
NPA39,NPA38,NPA40,NPA,39,Alaska,213.0,58.0,216.4,56.0,200.3,63.2,314.5,4.9,402.0,-999.0,-999.0,-999.0,-999.0,-999.0,1.0,-999.0,-999.0,-999.0,2.5,-999.0,-999.0,-999.0,1.6,-999.0,-999,1,1,C,-999,142.0,573.0,318.0,106.0,615.0,330.0,40.0,1056.0,58.0,26.0,14.0,65.0,930.0,300.0,201.0,PACIFIC,Argus et al. (2011),NORTH_AMERICA,Argus et al. (2011),PRINCE WILLIAM SOUND,Elliot and Freymueller (2020),51.0,341.0,27.0,46.0,21.0,57.0,338.0,23.0,53.0,7.0,313.0,1.0,7.0,18.0,222.0,92.0,1.0,52.0,319.0,5.0,52.0,20.0,242.0,72.0,-6.0,13.0,193.0,122.0,7.0,47.0,329.0,14.0,46.0,11.0,224.0,91.0,0.0,14.0,202.0,113.0,5.0,48.0,327.0,12.0,47.0,13.0,230.0,84.0,-1.0,23.0,203.0,112.0,9.0,44.0,316.0,2.0,44.0,22.0,219.0,95.0,2.0,PACIFIC,Gripp & Gordon (2002),NORTH_AMERICA,Gripp & Gordon (2002),-999,-999,53.0,342.0,28.0,47.0,20.0,53.0,342.0,28.0,47.0,-999.0,-999.0,-999.0,0.0,13.0,254.0,61.0,-6.0,56.0,328.0,14.0,54.0,13.0,254.0,61.0,-6.0,20.0,205.0,62.0,9.0,39.0,319.0,10.0,39.0,20.0,205.0,62.0,9.0,19.0,205.0,58.0,10.0,39.0,319.0,12.0,38.0,19.0,205.0,58.0,10.0,17.0,214.0,80.0,3.0,46.0,324.0,9.0,45.0,17.0,214.0,80.0,3.0,22.0,205.0,71.0,7.0,41.0,319.0,5.0,41.0,22.0,205.0,71.0,7.0,-999.0,69.0,-999.0,7.0,-999.0,243.0,-999.0,54.0,-999.0,180.0,-999.0,15.0,0.0,15.0,0.0,58.0,0.0,796.7,0.0,9.2,0.0,9.2,3.23,30.8533783,20.422575
NPA4,NPA3,NPA5,NPA,4,Japan,144.5,40.5,147.7,39.4,134.2,43.1,291.9,7.4,336.0,-999.0,104.0,9.0,0.3,-999.0,-999.0,-999.0,-999.0,-999.0,0.4,-999.0,1.0,-999.0,-999.0,-999.0,2,-999,1,SS-C,-999,91.0,544.0,281.0,69.0,615.0,231.0,130.0,4463.0,105.0,48.0,17.0,27.0,580.0,670.0,564.0,PACIFIC,Argus et al. (2011),AMUR,Argus et al. (2011),OKHOTSK,Argus et al. (2011),92.0,292.0,0.0,92.0,34.0,95.0,289.0,3.0,95.0,6.0,236.0,56.0,3.0,1.0,108.0,176.0,1.0,95.0,289.0,3.0,95.0,6.0,230.0,62.0,-3.0,12.0,80.0,149.0,10.0,85.0,293.0,1.0,85.0,7.0,103.0,171.0,7.0,11.0,89.0,157.0,10.0,86.0,291.0,1.0,86.0,6.0,122.0,170.0,6.0,27.0,123.0,169.0,27.0,69.0,283.0,9.0,69.0,25.0,136.0,156.0,23.0,PACIFIC,Gripp & Gordon (2002),AMUR,Heki et al. (1999),HONSHU,Mazzotti et al. (2001),91.0,297.0,7.0,90.0,36.0,99.0,297.0,3.0,99.0,-999.0,-999.0,-999.0,9.0,11.0,288.0,1.0,-11.0,110.0,295.0,3.0,110.0,20.0,288.0,12.0,-20.0,24.0,133.0,12.0,24.0,75.0,287.0,1.0,75.0,15.0,133.0,12.0,15.0,21.0,133.0,5.0,21.0,78.0,287.0,4.0,78.0,12.0,137.0,0.0,12.0,14.0,137.0,25.0,13.0,86.0,292.0,1.0,86.0,5.0,160.0,48.0,4.0,34.0,133.0,21.0,32.0,68.0,287.0,5.0,67.0,25.0,137.0,25.0,23.0,39.0,57.0,8.0,10.0,234.0,210.0,64.0,60.0,203.0,161.0,16.0,18.0,50.0,215.0,747.0,671.0,5.9,746.56,8.6,9.1,7.7,9.1,0.24,54.3187523,18.8137569
NPA40,NPA39,NPA41,NPA,40,Alaska,214.5,59.1,218.3,57.3,200.6,63.8,310.6,4.5,445.0,-999.0,-999.0,-999.0,-999.0,-999.0,1.0,-999.0,-999.0,-999.0,2.0,-999.0,-999.0,-999.0,2.0,-999.0,-999,1,1,C,-999,87.0,183.0,123.0,45.0,139.0,105.0,37.0,852.0,56.0,26.0,13.0,64.0,1120.0,200.0,159.0,PACIFIC,Argus et al. (2011),NORTH_AMERICA,Argus et al. (2011),PRINCE WILLIAM SOUND,Elliot and Freymueller (2020),49.0,345.0,34.0,41.0,-999.0,56.0,340.0,29.0,49.0,8.0,313.0,2.0,8.0,18.0,222.0,89.0,0.0,50.0,321.0,11.0,49.0,20.0,246.0,64.0,-9.0,13.0,193.0,118.0,6.0,46.0,331.0,21.0,43.0,12.0,231.0,79.0,-2.0,14.0,202.0,109.0,5.0,47.0,329.0,18.0,44.0,13.0,237.0,74.0,-4.0,23.0,204.0,106.0,6.0,43.0,318.0,7.0,42.0,22.0,225.0,85.0,-2.0,PACIFIC,Gripp & Gordon (2002),NORTH_AMERICA,Gripp & Gordon (2002),-999,-999,52.0,345.0,34.0,43.0,11.0,52.0,345.0,34.0,43.0,-999.0,-999.0,-999.0,0.0,13.0,252.0,59.0,-7.0,53.0,331.0,20.0,50.0,13.0,252.0,59.0,-7.0,21.0,208.0,68.0,8.0,36.0,322.0,16.0,35.0,21.0,208.0,68.0,8.0,20.0,208.0,63.0,9.0,36.0,322.0,19.0,34.0,20.0,208.0,63.0,9.0,18.0,216.0,85.0,1.0,43.0,327.0,16.0,41.0,18.0,216.0,85.0,1.0,23.0,208.0,78.0,5.0,39.0,322.0,11.0,38.0,23.0,208.0,78.0,5.0,-999.0,69.0,-999.0,7.0,-999.0,243.0,-999.0,54.0,-999.0,180.0,-999.0,15.0,0.0,15.0,0.0,58.0,0.0,796.7,0.0,9.2,0.0,9.2,4.12,33.3849945,26.537302
NPA41,NPA40,NPA42,NPA,41,Alaska,215.0,59.1,217.7,56.8,204.3,65.5,327.2,4.2,-999.0,-999.0,-999.0,-999.0,-999.0,-999.0,-999.0,-999.0,-999.0,-999.0,2.0,-999.0,-999.0,-999.0,-999.0,-999.0,-999,1,1,C,-999,88.0,197.0,126.0,45.0,150.0,108.0,37.0,261.0,56.0,26.0,12.0,53.0,1160.0,200.0,140.0,PACIFIC,Argus et al. (2011),NORTH_AMERICA,Argus et al. (2011),ICY BAY,Elliot and Freymueller (2020),21.0,13.0,46.0,14.0,-999.0,56.0,340.0,13.0,54.0,40.0,324.0,3.0,40.0,18.0,222.0,105.0,5.0,50.0,321.0,6.0,49.0,40.0,297.0,30.0,-35.0,13.0,193.0,134.0,9.0,45.0,331.0,4.0,45.0,33.0,306.0,21.0,-31.0,14.0,202.0,125.0,8.0,46.0,329.0,2.0,46.0,35.0,304.0,23.0,-32.0,23.0,205.0,122.0,12.0,43.0,318.0,9.0,42.0,35.0,289.0,38.0,-28.0,PACIFIC,Gripp & Gordon (2002),NORTH_AMERICA,Gripp & Gordon (2002),-999,-999,52.0,345.0,17.0,48.0,-999.0,52.0,345.0,17.0,48.0,-999.0,-999.0,-999.0,0.0,0.0,252.0,71.0,-3.0,53.0,331.0,17.0,50.0,0.0,252.0,71.0,-3.0,21.0,208.0,51.0,12.0,36.0,321.0,17.0,35.0,21.0,208.0,51.0,12.0,20.0,208.0,47.0,13.0,36.0,321.0,17.0,34.0,20.0,208.0,47.0,13.0,18.0,216.0,68.0,6.0,43.0,327.0,17.0,41.0,18.0,216.0,68.0,6.0,23.0,208.0,60.0,11.0,38.0,321.0,17.0,36.0,23.0,208.0,60.0,11.0,-999.0,69.0,-999.0,7.0,-999.0,243.0,-999.0,54.0,-999.0,180.0,-999.0,15.0,-999.0,15.0,-999.0,58.0,-999.0,796.7,-999.0,9.2,-999.0,9.2,4.16,33.3849945,-999.0
NPA42,NPA41,NPA43,NPA,42,Alaska,215.5,59.2,216.8,56.6,210.2,66.9,345.0,3.8,-999.0,-999.0,-999.0,-999.0,-999.0,-999.0,-999.0,-999.0,2.7,-999.0,-999.0,-999.0,0.0,-999.0,-999.0,-999.0,-999,1,1,C-SS,-999,90.0,212.0,129.0,48.0,193.0,116.0,37.0,280.0,56.0,25.0,12.0,36.0,1200.0,200.0,121.0,PACIFIC,Argus et al. (2011),NORTH_AMERICA,Argus et al. (2011),ICY BAY,Elliot and Freymueller (2020),21.0,13.0,28.0,19.0,-999.0,56.0,341.0,4.0,55.0,39.0,324.0,21.0,37.0,18.0,222.0,123.0,10.0,49.0,322.0,23.0,45.0,40.0,297.0,48.0,-27.0,13.0,193.0,152.0,12.0,45.0,332.0,13.0,44.0,32.0,306.0,39.0,-25.0,14.0,202.0,143.0,11.0,46.0,329.0,16.0,44.0,34.0,304.0,41.0,-25.0,23.0,205.0,140.0,18.0,42.0,318.0,27.0,38.0,34.0,289.0,56.0,-19.0,PACIFIC,Gripp & Gordon (2002),NORTH_AMERICA,Gripp & Gordon (2002),-999,-999,52.0,345.0,0.0,52.0,13.0,52.0,345.0,0.0,52.0,-999.0,-999.0,-999.0,0.0,13.0,251.0,84.0,2.0,52.0,331.0,14.0,51.0,13.0,251.0,84.0,2.0,21.0,208.0,35.0,17.0,36.0,321.0,18.0,34.0,21.0,208.0,35.0,17.0,19.0,208.0,31.0,17.0,36.0,321.0,15.0,35.0,19.0,208.0,31.0,17.0,18.0,215.0,50.0,11.0,42.0,326.0,19.0,40.0,18.0,215.0,50.0,11.0,23.0,208.0,43.0,17.0,38.0,321.0,24.0,35.0,23.0,208.0,43.0,17.0,-999.0,69.0,-999.0,7.0,-999.0,243.0,-999.0,54.0,-999.0,180.0,-999.0,15.0,0.0,15.0,0.0,58.0,0.0,796.7,0.0,9.2,0.0,9.2,4.21,30.0362988,-999.0
NPA43,NPA42,NPA44,NPA,43,Cascadia,231.7,50.0,227.8,49.0,244.1,52.1,70.0,2.1,-999.0,-999.0,-999.0,-999.0,-999.0,-999.0,-999.0,-999.0,-999.0,-999.0,2.8,-999.0,-999.0,-999.0,-999.0,-999.0,-999,1,1,SS-C,-999,175.0,546.0,251.0,65.0,328.0,189.0,3.0,-999.0,16.0,7.0,13.0,-999.0,500.0,400.0,40.0,JUAN_DE_FUCA,Argus et al. (2011),NORTH_AMERICA,Argus et al. (2011),DEF_VANCOUVER_ISLAND,Mazzotti et al. (2003),43.0,52.0,18.0,41.0,-999.0,45.0,49.0,21.0,42.0,3.0,0.0,70.0,1.0,24.0,234.0,164.0,23.0,21.0,44.0,26.0,19.0,22.0,241.0,171.0,22.0,16.0,211.0,141.0,12.0,30.0,59.0,11.0,29.0,14.0,218.0,148.0,11.0,17.0,218.0,148.0,14.0,28.0,56.0,14.0,27.0,15.0,225.0,155.0,13.0,22.0,218.0,148.0,18.0,24.0,60.0,10.0,24.0,19.0,223.0,153.0,17.0,JUAN_DE_FUCA,Gripp & Gordon (2002),NORTH_AMERICA,Gripp & Gordon (2002),OREGON,Mazzotti et al. (2002),44.0,65.0,5.0,44.0,-999.0,47.0,57.0,13.0,46.0,-999.0,-999.0,-999.0,2.0,21.0,250.0,0.0,21.0,27.0,48.0,22.0,25.0,20.0,270.0,20.0,19.0,22.0,220.0,38.0,17.0,29.0,71.0,7.0,29.0,17.0,220.0,24.0,15.0,22.0,220.0,41.0,17.0,30.0,71.0,8.0,29.0,16.0,237.0,28.0,14.0,21.0,228.0,22.0,19.0,27.0,65.0,5.0,27.0,17.0,246.0,4.0,17.0,21.0,220.0,30.0,18.0,28.0,71.0,1.0,28.0,16.0,237.0,13.0,16.0,-999.0,5.0,-999.0,5.0,55.0,70.0,12.0,14.0,56.0,71.0,13.0,12.0,0.0,0.0,0.0,0.0,0.0,397.02,0.0,8.6,0.0,9.0,0.0,29.6595497,-999.0
NPA44,NPA43,NPA45,NPA,44,Cascadia,233.4,48.0,229.7,47.0,245.3,50.2,70.0,2.7,374.0,-999.0,-999.0,-999.0,-999.0,-999.0,2.0,-999.0,-999.0,-999.0,3.0,-999.0,-999.0,-999.0,0.5,-999.0,-999,1,1,SS-C,-999,86.0,175.0,105.0,87.0,154.0,62.0,5.0,103.0,21.0,10.0,18.0,54.0,840.0,300.0,58.0,JUAN_DE_FUCA,Argus et al. (2011),NORTH_AMERICA,Argus et al. (2011),DEF_VANCOUVER_ISLAND,Mazzotti et al. (2003),39.0,53.0,17.0,37.0,18.0,40.0,49.0,21.0,38.0,3.0,0.0,70.0,1.0,25.0,236.0,166.0,24.0,16.0,40.0,30.0,14.0,23.0,242.0,172.0,23.0,16.0,213.0,143.0,13.0,25.0,60.0,10.0,25.0,14.0,220.0,150.0,12.0,17.0,220.0,150.0,15.0,23.0,56.0,14.0,23.0,15.0,227.0,157.0,14.0,21.0,219.0,149.0,18.0,20.0,61.0,9.0,20.0,19.0,224.0,154.0,17.0,JUAN_DE_FUCA,Gripp & Gordon (2002),NORTH_AMERICA,Gripp & Gordon (2002),OREGON,Mazzotti et al. (2002),37.0,62.0,8.0,37.0,16.0,41.0,57.0,13.0,39.0,-999.0,-999.0,-999.0,3.0,22.0,251.0,1.0,22.0,21.0,32.0,38.0,17.0,21.0,270.0,20.0,20.0,21.0,221.0,37.0,17.0,21.0,62.0,1.0,21.0,16.0,221.0,22.0,15.0,22.0,221.0,39.0,17.0,22.0,62.0,3.0,22.0,16.0,239.0,25.0,15.0,21.0,230.0,20.0,20.0,20.0,54.0,16.0,19.0,17.0,249.0,1.0,17.0,20.0,221.0,29.0,18.0,21.0,62.0,8.0,21.0,16.0,239.0,11.0,15.0,-999.0,5.0,-999.0,5.0,95.0,70.0,14.0,14.0,96.0,71.0,8.0,12.0,0.0,0.0,0.0,0.0,0.0,397.02,0.0,8.6,0.0,9.0,0.0,28.9591084,17.3022785
NPA45,NPA44,NPA46,NPA,45,Cascadia,234.4,46.0,230.3,45.5,245.8,46.8,80.0,2.5,313.0,-999.0,-999.0,-999.0,-999.0,-999.0,2.0,-999.0,-999.0,-999.0,3.5,-999.0,0.0,-999.0,-999.0,-999.0,-999,1,1,SS,-999,39.0,104.0,76.0,24.0,68.0,50.0,7.0,124.0,24.0,11.0,20.0,57.0,-999.0,300.0,31.0,JUAN_DE_FUCA,Argus et al. (2011),NORTH_AMERICA,Argus et al. (2011),DEF_OREGON,Mazzotti et al. (2002),33.0,54.0,26.0,30.0,14.0,37.0,47.0,33.0,31.0,6.0,0.0,80.0,1.0,25.0,237.0,157.0,23.0,12.0,27.0,53.0,7.0,23.0,249.0,169.0,22.0,17.0,215.0,135.0,12.0,21.0,57.0,23.0,19.0,13.0,229.0,149.0,11.0,18.0,221.0,141.0,14.0,19.0,52.0,28.0,17.0,14.0,237.0,157.0,13.0,21.0,219.0,139.0,16.0,16.0,58.0,22.0,15.0,17.0,231.0,151.0,15.0,JUAN_DE_FUCA,Gripp & Gordon (2002),NORTH_AMERICA,Gripp & Gordon (2002),OREGON,Mazzotti et al. (2002),32.0,66.0,14.0,31.0,12.0,35.0,55.0,25.0,32.0,-999.0,-999.0,-999.0,1.0,24.0,252.0,8.0,24.0,16.0,18.0,62.0,8.0,23.0,268.0,8.0,23.0,22.0,222.0,43.0,16.0,15.0,62.0,9.0,15.0,17.0,222.0,29.0,15.0,22.0,222.0,46.0,16.0,16.0,62.0,6.0,16.0,17.0,239.0,33.0,15.0,22.0,232.0,28.0,19.0,14.0,49.0,31.0,12.0,19.0,248.0,12.0,18.0,20.0,222.0,38.0,16.0,16.0,62.0,18.0,15.0,16.0,239.0,21.0,15.0,-999.0,5.0,-999.0,5.0,70.0,70.0,14.0,14.0,70.0,71.0,12.0,12.0,0.0,0.0,0.0,0.0,0.0,397.02,0.0,8.6,0.0,9.0,0.0,27.446764,-999.0
NPA46,NPA45,NPA47,NPA,46,Cascadia,234.6,44.0,230.9,43.9,245.8,43.6,89.0,3.0,340.0,-999.0,-999.0,-999.0,-999.0,-999.0,-999.0,-999.0,-999.0,-999.0,3.5,-999.0,-999.0,-999.0,1.8,-999.0,-999,1,1,SS,-999,117.0,296.0,98.0,95.0,243.0,50.0,8.0,116.0,27.0,12.0,21.0,65.0,-999.0,300.0,44.0,JUAN_DE_FUCA,Argus et al. (2011),NORTH_AMERICA,Argus et al. (2011),DEF_OREGON,Mazzotti et al. (2002),30.0,51.0,38.0,23.0,11.0,33.0,44.0,45.0,23.0,6.0,0.0,89.0,0.0,26.0,238.0,149.0,22.0,10.0,5.0,84.0,1.0,24.0,250.0,161.0,22.0,17.0,216.0,127.0,10.0,17.0,52.0,37.0,13.0,13.0,231.0,142.0,10.0,18.0,222.0,133.0,12.0,15.0,45.0,44.0,11.0,14.0,238.0,149.0,12.0,21.0,218.0,129.0,13.0,13.0,52.0,37.0,10.0,17.0,230.0,141.0,13.0,JUAN_DE_FUCA,Gripp & Gordon (2002),NORTH_AMERICA,Gripp & Gordon (2002),OREGON,Mazzotti et al. (2002),26.0,67.0,22.0,24.0,10.0,30.0,51.0,38.0,24.0,-999.0,-999.0,-999.0,-1.0,25.0,253.0,16.0,24.0,10.0,1.0,88.0,0.0,24.0,268.0,1.0,24.0,22.0,222.0,53.0,13.0,11.0,76.0,2.0,11.0,17.0,222.0,39.0,13.0,22.0,222.0,55.0,13.0,12.0,76.0,6.0,12.0,17.0,238.0,43.0,13.0,22.0,233.0,36.0,18.0,8.0,58.0,31.0,7.0,19.0,249.0,20.0,18.0,20.0,222.0,47.0,13.0,11.0,76.0,13.0,11.0,15.0,238.0,31.0,13.0,-999.0,5.0,-999.0,5.0,65.0,70.0,14.0,14.0,65.0,71.0,13.0,12.0,0.0,0.0,0.0,0.0,0.0,397.02,0.0,8.6,0.0,9.0,0.0,27.446764,17.0916653
NPA47,NPA46,,NPA,47,Cascadia,234.7,42.0,231.1,41.8,245.6,42.1,86.0,3.1,289.0,-999.0,-999.0,-999.0,-999.0,-999.0,-999.0,-999.0,-999.0,-999.0,3.5,-999.0,-999.0,-999.0,-999.0,-999.0,-999,1,1,SS,-999,172.0,573.0,289.0,89.0,343.0,198.0,6.0,78.0,22.0,10.0,24.0,64.0,960.0,300.0,42.0,JUAN_DE_FUCA,Argus et al. (2011),NORTH_AMERICA,Argus et al. (2011),DEF_OREGON,Mazzotti et al. (2002),26.0,46.0,40.0,20.0,-999.0,31.0,38.0,48.0,21.0,6.0,0.0,86.0,0.0,27.0,239.0,153.0,24.0,11.0,340.0,106.0,-3.0,24.0,250.0,164.0,23.0,17.0,217.0,131.0,11.0,13.0,41.0,45.0,9.0,13.0,232.0,146.0,11.0,18.0,223.0,137.0,13.0,13.0,32.0,54.0,7.0,15.0,239.0,153.0,13.0,21.0,217.0,131.0,14.0,10.0,40.0,46.0,7.0,16.0,230.0,144.0,13.0,JUAN_DE_FUCA,Gripp & Gordon (2002),NORTH_AMERICA,Gripp & Gordon (2002),OREGON,Mazzotti et al. (2002),22.0,57.0,29.0,19.0,-999.0,26.0,43.0,43.0,19.0,-999.0,-999.0,-999.0,0.0,26.0,253.0,13.0,25.0,14.0,345.0,79.0,-3.0,24.0,270.0,4.0,24.0,22.0,221.0,51.0,14.0,9.0,53.0,17.0,9.0,16.0,221.0,37.0,12.0,23.0,221.0,53.0,14.0,9.0,53.0,9.0,9.0,16.0,239.0,41.0,12.0,22.0,234.0,32.0,19.0,8.0,22.0,64.0,4.0,18.0,252.0,14.0,17.0,19.0,221.0,45.0,14.0,11.0,53.0,34.0,9.0,14.0,239.0,27.0,12.0,-999.0,5.0,-999.0,5.0,65.0,70.0,14.0,14.0,65.0,71.0,13.0,12.0,0.0,0.0,0.0,0.0,0.0,397.02,0.0,8.6,0.0,9.0,0.0,27.446764,-999.0
NPA5,NPA4,NPA6,NPA,5,Kurils,145.5,41.5,147.8,39.4,137.7,47.4,318.5,7.1,280.0,-999.0,104.0,9.0,-999.0,-999.0,0.3,-999.0,-999.0,-999.0,0.8,-999.0,-999.0,-999.0,0.6,-999.0,-999,2,1,SS,-999,110.0,678.0,361.0,71.0,651.0,252.0,130.0,4840.0,105.0,48.0,22.0,33.0,500.0,670.0,550.0,PACIFIC,Argus et al. (2011),OKHOTSK,Argus et al. (2011),DEF_KURIL_FOREARC,Demets (1992),87.0,297.0,21.0,81.0,-999.0,91.0,293.0,26.0,82.0,9.0,232.0,87.0,1.0,6.0,227.0,91.0,0.0,94.0,289.0,29.0,82.0,14.0,232.0,97.0,-1.0,7.0,104.0,146.0,6.0,84.0,293.0,25.0,76.0,7.0,182.0,136.0,5.0,6.0,122.0,164.0,6.0,85.0,292.0,27.0,76.0,8.0,191.0,128.0,5.0,25.0,137.0,178.0,25.0,69.0,284.0,35.0,57.0,26.0,156.0,162.0,24.0,PACIFIC,Gripp & Gordon (2002),NORTH_AMERICA,Gripp & Gordon (2002),-999,-999,82.0,297.0,21.0,77.0,38.0,82.0,297.0,21.0,77.0,-999.0,-999.0,-999.0,0.0,27.0,288.0,31.0,-23.0,109.0,295.0,24.0,100.0,27.0,288.0,31.0,-23.0,10.0,152.0,12.0,10.0,74.0,287.0,25.0,67.0,10.0,152.0,12.0,10.0,5.0,152.0,10.0,5.0,78.0,287.0,23.0,72.0,5.0,152.0,10.0,5.0,7.0,226.0,87.0,0.0,85.0,293.0,26.0,76.0,7.0,226.0,87.0,0.0,20.0,152.0,14.0,20.0,67.0,287.0,31.0,57.0,20.0,152.0,14.0,20.0,78.0,57.0,17.0,10.0,154.0,210.0,47.0,60.0,82.0,161.0,22.0,18.0,36.0,215.0,600.0,671.0,32.0,746.56,9.1,9.1,8.3,9.1,0.32,45.6624985,36.5831337
NPA6,NPA5,NPA7,NPA,6,Kurils,147.0,42.2,149.1,40.0,139.8,48.5,324.0,6.8,245.0,-999.0,100.0,5.0,-999.0,-999.0,0.3,-999.0,-999.0,-999.0,0.4,-999.0,0.4,-999.0,-999.0,-999.0,-999,2,1,SS,-999,126.0,455.0,260.0,63.0,422.0,192.0,126.0,4739.0,103.0,47.0,23.0,35.0,420.0,670.0,550.0,PACIFIC,Argus et al. (2011),OKHOTSK,Argus et al. (2011),DEF_KURIL_FOREARC,Demets (1992),87.0,298.0,26.0,78.0,-999.0,91.0,293.0,31.0,78.0,9.0,235.0,89.0,0.0,6.0,225.0,99.0,1.0,93.0,290.0,34.0,77.0,14.0,231.0,93.0,1.0,7.0,106.0,142.0,6.0,84.0,294.0,30.0,73.0,7.0,182.0,142.0,5.0,7.0,124.0,160.0,6.0,84.0,293.0,31.0,72.0,9.0,190.0,134.0,6.0,25.0,138.0,174.0,25.0,69.0,285.0,39.0,53.0,26.0,157.0,167.0,25.0,PACIFIC,Gripp & Gordon (2002),NORTH_AMERICA,Gripp & Gordon (2002),-999,-999,82.0,298.0,26.0,74.0,39.0,82.0,298.0,26.0,74.0,-999.0,-999.0,-999.0,0.0,27.0,288.0,36.0,-22.0,108.0,296.0,28.0,95.0,27.0,288.0,36.0,-22.0,10.0,156.0,9.0,10.0,73.0,288.0,30.0,63.0,10.0,156.0,9.0,10.0,5.0,156.0,9.0,5.0,77.0,288.0,28.0,68.0,5.0,156.0,9.0,5.0,8.0,230.0,86.0,1.0,85.0,294.0,30.0,73.0,8.0,230.0,86.0,1.0,20.0,156.0,12.0,19.0,67.0,288.0,36.0,54.0,20.0,156.0,12.0,19.0,75.0,50.0,21.0,16.0,164.0,144.0,56.0,54.0,95.0,102.0,22.0,22.0,18.0,141.0,309.0,589.0,1.3,233.3,8.2,8.9,7.1,8.6,0.25,54.3187523,39.5343933
NPA7,NPA6,NPA8,NPA,7,Kurils,149.0,43.5,151.4,41.4,140.8,49.3,318.9,8.7,206.0,-999.0,100.0,5.0,-999.0,-999.0,0.3,-999.0,-999.0,-999.0,0.4,-999.0,-999.0,-999.0,0.5,-999.0,-999,2,2,SS,-999,91.0,252.0,246.0,49.0,128.0,154.0,120.0,5112.0,101.0,46.0,25.0,39.0,410.0,670.0,550.0,PACIFIC,Argus et al. (2011),OKHOTSK,Argus et al. (2011),DEF_KURIL_FOREARC,Demets (1992),86.0,299.0,19.0,81.0,-999.0,90.0,295.0,24.0,82.0,9.0,235.0,90.0,0.0,6.0,221.0,98.0,1.0,92.0,291.0,28.0,81.0,14.0,229.0,90.0,0.0,7.0,108.0,149.0,6.0,83.0,295.0,24.0,76.0,7.0,181.0,138.0,5.0,7.0,126.0,167.0,7.0,83.0,294.0,25.0,75.0,9.0,190.0,129.0,6.0,25.0,139.0,180.0,25.0,68.0,286.0,33.0,57.0,26.0,158.0,161.0,25.0,PACIFIC,Gripp & Gordon (2002),NORTH_AMERICA,Gripp & Gordon (2002),-999,-999,81.0,300.0,19.0,76.0,47.0,81.0,300.0,19.0,76.0,-999.0,-999.0,-999.0,0.0,26.0,288.0,31.0,-22.0,107.0,297.0,22.0,99.0,26.0,288.0,31.0,-22.0,10.0,155.0,16.0,10.0,73.0,289.0,24.0,67.0,10.0,155.0,16.0,10.0,6.0,155.0,12.0,6.0,76.0,289.0,21.0,71.0,6.0,155.0,12.0,6.0,8.0,220.0,81.0,1.0,83.0,294.0,24.0,76.0,8.0,220.0,81.0,1.0,21.0,155.0,17.0,20.0,66.0,289.0,30.0,57.0,21.0,155.0,17.0,20.0,51.0,50.0,20.0,16.0,115.0,144.0,43.0,54.0,68.0,102.0,20.0,22.0,43.0,141.0,722.0,589.0,8.0,233.3,8.7,8.9,7.6,8.6,0.95,54.3187523,32.6275139
NPA8,NPA7,NPA9,NPA,8,Kurils,151.0,44.4,152.9,42.1,144.4,51.2,329.4,9.0,184.0,-999.0,78.0,4.0,0.3,-999.0,-999.0,-999.0,0.4,-999.0,-999.0,-999.0,-999.0,-999.0,-999.0,-999.0,-999,2,2,SS,-999,68.0,226.0,224.0,21.0,81.0,102.0,117.0,4916.0,99.0,45.0,26.0,43.0,380.0,670.0,589.0,PACIFIC,Argus et al. (2011),OKHOTSK,Argus et al. (2011),DEF_KURIL_FOREARC,Demets (1992),86.0,301.0,29.0,75.0,-999.0,89.0,296.0,34.0,74.0,9.0,235.0,94.0,-1.0,6.0,218.0,112.0,2.0,91.0,292.0,37.0,72.0,14.0,228.0,102.0,3.0,7.0,110.0,141.0,6.0,82.0,296.0,33.0,69.0,7.0,181.0,149.0,6.0,7.0,128.0,159.0,6.0,83.0,295.0,35.0,68.0,9.0,189.0,140.0,7.0,25.0,141.0,171.0,25.0,67.0,286.0,43.0,49.0,26.0,160.0,170.0,26.0,PACIFIC,Gripp & Gordon (2002),NORTH_AMERICA,Gripp & Gordon (2002),-999,-999,81.0,301.0,29.0,71.0,46.0,81.0,301.0,29.0,71.0,-999.0,-999.0,-999.0,0.0,25.0,288.0,41.0,-19.0,105.0,298.0,31.0,90.0,25.0,288.0,41.0,-19.0,11.0,156.0,4.0,11.0,71.0,290.0,33.0,59.0,11.0,156.0,4.0,11.0,7.0,156.0,4.0,7.0,75.0,290.0,31.0,64.0,7.0,156.0,4.0,7.0,8.0,218.0,69.0,3.0,82.0,296.0,34.0,68.0,8.0,218.0,69.0,3.0,21.0,156.0,7.0,21.0,65.0,290.0,39.0,50.0,21.0,156.0,7.0,21.0,43.0,50.0,15.0,16.0,133.0,144.0,50.0,54.0,96.0,102.0,21.0,22.0,34.0,141.0,616.0,589.0,4.2,233.3,8.5,8.9,7.6,8.6,0.88,54.3187523,-999.0
NPA9,NPA8,NPA10,NPA,9,Kurils,153.0,45.3,155.5,43.3,144.4,51.0,318.3,8.9,198.0,-999.0,78.0,4.0,-999.0,-999.0,0.3,-999.0,-999.0,-999.0,0.4,-999.0,-999.0,-999.0,-999.0,-999.0,-999,2,2,SS,-999,79.0,352.0,231.0,24.0,172.0,100.0,116.0,5249.0,99.0,45.0,25.0,44.0,360.0,670.0,590.0,PACIFIC,Argus et al. (2011),OKHOTSK,Argus et al. (2011),DEF_KURIL_FOREARC,Demets (1992),85.0,302.0,16.0,81.0,-999.0,89.0,297.0,22.0,82.0,9.0,235.0,83.0,1.0,6.0,215.0,103.0,1.0,90.0,293.0,25.0,81.0,15.0,226.0,92.0,0.0,8.0,113.0,154.0,7.0,81.0,297.0,21.0,76.0,8.0,180.0,138.0,6.0,7.0,130.0,172.0,7.0,82.0,296.0,23.0,75.0,10.0,189.0,129.0,6.0,25.0,142.0,176.0,25.0,67.0,287.0,31.0,57.0,26.0,161.0,157.0,24.0,PACIFIC,Gripp & Gordon (2002),NORTH_AMERICA,Gripp & Gordon (2002),-999,-999,80.0,302.0,16.0,77.0,53.0,80.0,302.0,16.0,77.0,-999.0,-999.0,-999.0,0.0,24.0,288.0,30.0,-21.0,104.0,299.0,19.0,98.0,24.0,288.0,30.0,-21.0,12.0,157.0,17.0,11.0,71.0,291.0,21.0,66.0,12.0,157.0,17.0,11.0,8.0,157.0,13.0,7.0,74.0,291.0,19.0,70.0,8.0,157.0,13.0,7.0,8.0,216.0,77.0,2.0,81.0,297.0,22.0,76.0,8.0,216.0,77.0,2.0,21.0,157.0,19.0,20.0,64.0,291.0,27.0,57.0,21.0,157.0,19.0,20.0,59.0,52.0,4.0,10.0,145.0,137.0,59.0,51.0,102.0,95.0,33.0,26.0,26.0,84.0,444.0,467.0,3.6,60.05,8.5,8.6,7.6,8.3,0.35,54.3187523,-999.0
SAM1,,SAM2,SAM,1,Central America,254.5,19.1,252.2,17.5,261.7,23.6,54.9,5.0,191.0,-999.0,-999.0,-999.0,-999.0,-999.0,0.4,-999.0,-999.0,-999.0,0.7,-999.0,-999.0,-999.0,-999.0,-999.0,-999,2,1,E,-999,272.0,728.0,585.0,96.0,243.0,218.0,10.0,203.0,29.0,13.0,30.0,50.0,280.0,300.0,195.0,RIVERA,Argus et al. (2011),NORTH_AMERICA,Argus et al. (2011),DEF_JALISCO,Selvans et al. (2010),33.0,38.0,17.0,32.0,-999.0,31.0,38.0,17.0,30.0,3.0,225.0,170.0,-3.0,32.0,247.0,168.0,31.0,16.0,319.0,96.0,-2.0,35.0,245.0,170.0,34.0,20.0,229.0,174.0,20.0,12.0,20.0,35.0,10.0,23.0,228.0,173.0,23.0,20.0,234.0,179.0,20.0,13.0,11.0,35.0,9.0,23.0,233.0,178.0,23.0,13.0,222.0,167.0,13.0,18.0,35.0,35.0,17.0,16.0,222.0,168.0,16.0,COCOS,Gripp & Gordon (2002),NORTH_AMERICA,Gripp & Gordon (2002),-999,-999,42.0,35.0,20.0,40.0,25.0,42.0,35.0,20.0,40.0,-999.0,-999.0,-999.0,0.0,38.0,255.0,20.0,36.0,28.0,333.0,82.0,4.0,38.0,255.0,20.0,36.0,19.0,225.0,11.0,18.0,24.0,31.0,27.0,21.0,19.0,225.0,11.0,18.0,22.0,225.0,11.0,22.0,21.0,31.0,31.0,18.0,22.0,225.0,11.0,22.0,24.0,243.0,8.0,24.0,24.0,6.0,49.0,16.0,24.0,243.0,8.0,24.0,11.0,225.0,10.0,11.0,31.0,31.0,24.0,29.0,11.0,225.0,10.0,11.0,-999.0,45.0,-999.0,11.0,-999.0,113.0,-999.0,41.0,-999.0,74.0,-999.0,24.0,8.0,62.0,118.0,149.0,0.0,125.7,0.0,8.6,0.0,8.0,0.85,47.5499992,-999.0
SAM10,SAM9,SAM11,SAM,10,Central America,272.0,11.4,270.6,9.1,276.5,18.2,32.0,5.3,181.0,-999.0,130.0,15.0,-999.0,-999.0,0.4,-999.0,-999.0,-999.0,0.6,-999.0,-999.0,-999.0,0.7,-999.0,-999,2,1,SS-E,-999,78.0,225.0,166.0,28.0,75.0,87.0,25.0,1393.0,46.0,21.0,34.0,68.0,240.0,400.0,350.0,COCOS,Argus et al. (2011),CARIBBEAN,Argus et al. (2011),CENTRAL AMERICAN FOREARC,"Carvajal-Soto et al., (2020)",75.0,29.0,3.0,75.0,54.0,74.0,22.0,10.0,72.0,9.0,287.0,105.0,-2.0,12.0,246.0,146.0,10.0,65.0,14.0,18.0,62.0,20.0,263.0,129.0,12.0,7.0,148.0,116.0,3.0,69.0,27.0,5.0,69.0,6.0,232.0,160.0,6.0,5.0,154.0,122.0,3.0,70.0,25.0,7.0,70.0,7.0,251.0,141.0,5.0,13.0,81.0,49.0,-9.0,81.0,30.0,2.0,81.0,6.0,44.0,12.0,-6.0,COCOS,Gripp & Gordon (2002),CARIBBEAN,Gripp & Gordon (2002),-999,-999,78.0,27.0,5.0,78.0,58.0,78.0,27.0,5.0,78.0,-999.0,-999.0,-999.0,0.0,30.0,254.0,42.0,22.0,61.0,7.0,25.0,55.0,30.0,254.0,42.0,22.0,7.0,74.0,15.0,6.0,71.0,31.0,3.0,71.0,7.0,74.0,15.0,6.0,11.0,74.0,5.0,11.0,67.0,31.0,4.0,67.0,11.0,74.0,5.0,11.0,12.0,244.0,32.0,10.0,69.0,22.0,10.0,68.0,12.0,244.0,32.0,10.0,6.0,74.0,42.0,-4.0,82.0,31.0,1.0,82.0,6.0,74.0,42.0,-4.0,63.0,48.0,15.0,15.0,139.0,139.0,62.0,63.0,90.0,103.0,32.0,28.0,20.0,119.0,296.0,317.0,3.7,23.89,8.4,8.1,7.6,7.7,0.03,49.6333351,32.4675255
SAM11,SAM10,SAM12,SAM,11,Central America,274.0,9.4,272.6,7.1,278.2,16.4,30.0,3.8,196.0,-999.0,130.0,15.0,-999.0,-999.0,0.4,-999.0,0.7,-999.0,-999.0,-999.0,0.9,-999.0,-999.0,-999.0,2,-999,1,C-SS,-999,138.0,433.0,244.0,99.0,411.0,176.0,19.0,923.0,41.0,19.0,32.0,67.0,260.0,400.0,259.0,COCOS,Argus et al. (2011),CARIBBEAN,Argus et al. (2011),PANAMA,Argus et al. (2011),67.0,27.0,3.0,67.0,44.0,77.0,23.0,7.0,76.0,11.0,359.0,31.0,9.0,12.0,247.0,143.0,9.0,69.0,17.0,13.0,67.0,13.0,302.0,88.0,0.0,7.0,144.0,114.0,3.0,74.0,28.0,2.0,73.0,7.0,37.0,7.0,-7.0,5.0,148.0,118.0,2.0,74.0,27.0,3.0,74.0,7.0,20.0,10.0,-7.0,14.0,78.0,48.0,-10.0,86.0,31.0,1.0,86.0,20.0,44.0,14.0,-19.0,COCOS,Gripp & Gordon (2002),CARIBBEAN,Gripp & Gordon (2002),-999,-999,83.0,29.0,1.0,83.0,57.0,83.0,29.0,1.0,83.0,-999.0,-999.0,-999.0,0.0,30.0,254.0,44.0,22.0,66.0,10.0,20.0,62.0,30.0,254.0,44.0,22.0,5.0,69.0,19.0,5.0,78.0,32.0,0.0,78.0,5.0,69.0,19.0,5.0,10.0,69.0,6.0,9.0,74.0,32.0,1.0,74.0,10.0,69.0,6.0,9.0,10.0,245.0,35.0,8.0,76.0,24.0,6.0,75.0,10.0,245.0,35.0,8.0,8.0,69.0,39.0,-6.0,90.0,32.0,2.0,90.0,8.0,69.0,39.0,-6.0,-999.0,32.0,-999.0,14.0,-999.0,165.0,-999.0,48.0,-999.0,138.0,-999.0,14.0,9.0,24.0,132.0,166.0,0.0,9.43,0.0,8.1,0.0,7.4,0.06,47.5499992,28.9908466
SAM12,SAM11,SAM13,SAM,12,Central America,276.0,8.4,274.7,6.0,280.1,15.4,29.0,3.0,165.0,-999.0,96.0,8.0,-999.0,-999.0,0.7,-999.0,-999.0,-999.0,1.4,-999.0,-999.0,-999.0,1.0,-999.0,-999,2,1,C-SS,-999,175.0,686.0,498.0,74.0,351.0,193.0,16.0,804.0,37.0,17.0,36.0,58.0,540.0,100.0,96.0,COCOS,Argus et al. (2011),CARIBBEAN,Argus et al. (2011),PANAMA,Argus et al. (2011),70.0,28.0,1.0,70.0,-999.0,80.0,24.0,5.0,79.0,11.0,359.0,30.0,10.0,11.0,249.0,140.0,9.0,72.0,17.0,12.0,71.0,13.0,304.0,85.0,-1.0,7.0,141.0,112.0,3.0,77.0,28.0,1.0,77.0,7.0,36.0,7.0,-7.0,5.0,143.0,114.0,2.0,77.0,27.0,2.0,77.0,8.0,21.0,8.0,-8.0,15.0,75.0,46.0,-10.0,90.0,31.0,2.0,90.0,21.0,44.0,15.0,-20.0,COCOS,Gripp & Gordon (2002),CARIBBEAN,Gripp & Gordon (2002),PANAMA,Freymuller et al. (1993),77.0,-999.0,1.0,77.0,21.0,88.0,-999.0,0.0,88.0,-999.0,-999.0,-999.0,11.0,31.0,-999.0,45.0,22.0,70.0,11.0,18.0,67.0,26.0,274.0,65.0,11.0,-999.0,-999.0,-999.0,-999.0,-999.0,-999.0,-999.0,-999.0,-999.0,-999.0,-999.0,-999.0,-999.0,-999.0,-999.0,-999.0,-999.0,-999.0,-999.0,-999.0,-999.0,-999.0,-999.0,-999.0,-999.0,-999.0,-999.0,-999.0,-999.0,-999.0,-999.0,-999.0,-999.0,-999.0,-999.0,-999.0,-999.0,-999.0,-999.0,-999.0,-999.0,-999.0,-999.0,-999.0,17.0,37.0,8.0,-17.0,32.0,32.0,14.0,14.0,90.0,165.0,47.0,48.0,67.0,138.0,29.0,14.0,14.0,24.0,204.0,166.0,2.3,9.43,8.3,8.1,7.4,7.4,0.05,37.8571396,26.9816608
SAM13,SAM12,SAM14,SAM,13,Panama,279.0,10.0,277.9,12.5,282.2,2.5,157.0,3.0,-999.0,-999.0,-999.0,-999.0,-999.0,-999.0,0.6,-999.0,-999.0,-999.0,2.0,-999.0,-999.0,-999.0,-999.0,-999.0,-999,1,1,SS-E,-999,-999.0,-999.0,-999.0,-999.0,-999.0,-999.0,-999.0,-999.0,-999.0,-999.0,-999.0,-999.0,-999.0,60.0,-999.0,CARIBBEAN,Argus et al. (2011),NAZCA,Argus et al. (2011),PANAMA,Argus et al. (2011),11.0,180.0,23.0,10.0,-999.0,35.0,248.0,91.0,-1.0,33.0,267.0,110.0,-11.0,24.0,66.0,91.0,1.0,11.0,253.0,96.0,-1.0,13.0,306.0,150.0,11.0,38.0,77.0,80.0,-7.0,6.0,140.0,17.0,6.0,7.0,32.0,15.0,4.0,37.0,74.0,83.0,-5.0,4.0,142.0,15.0,4.0,8.0,17.0,2.0,6.0,50.0,68.0,89.0,-1.0,15.0,69.0,88.0,1.0,21.0,40.0,48.0,10.0,CARIBBEAN,Gripp & Gordon (2002),NORTH_AMERICA,Gripp & Gordon (2002),PANAMA,Freymuller et al. (1993),10.0,-999.0,80.0,2.0,-999.0,14.0,-999.0,52.0,9.0,-999.0,-999.0,-999.0,7.0,43.0,-999.0,74.0,-12.0,30.0,253.0,84.0,3.0,21.0,-999.0,77.0,-5.0,-999.0,-999.0,-999.0,-999.0,-999.0,-999.0,-999.0,-999.0,-999.0,-999.0,-999.0,-999.0,-999.0,-999.0,-999.0,-999.0,-999.0,-999.0,-999.0,-999.0,-999.0,-999.0,-999.0,-999.0,-999.0,-999.0,-999.0,-999.0,-999.0,-999.0,-999.0,-999.0,-999.0,-999.0,-999.0,-999.0,-999.0,-999.0,-999.0,-999.0,-999.0,-999.0,-999.0,-999.0,-999.0,-999.0,-999.0,-999.0,-999.0,-999.0,-999.0,-999.0,-999.0,-999.0,-999.0,-999.0,-999.0,-999.0,-999.0,-999.0,0.0,0.0,0.0,0.0,0.0,-999.0,0.0,-999.0,0.0,-999.0,0.0,33.3849945,-999.0
SAM14,SAM13,SAM15,SAM,14,Panama,280.5,10.5,280.2,13.2,281.5,2.5,173.0,3.6,-999.0,-999.0,-999.0,-999.0,-999.0,-999.0,0.6,-999.0,-999.0,-999.0,2.0,-999.0,-999.0,-999.0,-999.0,-999.0,-999,1,1,SS,-999,-999.0,-999.0,-999.0,-999.0,-999.0,-999.0,-999.0,-999.0,-999.0,-999.0,-999.0,-999.0,-999.0,60.0,-999.0,CARIBBEAN,Argus et al. (2011),NAZCA,Argus et al. (2011),PANAMA,Argus et al. (2011),11.0,180.0,7.0,11.0,-999.0,35.0,247.0,74.0,10.0,33.0,266.0,92.0,-1.0,24.0,63.0,110.0,8.0,11.0,255.0,82.0,2.0,14.0,307.0,135.0,9.0,37.0,75.0,97.0,5.0,6.0,139.0,34.0,5.0,8.0,30.0,4.0,6.0,36.0,73.0,100.0,7.0,4.0,141.0,32.0,3.0,9.0,16.0,16.0,8.0,50.0,67.0,106.0,14.0,15.0,66.0,107.0,-4.0,22.0,38.0,69.0,15.0,CARIBBEAN,Gripp & Gordon (2002),NORTH_AMERICA,Gripp & Gordon (2002),PANAMA,Freymuller et al. (1993),10.0,-999.0,64.0,4.0,-999.0,13.0,-999.0,69.0,5.0,-999.0,-999.0,-999.0,0.0,43.0,-999.0,90.0,0.0,30.0,253.0,80.0,5.0,21.0,-999.0,87.0,-1.0,-999.0,-999.0,-999.0,-999.0,-999.0,-999.0,-999.0,-999.0,-999.0,-999.0,-999.0,-999.0,-999.0,-999.0,-999.0,-999.0,-999.0,-999.0,-999.0,-999.0,-999.0,-999.0,-999.0,-999.0,-999.0,-999.0,-999.0,-999.0,-999.0,-999.0,-999.0,-999.0,-999.0,-999.0,-999.0,-999.0,-999.0,-999.0,-999.0,-999.0,-999.0,-999.0,-999.0,-999.0,-999.0,-999.0,-999.0,-999.0,-999.0,-999.0,-999.0,-999.0,-999.0,-999.0,-999.0,-999.0,-999.0,-999.0,-999.0,-999.0,0.0,0.0,0.0,0.0,0.0,-999.0,0.0,-999.0,0.0,-999.0,0.0,33.3849945,-999.0
SAM15,SAM14,SAM16,SAM,15,Panama,282.0,10.4,283.8,12.5,276.8,4.2,220.0,3.3,-999.0,-999.0,-999.0,-999.0,-999.0,-999.0,0.6,-999.0,-999.0,-999.0,2.0,-999.0,-999.0,-999.0,-999.0,-999.0,-999,1,1,C-SS,-999,-999.0,-999.0,-999.0,-999.0,-999.0,-999.0,130.0,-999.0,105.0,48.0,-999.0,-999.0,-999.0,60.0,-999.0,CARIBBEAN,Argus et al. (2011),NAZCA,Argus et al. (2011),PANAMA,Argus et al. (2011),11.0,180.0,40.0,9.0,-999.0,36.0,246.0,26.0,32.0,33.0,264.0,34.0,27.0,25.0,61.0,159.0,23.0,11.0,257.0,37.0,9.0,14.0,308.0,89.0,0.0,38.0,74.0,146.0,31.0,6.0,137.0,83.0,1.0,8.0,29.0,54.0,8.0,37.0,71.0,149.0,32.0,3.0,137.0,83.0,0.0,9.0,16.0,67.0,8.0,51.0,66.0,154.0,46.0,15.0,64.0,156.0,-14.0,22.0,38.0,118.0,22.0,CARIBBEAN,Gripp & Gordon (2002),NORTH_AMERICA,Gripp & Gordon (2002),PANAMA,Freymuller et al. (1993),10.0,-999.0,17.0,9.0,-999.0,13.0,-999.0,62.0,-6.0,-999.0,-999.0,-999.0,-15.0,43.0,-999.0,42.0,-32.0,30.0,263.0,33.0,25.0,21.0,-999.0,40.0,-16.0,-999.0,-999.0,-999.0,-999.0,-999.0,-999.0,-999.0,-999.0,-999.0,-999.0,-999.0,-999.0,-999.0,-999.0,-999.0,-999.0,-999.0,-999.0,-999.0,-999.0,-999.0,-999.0,-999.0,-999.0,-999.0,-999.0,-999.0,-999.0,-999.0,-999.0,-999.0,-999.0,-999.0,-999.0,-999.0,-999.0,-999.0,-999.0,-999.0,-999.0,-999.0,-999.0,-999.0,-999.0,-999.0,-999.0,-999.0,-999.0,-999.0,-999.0,-999.0,-999.0,-999.0,-999.0,-999.0,-999.0,-999.0,-999.0,-999.0,-999.0,0.0,0.0,0.0,0.0,0.0,-999.0,0.0,-999.0,0.0,-999.0,0.0,33.3849945,-999.0
SAM16,SAM15,SAM17,SAM,16,Venezuela,283.5,10.0,280.4,10.7,290.9,7.8,105.0,3.0,-999.0,-999.0,-999.0,-999.0,2.0,-999.0,-999.0,-999.0,4.0,-999.0,-999.0,-999.0,0.0,-999.0,-999.0,-999.0,1,-999,1,C-SS,-999,-999.0,-999.0,-999.0,-999.0,-999.0,-999.0,131.0,-999.0,105.0,48.0,-999.0,-999.0,-999.0,300.0,200.0,CARIBBEAN,Argus et al. (2011),SOUTH_AMERICA,Argus et al. (2011),NORTH ANDES,Jarrin et al. (2023),3.0,95.0,10.0,3.0,-999.0,20.0,89.0,16.0,19.0,17.0,88.0,18.0,16.0,31.0,265.0,160.0,29.0,11.0,258.0,153.0,-10.0,14.0,262.0,109.0,13.0,17.0,255.0,150.0,14.0,6.0,135.0,30.0,5.0,4.0,166.0,136.0,-2.0,18.0,261.0,156.0,16.0,3.0,133.0,28.0,3.0,2.0,196.0,168.0,0.0,9.0,317.0,148.0,8.0,15.0,63.0,42.0,11.0,13.0,56.0,14.0,-8.0,CARIBBEAN,Gripp & Gordon (2002),SOUTH_AMERICA,Gripp & Gordon (2002),NORTH_ANDES,Freymuller et al. (1993),17.0,-999.0,27.0,15.0,-999.0,13.0,-999.0,4.0,13.0,-999.0,-999.0,-999.0,-2.0,43.0,-999.0,23.0,40.0,31.0,253.0,32.0,26.0,32.0,273.0,12.0,31.0,-999.0,-999.0,-999.0,-999.0,-999.0,-999.0,-999.0,-999.0,-999.0,-999.0,-999.0,-999.0,-999.0,-999.0,-999.0,-999.0,-999.0,-999.0,-999.0,-999.0,-999.0,-999.0,-999.0,-999.0,-999.0,-999.0,-999.0,-999.0,-999.0,-999.0,-999.0,-999.0,-999.0,-999.0,-999.0,-999.0,-999.0,-999.0,-999.0,-999.0,-999.0,-999.0,-999.0,-999.0,17.0,13.0,88.0,1.0,-999.0,-999.0,-999.0,-999.0,-999.0,-999.0,-999.0,-999.0,-999.0,-999.0,-999.0,-999.0,0.0,0.0,0.0,0.0,0.0,-999.0,0.0,-999.0,0.0,-999.0,0.0,26.1731873,-999.0
SAM17,SAM16,SAM18,SAM,17,Venezuela,285.0,12.2,283.0,14.1,290.7,6.4,135.0,3.7,-999.0,-999.0,-999.0,-999.0,-999.0,-999.0,2.5,-999.0,-999.0,-999.0,4.0,-999.0,-999.0,-999.0,-999.0,-999.0,-999,1,1,SS-C,-999,-999.0,-999.0,-999.0,-999.0,-999.0,-999.0,-999.0,-999.0,-999.0,-999.0,-999.0,-999.0,-999.0,300.0,200.0,CARIBBEAN,Argus et al. (2011),SOUTH_AMERICA,Argus et al. (2011),NORTH ANDES,Jarrin et al. (2023),4.0,149.0,14.0,4.0,-999.0,19.0,87.0,48.0,13.0,18.0,75.0,61.0,9.0,31.0,265.0,130.0,19.0,11.0,261.0,126.0,-7.0,14.0,278.0,152.0,11.0,16.0,254.0,119.0,8.0,5.0,136.0,1.0,5.0,1.0,83.0,82.0,-1.0,17.0,260.0,125.0,10.0,3.0,134.0,1.0,3.0,2.0,352.0,9.0,2.0,9.0,317.0,178.0,9.0,15.0,58.0,77.0,3.0,16.0,42.0,35.0,1.0,CARIBBEAN,Gripp & Gordon (2002),SOUTH_AMERICA,Gripp & Gordon (2002),NORTH_ANDES,Freymuller et al. (1993),17.0,-999.0,3.0,17.0,-999.0,13.0,-999.0,35.0,11.0,-999.0,-999.0,-999.0,-6.0,42.0,-999.0,54.0,25.0,30.0,253.0,62.0,14.0,41.0,273.0,42.0,31.0,-999.0,-999.0,-999.0,-999.0,-999.0,-999.0,-999.0,-999.0,-999.0,-999.0,-999.0,-999.0,-999.0,-999.0,-999.0,-999.0,-999.0,-999.0,-999.0,-999.0,-999.0,-999.0,-999.0,-999.0,-999.0,-999.0,-999.0,-999.0,-999.0,-999.0,-999.0,-999.0,-999.0,-999.0,-999.0,-999.0,-999.0,-999.0,-999.0,-999.0,-999.0,-999.0,-999.0,-999.0,19.0,341.0,26.0,17.0,-999.0,-999.0,-999.0,-999.0,-999.0,-999.0,-999.0,-999.0,-999.0,-999.0,-999.0,-999.0,0.0,0.0,0.0,0.0,0.0,-999.0,0.0,-999.0,0.0,-999.0,0.0,26.1731873,-999.0
SAM18,SAM17,SAM19,SAM,18,Venezuela,287.0,13.4,285.6,15.7,291.2,6.4,149.0,4.1,-999.0,-999.0,-999.0,-999.0,-999.0,-999.0,2.5,-999.0,-999.0,-999.0,1.8,-999.0,-999.0,-999.0,-999.0,-999.0,-999,1,1,SS-C,-999,-999.0,-999.0,-999.0,-999.0,-999.0,-999.0,144.0,-999.0,110.0,50.0,-999.0,-999.0,-999.0,300.0,130.0,CARIBBEAN,Argus et al. (2011),SOUTH_AMERICA,Argus et al. (2011),NORTH ANDES,Jarrin et al. (2023),2.0,131.0,18.0,2.0,-999.0,19.0,85.0,64.0,8.0,18.0,82.0,68.0,7.0,30.0,264.0,115.0,13.0,12.0,263.0,114.0,-5.0,13.0,268.0,154.0,6.0,16.0,253.0,104.0,4.0,4.0,135.0,14.0,4.0,3.0,137.0,123.0,-3.0,17.0,260.0,111.0,6.0,2.0,131.0,18.0,2.0,1.0,131.0,113.0,-1.0,10.0,318.0,169.0,10.0,15.0,54.0,95.0,-1.0,15.0,48.0,47.0,3.0,CARIBBEAN,Gripp & Gordon (2002),SOUTH_AMERICA,Gripp & Gordon (2002),NORTH_ANDES,Freymuller et al. (1993),17.0,-999.0,17.0,16.0,-999.0,12.0,-999.0,51.0,8.0,-999.0,-999.0,-999.0,-9.0,42.0,-999.0,69.0,-15.0,30.0,253.0,76.0,7.0,41.0,273.0,56.0,23.0,-999.0,-999.0,-999.0,-999.0,-999.0,-999.0,-999.0,-999.0,-999.0,-999.0,-999.0,-999.0,-999.0,-999.0,-999.0,-999.0,-999.0,-999.0,-999.0,-999.0,-999.0,-999.0,-999.0,-999.0,-999.0,-999.0,-999.0,-999.0,-999.0,-999.0,-999.0,-999.0,-999.0,-999.0,-999.0,-999.0,-999.0,-999.0,-999.0,-999.0,-999.0,-999.0,-999.0,-999.0,20.0,340.0,11.0,20.0,-999.0,-999.0,-999.0,-999.0,-999.0,-999.0,-999.0,-999.0,-999.0,-999.0,-999.0,-999.0,0.0,0.0,0.0,0.0,0.0,-999.0,0.0,-999.0,0.0,-999.0,0.0,34.046524,-999.0
SAM19,SAM18,SAM20,SAM,19,Venezuela,289.0,13.8,289.0,16.5,289.1,5.7,179.0,4.6,-999.0,-999.0,-999.0,-999.0,-999.0,-999.0,2.0,-999.0,-999.0,-999.0,1.8,-999.0,-999.0,-999.0,-999.0,-999.0,-999,1,1,SS,-999,-999.0,-999.0,-999.0,-999.0,-999.0,-999.0,149.0,-999.0,112.0,51.0,-999.0,-999.0,-999.0,300.0,130.0,CARIBBEAN,Argus et al. (2011),SOUTH_AMERICA,Argus et al. (2011),NORTH ANDES,Jarrin et al. (2023),1.0,90.0,89.0,0.0,-999.0,19.0,84.0,95.0,-2.0,18.0,83.0,96.0,-2.0,30.0,264.0,85.0,-3.0,12.0,265.0,86.0,1.0,13.0,266.0,180.0,-1.0,16.0,253.0,74.0,-5.0,4.0,132.0,47.0,3.0,3.0,143.0,96.0,-3.0,17.0,260.0,81.0,-3.0,2.0,123.0,56.0,1.0,1.0,151.0,95.0,-1.0,10.0,319.0,140.0,8.0,15.0,52.0,127.0,-9.0,15.0,49.0,78.0,9.0,CARIBBEAN,Gripp & Gordon (2002),SOUTH_AMERICA,Gripp & Gordon (2002),NORTH_ANDES,Freymuller et al. (1993),17.0,-999.0,47.0,12.0,-999.0,12.0,-999.0,83.0,2.0,-999.0,-999.0,-999.0,-10.0,42.0,-999.0,80.0,-7.0,30.0,253.0,74.0,8.0,41.0,273.0,86.0,3.0,-999.0,-999.0,-999.0,-999.0,-999.0,-999.0,-999.0,-999.0,-999.0,-999.0,-999.0,-999.0,-999.0,-999.0,-999.0,-999.0,-999.0,-999.0,-999.0,-999.0,-999.0,-999.0,-999.0,-999.0,-999.0,-999.0,-999.0,-999.0,-999.0,-999.0,-999.0,-999.0,-999.0,-999.0,-999.0,-999.0,-999.0,-999.0,-999.0,-999.0,-999.0,-999.0,-999.0,-999.0,21.0,340.0,19.0,20.0,-999.0,-999.0,-999.0,-999.0,-999.0,-999.0,-999.0,-999.0,-999.0,-999.0,-999.0,-999.0,0.0,0.0,0.0,0.0,0.0,-999.0,0.0,-999.0,0.0,-999.0,0.0,34.046524,-999.0
SAM2,SAM1,SAM3,SAM,2,Central America,256.0,17.9,254.3,15.7,261.3,24.3,37.4,4.9,207.0,-999.0,-999.0,-999.0,-999.0,-999.0,0.4,-999.0,-999.0,-999.0,0.7,-999.0,-999.0,-999.0,-999.0,-999.0,-999,2,1,SS-E,-999,176.0,456.0,337.0,72.0,275.0,148.0,3.0,126.0,15.0,7.0,34.0,51.0,310.0,300.0,195.0,COCOS,Argus et al. (2011),NORTH_AMERICA,Argus et al. (2011),SOUTHERN MEXICO,"Andreani et al., (2008)",65.0,23.0,14.0,63.0,-999.0,59.0,32.0,5.0,59.0,11.0,149.0,112.0,-4.0,32.0,247.0,150.0,28.0,38.0,3.0,34.0,31.0,32.0,227.0,170.0,32.0,20.0,229.0,168.0,19.0,41.0,24.0,13.0,40.0,24.0,202.0,165.0,24.0,20.0,234.0,163.0,20.0,41.0,21.0,16.0,40.0,24.0,207.0,169.0,24.0,12.0,222.0,175.0,12.0,47.0,29.0,8.0,47.0,19.0,188.0,151.0,17.0,COCOS,Gripp & Gordon (2002),NORTH_AMERICA,Gripp & Gordon (2002),-999,-999,47.0,36.0,1.0,47.0,-999.0,47.0,36.0,1.0,47.0,-999.0,-999.0,-999.0,0.0,39.0,255.0,40.0,30.0,30.0,341.0,54.0,18.0,39.0,255.0,40.0,30.0,19.0,226.0,9.0,19.0,29.0,33.0,8.0,28.0,19.0,226.0,9.0,19.0,22.0,226.0,7.0,22.0,26.0,33.0,8.0,25.0,22.0,226.0,7.0,22.0,24.0,243.0,26.0,22.0,28.0,13.0,25.0,26.0,24.0,243.0,26.0,22.0,11.0,226.0,9.0,11.0,37.0,33.0,4.0,37.0,11.0,226.0,9.0,11.0,42.0,45.0,16.0,11.0,106.0,113.0,41.0,41.0,69.0,74.0,21.0,24.0,16.0,62.0,240.0,149.0,25.0,125.7,9.0,8.6,8.0,8.0,0.53,47.5499992,-999.0
SAM20,SAM19,SAM21,SAM,20,Venezuela,291.0,13.5,291.0,16.2,291.0,5.4,180.0,5.1,-999.0,-999.0,-999.0,-999.0,-999.0,-999.0,1.7,-999.0,1.8,-999.0,1.8,-999.0,-999.0,-999.0,1.4,-999.0,-999,1,1,SS,-999,-999.0,-999.0,-999.0,-999.0,-999.0,-999.0,149.0,-999.0,112.0,51.0,-999.0,-999.0,-999.0,300.0,50.0,CARIBBEAN,Argus et al. (2011),SOUTH_AMERICA,Argus et al. (2011),NORTH ANDES,Jarrin et al. (2023),2.0,48.0,133.0,-1.0,-999.0,19.0,82.0,98.0,-3.0,18.0,85.0,95.0,-2.0,30.0,264.0,84.0,-3.0,12.0,268.0,88.0,0.0,13.0,263.0,175.0,-2.0,16.0,253.0,73.0,-5.0,4.0,127.0,53.0,2.0,4.0,150.0,97.0,-2.0,17.0,259.0,79.0,-3.0,2.0,108.0,72.0,1.0,2.0,164.0,92.0,-2.0,10.0,320.0,140.0,8.0,16.0,50.0,130.0,-10.0,15.0,50.0,80.0,9.0,CARIBBEAN,Gripp & Gordon (2002),SOUTH_AMERICA,Gripp & Gordon (2002),NORTH_ANDES,Freymuller et al. (1993),17.0,-999.0,53.0,10.0,-999.0,12.0,-999.0,87.0,1.0,-999.0,-999.0,-999.0,-10.0,42.0,-999.0,74.0,-12.0,30.0,253.0,68.0,11.0,41.0,273.0,88.0,1.0,-999.0,-999.0,-999.0,-999.0,-999.0,-999.0,-999.0,-999.0,-999.0,-999.0,-999.0,-999.0,-999.0,-999.0,-999.0,-999.0,-999.0,-999.0,-999.0,-999.0,-999.0,-999.0,-999.0,-999.0,-999.0,-999.0,-999.0,-999.0,-999.0,-999.0,-999.0,-999.0,-999.0,-999.0,-999.0,-999.0,-999.0,-999.0,-999.0,-999.0,-999.0,-999.0,-999.0,-999.0,21.0,343.0,17.0,20.0,-999.0,-999.0,-999.0,-999.0,-999.0,-999.0,-999.0,-999.0,-999.0,-999.0,-999.0,-999.0,0.0,0.0,0.0,0.0,0.0,-999.0,0.0,-999.0,0.0,-999.0,0.0,34.4778976,26.0326118
SAM21,SAM20,SAM22,SAM,21,Venezuela,293.0,13.1,293.2,15.8,292.3,5.0,185.0,5.1,-999.0,-999.0,-999.0,-999.0,-999.0,-999.0,3.0,-999.0,-999.0,-999.0,3.8,-999.0,-999.0,-999.0,1.2,-999.0,-999,1,1,SS,-999,-999.0,-999.0,-999.0,-999.0,-999.0,-999.0,150.0,-999.0,113.0,51.0,-999.0,-999.0,-999.0,300.0,34.0,CARIBBEAN,Argus et al. (2011),SOUTH_AMERICA,Argus et al. (2011),NORTH ANDES,Jarrin et al. (2023),3.0,33.0,152.0,-2.0,-999.0,19.0,80.0,105.0,-5.0,18.0,86.0,99.0,-3.0,31.0,264.0,79.0,-6.0,12.0,270.0,85.0,1.0,13.0,261.0,176.0,-3.0,17.0,252.0,67.0,-6.0,4.0,120.0,65.0,2.0,4.0,156.0,91.0,-4.0,17.0,259.0,74.0,-5.0,2.0,93.0,92.0,0.0,2.0,172.0,80.0,-2.0,10.0,322.0,137.0,7.0,17.0,48.0,137.0,-12.0,14.0,51.0,86.0,10.0,CARIBBEAN,Gripp & Gordon (2002),SOUTH_AMERICA,Gripp & Gordon (2002),NORTH_ANDES,Freymuller et al. (1993),17.0,-999.0,63.0,8.0,-999.0,12.0,-999.0,77.0,3.0,-999.0,-999.0,-999.0,-5.0,42.0,-999.0,63.0,-19.0,31.0,253.0,58.0,16.0,42.0,273.0,78.0,-9.0,-999.0,-999.0,-999.0,-999.0,-999.0,-999.0,-999.0,-999.0,-999.0,-999.0,-999.0,-999.0,-999.0,-999.0,-999.0,-999.0,-999.0,-999.0,-999.0,-999.0,-999.0,-999.0,-999.0,-999.0,-999.0,-999.0,-999.0,-999.0,-999.0,-999.0,-999.0,-999.0,-999.0,-999.0,-999.0,-999.0,-999.0,-999.0,-999.0,-999.0,-999.0,-999.0,-999.0,-999.0,22.0,342.0,23.0,20.0,-999.0,-999.0,-999.0,-999.0,-999.0,-999.0,-999.0,-999.0,-999.0,-999.0,-999.0,-999.0,0.0,0.0,0.0,0.0,0.0,-999.0,0.0,-999.0,0.0,-999.0,0.0,26.6599979,16.2122993
SAM22,SAM21,SAM23,SAM,22,Muertos,290.0,17.3,289.1,14.7,292.9,24.9,19.0,5.0,-999.0,-999.0,-999.0,-999.0,-999.0,-999.0,1.4,-999.0,0.3,-999.0,-999.0,-999.0,0.1,-999.0,-999.0,-999.0,-999,1,1,SS-C,-999,-999.0,-999.0,-999.0,-999.0,-999.0,-999.0,146.0,-999.0,111.0,51.0,-999.0,-999.0,-999.0,60.0,-999.0,CARIBBEAN,Argus et al. (2011),NORTH_AMERICA,Argus et al. (2011),HISPANIOLA,Calais et al. (2023),7.0,41.0,22.0,6.0,-999.0,20.0,73.0,54.0,12.0,15.0,88.0,69.0,5.0,32.0,259.0,121.0,16.0,12.0,267.0,112.0,-5.0,2.0,251.0,139.0,11.0,19.0,244.0,135.0,13.0,3.0,139.0,120.0,-2.0,8.0,197.0,77.0,8.0,19.0,251.0,128.0,12.0,1.0,138.0,119.0,0.0,7.0,212.0,93.0,7.0,10.0,296.0,83.0,-1.0,14.0,46.0,27.0,13.0,8.0,51.0,32.0,-6.0,CARIBBEAN,Gripp & Gordon (2002),NORTH_AMERICA,Gripp & Gordon (2002),PUERTO_RICO,Jansma et al. (2000),2.0,-999.0,39.0,2.0,-999.0,11.0,-999.0,81.0,2.0,-999.0,-999.0,-999.0,0.0,41.0,-999.0,55.0,24.0,30.0,252.0,53.0,18.0,33.0,-999.0,52.0,20.0,-999.0,-999.0,-999.0,-999.0,-999.0,-999.0,-999.0,-999.0,-999.0,-999.0,-999.0,-999.0,-999.0,-999.0,-999.0,-999.0,-999.0,-999.0,-999.0,-999.0,-999.0,-999.0,-999.0,-999.0,-999.0,-999.0,-999.0,-999.0,-999.0,-999.0,-999.0,-999.0,-999.0,-999.0,-999.0,-999.0,-999.0,-999.0,-999.0,-999.0,-999.0,-999.0,-999.0,-999.0,-999.0,-999.0,-999.0,-999.0,-999.0,-999.0,-999.0,-999.0,-999.0,-999.0,-999.0,-999.0,-999.0,-999.0,-999.0,-999.0,3.0,3.0,45.0,15.0,0.0,0.22,0.0,6.9,0.0,5.7,0.0,57.0583305,43.3
SAM23,SAM22,SAM24,SAM,23,Muertos,292.0,17.2,291.8,14.5,292.6,25.3,4.0,5.4,-999.0,-999.0,-999.0,-999.0,1.4,-999.0,-999.0,-999.0,1.5,-999.0,-999.0,-999.0,0.7,-999.0,-999.0,-999.0,-999,1,1,SS-C,-999,-999.0,-999.0,-999.0,-999.0,-999.0,-999.0,145.0,-999.0,111.0,51.0,-999.0,-999.0,-999.0,60.0,-999.0,CARIBBEAN,Argus et al. (2011),NORTH_AMERICA,Argus et al. (2011),PUERTO-RICO,Calais et al. (2023),3.0,45.0,41.0,2.0,-999.0,20.0,73.0,69.0,7.0,18.0,77.0,73.0,5.0,32.0,259.0,105.0,8.0,12.0,269.0,95.0,-1.0,14.0,262.0,167.0,3.0,19.0,245.0,119.0,9.0,3.0,133.0,129.0,-2.0,4.0,175.0,46.0,4.0,19.0,252.0,112.0,7.0,1.0,113.0,109.0,0.0,2.0,208.0,99.0,2.0,10.0,301.0,63.0,-4.0,15.0,44.0,40.0,12.0,13.0,44.0,40.0,-10.0,CARIBBEAN,Gripp & Gordon (2002),NORTH_AMERICA,Gripp & Gordon (2002),PUERTO_RICO,Jansma et al. (2000),2.0,-999.0,54.0,1.0,-999.0,11.0,-999.0,84.0,1.0,-999.0,-999.0,-999.0,0.0,41.0,-999.0,70.0,14.0,30.0,252.0,68.0,11.0,33.0,-999.0,67.0,13.0,-999.0,-999.0,-999.0,-999.0,-999.0,-999.0,-999.0,-999.0,-999.0,-999.0,-999.0,-999.0,-999.0,-999.0,-999.0,-999.0,-999.0,-999.0,-999.0,-999.0,-999.0,-999.0,-999.0,-999.0,-999.0,-999.0,-999.0,-999.0,-999.0,-999.0,-999.0,-999.0,-999.0,-999.0,-999.0,-999.0,-999.0,-999.0,-999.0,-999.0,-999.0,-999.0,-999.0,-999.0,-999.0,-999.0,-999.0,-999.0,-999.0,-999.0,-999.0,-999.0,-999.0,-999.0,-999.0,-999.0,-999.0,-999.0,-999.0,-999.0,0.0,3.0,0.0,15.0,0.0,0.22,0.0,6.9,0.0,5.7,0.0,36.9633293,23.5809612
SAM24,SAM23,SAM25,SAM,24,Muertos,294.0,17.2,293.9,14.5,294.3,25.3,2.0,5.0,-999.0,-999.0,-999.0,-999.0,-999.0,-999.0,1.4,-999.0,1.3,-999.0,-999.0,-999.0,0.7,-999.0,-999.0,-999.0,-999,1,1,SS-C,-999,-999.0,-999.0,-999.0,-999.0,-999.0,-999.0,150.0,-999.0,113.0,52.0,-999.0,-999.0,-999.0,60.0,-999.0,CARIBBEAN,Argus et al. (2011),NORTH_AMERICA,Argus et al. (2011),PUERTO-RICO,Calais et al. (2023),2.0,72.0,70.0,1.0,-999.0,20.0,73.0,71.0,6.0,18.0,73.0,71.0,6.0,32.0,260.0,102.0,7.0,12.0,271.0,91.0,0.0,14.0,269.0,178.0,1.0,19.0,247.0,115.0,8.0,3.0,127.0,125.0,-2.0,2.0,173.0,48.0,2.0,19.0,253.0,109.0,6.0,1.0,78.0,76.0,0.0,1.0,248.0,172.0,1.0,10.0,305.0,57.0,-6.0,16.0,42.0,40.0,12.0,14.0,39.0,37.0,-11.0,CARIBBEAN,Gripp & Gordon (2002),NORTH_AMERICA,Gripp & Gordon (2002),PUERTO_RICO,Jansma et al. (2000),2.0,-999.0,56.0,1.0,-999.0,11.0,-999.0,82.0,2.0,-999.0,-999.0,-999.0,0.0,41.0,-999.0,73.0,12.0,30.0,252.0,70.0,10.0,33.0,-999.0,69.0,12.0,-999.0,-999.0,-999.0,-999.0,-999.0,-999.0,-999.0,-999.0,-999.0,-999.0,-999.0,-999.0,-999.0,-999.0,-999.0,-999.0,-999.0,-999.0,-999.0,-999.0,-999.0,-999.0,-999.0,-999.0,-999.0,-999.0,-999.0,-999.0,-999.0,-999.0,-999.0,-999.0,-999.0,-999.0,-999.0,-999.0,-999.0,-999.0,-999.0,-999.0,-999.0,-999.0,-999.0,-999.0,-999.0,-999.0,-999.0,-999.0,-999.0,-999.0,-999.0,-999.0,-999.0,-999.0,-999.0,-999.0,-999.0,-999.0,-999.0,-999.0,0.0,3.0,0.0,15.0,0.0,0.22,0.0,6.9,0.0,5.7,0.0,37.8663406,24.5179386
SAM25,SAM24,SAM26,SAM,25,Hispaniola,290.0,20.0,290.7,22.6,288.0,12.1,194.0,3.9,-999.0,-999.0,-999.0,-999.0,-999.0,-999.0,0.4,-999.0,-999.0,-999.0,2.5,-999.0,-999.0,-999.0,-999.0,-999.0,-999,2,1,SS-C,-999,453.0,2269.0,1682.0,341.0,1878.0,1439.0,-999.0,-999.0,-999.0,-999.0,31.0,-999.0,-999.0,500.0,108.0,NORTH_AMERICA,Argus et al. (2011),CARIBBEAN,Argus et al. (2011),NORTH HISPANIOLA,Calais et al. (2023),2.0,261.0,67.0,1.0,-999.0,20.0,253.0,59.0,10.0,18.0,252.0,58.0,9.0,13.0,267.0,73.0,-4.0,32.0,258.0,64.0,14.0,30.0,258.0,194.0,-13.0,3.0,149.0,45.0,-2.0,19.0,244.0,50.0,12.0,17.0,243.0,49.0,-11.0,1.0,177.0,17.0,-1.0,20.0,251.0,57.0,11.0,18.0,250.0,56.0,-10.0,13.0,42.0,152.0,12.0,11.0,294.0,100.0,-2.0,9.0,300.0,106.0,3.0,NORTH_AMERICA,Gripp & Gordon (2002),CARIBBEAN,Gripp & Gordon (2002),PUERTO_RICO,Jansma et al. (2000),4.0,-999.0,55.0,2.0,-999.0,11.0,-999.0,65.0,5.0,-999.0,-999.0,-999.0,3.0,29.0,-999.0,58.0,-15.0,41.0,254.0,60.0,21.0,37.0,255.0,61.0,-18.0,-999.0,-999.0,-999.0,-999.0,-999.0,-999.0,-999.0,-999.0,-999.0,-999.0,-999.0,-999.0,-999.0,-999.0,-999.0,-999.0,-999.0,-999.0,-999.0,-999.0,-999.0,-999.0,-999.0,-999.0,-999.0,-999.0,-999.0,-999.0,-999.0,-999.0,-999.0,-999.0,-999.0,-999.0,-999.0,-999.0,-999.0,-999.0,-999.0,-999.0,-999.0,-999.0,-999.0,-999.0,10.0,332.0,42.0,7.0,-999.0,40.0,-999.0,14.0,-999.0,204.0,-999.0,48.0,-999.0,168.0,-999.0,12.0,2.0,16.0,31.0,25.0,0.0,66.53,0.0,8.0,0.0,8.3,0.72,30.8533783,-999.0
SAM26,SAM25,SAM27,SAM,26,Puerto-Rico,292.0,19.6,291.8,22.4,292.6,11.6,176.0,8.3,-999.0,-999.0,-999.0,-999.0,-999.0,-999.0,0.4,-999.0,1.0,-999.0,-999.0,-999.0,-999.0,-999.0,-999.0,-999.0,-999,2,1,SS-C,-999,181.0,952.0,767.0,205.0,1426.0,1130.0,117.0,254.0,99.0,45.0,36.0,59.0,180.0,500.0,184.0,NORTH_AMERICA,Argus et al. (2011),CARIBBEAN,Argus et al. (2011),NORTH HISPANIOLA,Calais et al. (2023),16.0,256.0,80.0,3.0,-999.0,20.0,253.0,77.0,4.0,4.0,242.0,66.0,2.0,13.0,269.0,93.0,1.0,32.0,259.0,83.0,4.0,16.0,263.0,180.0,-1.0,3.0,143.0,33.0,-2.0,19.0,246.0,70.0,7.0,4.0,206.0,30.0,-4.0,0.0,161.0,15.0,0.0,20.0,252.0,76.0,5.0,4.0,237.0,61.0,-2.0,14.0,41.0,135.0,10.0,11.0,298.0,122.0,-6.0,10.0,33.0,143.0,9.0,NORTH_AMERICA,Gripp & Gordon (2002),CARIBBEAN,Gripp & Gordon (2002),PUERTO_RICO,Jansma et al. (2000),17.0,248.0,72.0,5.0,4.0,11.0,260.0,84.0,1.0,-999.0,-999.0,-999.0,-4.0,30.0,252.0,76.0,-7.0,41.0,254.0,78.0,9.0,25.0,262.0,87.0,-1.0,5.0,17.0,86.0,0.0,16.0,309.0,84.0,2.0,5.0,17.0,10.0,5.0,8.0,17.0,63.0,-4.0,19.0,309.0,75.0,5.0,4.0,24.0,62.0,2.0,12.0,263.0,87.0,-1.0,23.0,261.0,85.0,2.0,10.0,297.0,59.0,5.0,9.0,17.0,21.0,9.0,11.0,309.0,47.0,-7.0,16.0,24.0,28.0,14.0,-999.0,40.0,-999.0,14.0,-999.0,204.0,-999.0,48.0,-999.0,168.0,-999.0,12.0,3.0,16.0,46.0,25.0,0.0,66.53,0.0,8.0,0.0,8.3,0.22,42.4649963,-999.0
SAM27,SAM26,SAM28,SAM,27,Puerto-Rico,294.0,19.8,293.8,22.5,294.6,11.7,176.0,8.2,-999.0,-999.0,-999.0,-999.0,-999.0,-999.0,0.4,-999.0,-999.0,-999.0,2.0,-999.0,-999.0,-999.0,-999.0,-999.0,-999,2,1,SS,-999,91.0,203.0,222.0,78.0,125.0,222.0,109.0,267.0,96.0,44.0,28.0,49.0,230.0,500.0,164.0,NORTH_AMERICA,Argus et al. (2011),CARIBBEAN,Argus et al. (2011),PUERTO-RICO,Calais et al. (2023),16.0,251.0,75.0,4.0,-999.0,20.0,253.0,77.0,4.0,4.0,260.0,84.0,0.0,13.0,271.0,95.0,1.0,32.0,260.0,84.0,3.0,16.0,269.0,185.0,1.0,2.0,137.0,39.0,-2.0,19.0,247.0,71.0,6.0,3.0,222.0,46.0,-2.0,0.0,28.0,148.0,0.0,20.0,253.0,77.0,4.0,3.0,263.0,87.0,0.0,15.0,39.0,137.0,11.0,11.0,302.0,126.0,-6.0,13.0,29.0,148.0,11.0,NORTH_AMERICA,Gripp & Gordon (2002),CARIBBEAN,Gripp & Gordon (2002),PUERTO_RICO,Jansma et al. (2000),17.0,248.0,72.0,5.0,4.0,11.0,260.0,84.0,1.0,-999.0,-999.0,-999.0,-4.0,30.0,252.0,76.0,-7.0,41.0,254.0,78.0,9.0,25.0,262.0,87.0,-1.0,4.0,18.0,85.0,0.0,15.0,315.0,87.0,1.0,6.0,18.0,1.0,6.0,8.0,18.0,65.0,-3.0,19.0,315.0,76.0,5.0,4.0,24.0,58.0,2.0,12.0,267.0,89.0,0.0,23.0,263.0,87.0,1.0,10.0,303.0,53.0,6.0,10.0,18.0,22.0,10.0,11.0,315.0,41.0,-8.0,17.0,24.0,28.0,15.0,-999.0,40.0,-999.0,14.0,-999.0,204.0,-999.0,48.0,-999.0,168.0,-999.0,12.0,1.0,16.0,15.0,25.0,0.0,66.53,0.0,8.0,0.0,8.3,0.02,33.3849945,-999.0
SAM28,SAM27,SAM29,SAM,28,Antilles,296.0,19.8,296.3,22.5,295.3,11.7,185.0,7.6,237.0,-999.0,-999.0,-999.0,-999.0,-999.0,0.3,-999.0,0.2,-999.0,-999.0,-999.0,-999.0,-999.0,0.2,-999.0,-999,2,2,SS,-999,104.0,292.0,236.0,60.0,150.0,152.0,98.0,468.0,91.0,42.0,26.0,49.0,300.0,500.0,222.0,NORTH_AMERICA,Argus et al. (2011),CARIBBEAN,Argus et al. (2011),PUERTO-RICO,Calais et al. (2023),17.0,247.0,62.0,8.0,-999.0,20.0,253.0,68.0,7.0,4.0,280.0,95.0,0.0,13.0,273.0,88.0,0.0,32.0,261.0,76.0,8.0,116.0,275.0,199.0,0.0,2.0,128.0,57.0,-1.0,19.0,248.0,63.0,8.0,2.0,255.0,70.0,-1.0,1.0,8.0,177.0,1.0,20.0,254.0,69.0,7.0,4.0,290.0,105.0,1.0,16.0,37.0,148.0,13.0,11.0,305.0,120.0,-6.0,14.0,25.0,160.0,14.0,NORTH_AMERICA,Gripp & Gordon (2002),CARIBBEAN,Gripp & Gordon (2002),CABO_FRANCES,Jansma et al. (2000),17.0,248.0,63.0,8.0,6.0,11.0,260.0,75.0,3.0,-999.0,-999.0,-999.0,-5.0,30.0,252.0,67.0,-12.0,41.0,254.0,69.0,15.0,24.0,259.0,74.0,-7.0,4.0,15.0,89.0,0.0,15.0,316.0,79.0,3.0,5.0,15.0,1.0,5.0,8.0,15.0,59.0,-4.0,19.0,316.0,68.0,7.0,3.0,27.0,69.0,1.0,12.0,268.0,83.0,-1.0,23.0,264.0,79.0,4.0,8.0,301.0,64.0,4.0,11.0,15.0,10.0,11.0,12.0,316.0,49.0,-8.0,17.0,27.0,22.0,16.0,-999.0,40.0,-999.0,14.0,-999.0,204.0,-999.0,48.0,-999.0,168.0,-999.0,12.0,3.0,16.0,46.0,25.0,0.0,66.53,0.0,8.0,0.0,8.3,0.0,60.0999985,42.1184235
SAM29,SAM28,SAM30,SAM,29,Antilles,298.0,19.3,299.2,21.7,294.5,11.9,205.0,6.3,235.0,-999.0,-999.0,-999.0,0.3,-999.0,-999.0,-999.0,0.1,-999.0,-999.0,-999.0,0.3,-999.0,-999.0,-999.0,-999,2,2,Neutral,-999,110.0,339.0,304.0,34.0,105.0,143.0,89.0,649.0,87.0,40.0,23.0,47.0,400.0,500.0,181.0,NORTH_AMERICA,Argus et al. (2011),CARIBBEAN,Argus et al. (2011),-999,-999,20.0,253.0,48.0,13.0,-999.0,20.0,253.0,48.0,13.0,0.0,-999.0,-999.0,0.0,13.0,275.0,70.0,-4.0,32.0,262.0,57.0,18.0,13.0,275.0,70.0,-4.0,2.0,114.0,91.0,0.0,19.0,249.0,44.0,13.0,2.0,114.0,91.0,0.0,1.0,12.0,167.0,1.0,19.0,256.0,51.0,12.0,1.0,12.0,167.0,1.0,17.0,37.0,168.0,16.0,12.0,309.0,104.0,-3.0,17.0,37.0,168.0,16.0,NORTH_AMERICA,Gripp & Gordon (2002),CARIBBEAN,Gripp & Gordon (2002),-999,-999,11.0,261.0,56.0,6.0,5.0,11.0,261.0,56.0,6.0,-999.0,-999.0,-999.0,0.0,30.0,252.0,47.0,-21.0,41.0,255.0,50.0,26.0,30.0,252.0,47.0,-21.0,4.0,19.0,84.0,0.0,15.0,322.0,65.0,6.0,4.0,19.0,84.0,0.0,8.0,19.0,44.0,-6.0,19.0,322.0,52.0,12.0,8.0,19.0,44.0,-6.0,12.0,270.0,65.0,-5.0,23.0,266.0,61.0,11.0,12.0,270.0,65.0,-5.0,11.0,19.0,6.0,11.0,12.0,322.0,63.0,-6.0,11.0,19.0,6.0,11.0,-999.0,40.0,-999.0,14.0,-999.0,204.0,-999.0,48.0,-999.0,168.0,-999.0,12.0,1.0,16.0,15.0,25.0,0.0,66.53,0.0,8.0,0.0,8.3,0.0,63.2749977,17.7506561
SAM3,SAM2,SAM4,SAM,3,Central America,258.0,16.9,256.8,14.4,261.7,24.2,25.0,4.6,354.0,-999.0,-999.0,-999.0,-999.0,-999.0,0.4,-999.0,-999.0,-999.0,0.7,-999.0,-999.0,-999.0,-999.0,-999.0,-999,2,1,SS-E,-999,214.0,491.0,238.0,94.0,152.0,107.0,6.0,286.0,22.0,10.0,28.0,72.0,440.0,300.0,169.0,COCOS,Argus et al. (2011),NORTH_AMERICA,Argus et al. (2011),SOUTHERN MEXICO,"Andreani et al., (2008)",67.0,24.0,1.0,67.0,-999.0,63.0,32.0,7.0,63.0,10.0,141.0,116.0,-5.0,32.0,248.0,137.0,24.0,42.0,6.0,19.0,39.0,31.0,229.0,156.0,28.0,20.0,230.0,155.0,18.0,45.0,25.0,0.0,45.0,23.0,202.0,177.0,23.0,20.0,235.0,150.0,18.0,45.0,22.0,3.0,45.0,22.0,207.0,178.0,22.0,12.0,224.0,161.0,11.0,52.0,30.0,5.0,52.0,17.0,186.0,161.0,16.0,COCOS,Gripp & Gordon (2002),NORTH_AMERICA,Gripp & Gordon (2002),-999,-999,52.0,36.0,11.0,51.0,-999.0,52.0,36.0,11.0,51.0,-999.0,-999.0,-999.0,0.0,39.0,255.0,50.0,25.0,33.0,348.0,37.0,26.0,39.0,255.0,50.0,25.0,18.0,228.0,20.0,17.0,35.0,34.0,6.0,34.0,18.0,228.0,20.0,17.0,22.0,228.0,20.0,20.0,31.0,34.0,5.0,31.0,22.0,228.0,20.0,20.0,24.0,244.0,39.0,18.0,34.0,17.0,8.0,33.0,24.0,244.0,39.0,18.0,9.0,228.0,23.0,9.0,43.0,34.0,9.0,43.0,9.0,228.0,23.0,9.0,57.0,45.0,11.0,11.0,113.0,113.0,42.0,41.0,64.0,74.0,28.0,24.0,17.0,62.0,255.0,149.0,5.4,125.7,8.5,8.6,7.5,8.0,0.19,47.5499992,-999.0
SAM30,SAM29,SAM31,SAM,30,Antilles,299.8,18.0,302.0,19.7,293.5,12.7,230.0,6.2,262.0,-999.0,115.0,5.0,0.6,-999.0,-999.0,-999.0,0.8,-999.0,-999.0,-999.0,0.3,-999.0,-999.0,-999.0,-999,2,2,Neutral,-999,74.0,332.0,323.0,14.0,64.0,89.0,80.0,793.0,82.0,38.0,21.0,48.0,420.0,670.0,181.0,NORTH_AMERICA,Argus et al. (2011),CARIBBEAN,Argus et al. (2011),-999,-999,20.0,253.0,23.0,18.0,-999.0,20.0,253.0,23.0,18.0,0.0,-999.0,-999.0,0.0,13.0,278.0,48.0,-8.0,32.0,262.0,32.0,27.0,13.0,278.0,48.0,-8.0,2.0,100.0,130.0,1.0,18.0,250.0,20.0,17.0,2.0,100.0,130.0,1.0,2.0,20.0,150.0,1.0,19.0,257.0,27.0,17.0,2.0,20.0,150.0,1.0,18.0,37.0,167.0,17.0,12.0,313.0,83.0,1.0,18.0,37.0,167.0,17.0,NORTH_AMERICA,Gripp & Gordon (2002),CARIBBEAN,Gripp & Gordon (2002),-999,-999,11.0,261.0,31.0,9.0,7.0,11.0,261.0,31.0,9.0,-999.0,-999.0,-999.0,0.0,30.0,253.0,23.0,-28.0,41.0,255.0,25.0,37.0,30.0,253.0,23.0,-28.0,5.0,20.0,69.0,-2.0,15.0,327.0,41.0,11.0,5.0,20.0,69.0,-2.0,7.0,20.0,23.0,-6.0,18.0,327.0,28.0,16.0,7.0,20.0,23.0,-6.0,11.0,274.0,44.0,-8.0,22.0,267.0,37.0,18.0,11.0,274.0,44.0,-8.0,13.0,20.0,30.0,11.0,12.0,327.0,83.0,-1.0,13.0,20.0,30.0,11.0,-999.0,40.0,-999.0,14.0,-999.0,204.0,-999.0,48.0,-999.0,168.0,-999.0,12.0,6.0,16.0,89.0,25.0,0.0,66.53,0.0,8.0,0.0,8.3,0.0,45.6624985,33.9207191
SAM31,SAM30,SAM32,SAM,31,Antilles,301.2,16.0,303.8,16.9,293.4,13.1,250.0,5.2,287.0,-999.0,115.0,5.0,2.0,-999.0,-999.0,-999.0,1.0,-999.0,-999.0,-999.0,0.6,-999.0,-999.0,-999.0,2,-999,2,Neutral,-999,109.0,477.0,749.0,54.0,220.0,369.0,81.0,866.0,83.0,38.0,22.0,44.0,450.0,670.0,182.0,NORTH_AMERICA,Argus et al. (2011),CARIBBEAN,Argus et al. (2011),-999,-999,20.0,253.0,3.0,20.0,-999.0,20.0,253.0,3.0,20.0,0.0,-999.0,-999.0,0.0,12.0,279.0,29.0,-11.0,32.0,263.0,13.0,31.0,12.0,279.0,29.0,-11.0,2.0,91.0,159.0,2.0,18.0,251.0,1.0,18.0,2.0,91.0,159.0,2.0,2.0,30.0,140.0,2.0,19.0,258.0,8.0,19.0,2.0,30.0,140.0,2.0,19.0,39.0,149.0,16.0,12.0,318.0,68.0,4.0,19.0,39.0,149.0,16.0,NORTH_AMERICA,Gripp & Gordon (2002),CARIBBEAN,Gripp & Gordon (2002),-999,-999,11.0,262.0,12.0,11.0,8.0,11.0,262.0,12.0,11.0,-999.0,-999.0,-999.0,0.0,31.0,253.0,3.0,-31.0,42.0,255.0,5.0,42.0,31.0,253.0,3.0,-31.0,5.0,19.0,50.0,-3.0,15.0,327.0,22.0,14.0,5.0,19.0,50.0,-3.0,7.0,19.0,3.0,-7.0,18.0,327.0,8.0,18.0,7.0,19.0,3.0,-7.0,12.0,274.0,24.0,-11.0,23.0,267.0,17.0,22.0,12.0,274.0,24.0,-11.0,13.0,19.0,51.0,8.0,12.0,327.0,77.0,3.0,13.0,19.0,51.0,8.0,-999.0,40.0,-999.0,14.0,-999.0,204.0,-999.0,48.0,-999.0,168.0,-999.0,12.0,1.0,16.0,15.0,25.0,0.0,66.53,0.0,8.0,0.0,8.3,0.0,42.4649963,30.8391495
SAM32,SAM31,SAM33,SAM,32,Antilles,302.3,14.0,304.9,14.9,294.5,11.2,251.0,5.7,368.0,-999.0,115.0,5.0,-999.0,-999.0,2.0,-999.0,-999.0,-999.0,5.5,-999.0,-999.0,-999.0,2.0,-999.0,-999,1,2,Neutral,-999,44.0,203.0,252.0,21.0,160.0,145.0,85.0,835.0,85.0,39.0,16.0,45.0,460.0,670.0,182.0,SOUTH_AMERICA,Argus et al. (2011),CARIBBEAN,Argus et al. (2011),-999,-999,20.0,253.0,2.0,20.0,14.0,20.0,253.0,2.0,20.0,0.0,-999.0,-999.0,0.0,12.0,281.0,30.0,-10.0,31.0,264.0,13.0,30.0,12.0,281.0,30.0,-10.0,3.0,86.0,165.0,3.0,17.0,251.0,0.0,17.0,3.0,86.0,165.0,3.0,3.0,37.0,146.0,2.0,18.0,258.0,7.0,17.0,3.0,37.0,146.0,2.0,20.0,40.0,149.0,17.0,11.0,327.0,76.0,3.0,20.0,40.0,149.0,17.0,SOUTH_AMERICA,Gripp & Gordon (2002),CARIBBEAN,Gripp & Gordon (2002),-999,-999,12.0,262.0,7.0,12.0,9.0,12.0,262.0,7.0,12.0,-999.0,-999.0,-999.0,0.0,31.0,253.0,16.0,-30.0,43.0,255.0,14.0,42.0,31.0,253.0,16.0,-30.0,4.0,22.0,60.0,-2.0,15.0,327.0,22.0,14.0,4.0,22.0,60.0,-2.0,6.0,22.0,6.0,-6.0,18.0,327.0,8.0,18.0,6.0,22.0,6.0,-6.0,12.0,276.0,25.0,-11.0,23.0,268.0,17.0,22.0,12.0,276.0,25.0,-11.0,14.0,22.0,49.0,9.0,13.0,327.0,76.0,3.0,14.0,22.0,49.0,9.0,-999.0,40.0,-999.0,14.0,-999.0,204.0,-999.0,48.0,-999.0,168.0,-999.0,12.0,0.0,16.0,0.0,25.0,0.0,66.53,0.0,8.0,0.0,8.3,0.0,23.1338577,13.2645798
SAM33,SAM32,SAM34,SAM,33,Antilles,302.6,12.0,305.3,11.6,294.4,13.0,278.0,4.0,444.0,-999.0,115.0,5.0,6.3,-999.0,-999.0,-999.0,6.3,-999.0,-999.0,-999.0,1.7,-999.0,-999.0,-999.0,1,-999,2,Neutral,-999,25.0,83.0,146.0,13.0,47.0,76.0,93.0,770.0,89.0,41.0,13.0,44.0,580.0,670.0,158.0,SOUTH_AMERICA,Argus et al. (2011),CARIBBEAN,Argus et al. (2011),-999,-999,20.0,253.0,25.0,18.0,-999.0,20.0,253.0,25.0,18.0,0.0,-999.0,-999.0,0.0,12.0,282.0,4.0,-11.0,31.0,264.0,14.0,30.0,12.0,282.0,4.0,-11.0,3.0,85.0,167.0,3.0,17.0,251.0,27.0,15.0,3.0,85.0,167.0,3.0,3.0,44.0,126.0,2.0,18.0,258.0,20.0,17.0,3.0,44.0,126.0,2.0,20.0,42.0,124.0,11.0,11.0,327.0,49.0,7.0,20.0,42.0,124.0,11.0,SOUTH_AMERICA,Gripp & Gordon (2002),CARIBBEAN,Gripp & Gordon (2002),-999,-999,12.0,262.0,16.0,12.0,8.0,12.0,262.0,16.0,12.0,-999.0,-999.0,-999.0,0.0,31.0,253.0,25.0,-28.0,44.0,256.0,22.0,41.0,31.0,253.0,25.0,-28.0,3.0,27.0,45.0,-2.0,15.0,329.0,4.0,15.0,3.0,27.0,45.0,-2.0,5.0,27.0,385.0,-5.0,18.0,329.0,378.0,17.0,5.0,27.0,385.0,-5.0,11.0,276.0,2.0,-11.0,24.0,269.0,369.0,23.0,11.0,276.0,2.0,-11.0,14.0,27.0,71.0,5.0,13.0,329.0,51.0,8.0,14.0,27.0,71.0,5.0,-999.0,40.0,-999.0,14.0,-999.0,204.0,-999.0,48.0,-999.0,168.0,-999.0,12.0,0.0,16.0,0.0,25.0,0.0,66.53,0.0,8.0,0.0,8.3,0.0,21.7791386,11.5715551
SAM34,SAM33,SAM35,SAM,34,Andean,281.9,5.0,279.4,6.0,289.3,1.8,113.0,3.8,287.0,-999.0,-999.0,-999.0,-999.0,-999.0,0.6,-999.0,-999.0,-999.0,1.0,-999.0,-999.0,-999.0,0.5,-999.0,-999,1,1,SS-C,-999,171.0,797.0,442.0,67.0,415.0,289.0,14.0,314.0,34.0,16.0,26.0,41.0,380.0,670.0,202.0,NAZCA,Argus et al. (2011),SOUTH_AMERICA,Argus et al. (2011),NORTH ANDES,Jarrin et al. (2023),51.0,77.0,36.0,41.0,25.0,59.0,76.0,37.0,47.0,8.0,67.0,46.0,6.0,31.0,265.0,152.0,28.0,28.0,65.0,48.0,19.0,24.0,271.0,137.0,22.0,17.0,255.0,142.0,13.0,42.0,76.0,37.0,33.0,9.0,263.0,134.0,8.0,18.0,261.0,148.0,15.0,41.0,73.0,40.0,31.0,10.0,273.0,127.0,10.0,8.0,319.0,154.0,8.0,55.0,68.0,45.0,39.0,10.0,12.0,33.0,2.0,NAZCA,Gripp & Gordon (2002),SOUTH_AMERICA,Gripp & Gordon (2002),NORTH_ANDES,Freymuller et al. (1993),48.0,83.0,20.0,45.0,31.0,64.0,79.0,34.0,53.0,-999.0,-999.0,-999.0,8.0,45.0,262.0,31.0,39.0,20.0,71.0,42.0,15.0,30.0,269.0,24.0,27.0,15.0,323.0,27.0,13.0,50.0,70.0,37.0,40.0,5.0,323.0,62.0,2.0,18.0,323.0,37.0,15.0,47.0,70.0,33.0,39.0,3.0,30.0,1.0,3.0,24.0,270.0,23.0,22.0,41.0,72.0,41.0,31.0,11.0,300.0,7.0,11.0,11.0,323.0,30.0,9.0,61.0,70.0,43.0,44.0,16.0,30.0,83.0,-2.0,-999.0,16.0,-999.0,11.0,-999.0,108.0,-999.0,50.0,-999.0,101.0,-999.0,20.0,3.0,19.0,44.0,71.0,0.0,133.3,0.0,8.7,0.0,8.6,0.12,42.4649963,29.904953
SAM35,SAM34,SAM36,SAM,35,Andean,280.9,3.5,278.6,4.8,287.9,-1.4,120.0,3.9,320.0,-999.0,-999.0,-999.0,-999.0,-999.0,0.6,-999.0,1.8,-999.0,-999.0,-999.0,0.6,-999.0,-999.0,-999.0,-999,2,1,SS-C,-999,196.0,877.0,684.0,64.0,377.0,325.0,12.0,243.0,32.0,14.0,26.0,39.0,400.0,670.0,143.0,NAZCA,Argus et al. (2011),SOUTH_AMERICA,Argus et al. (2011),NORTH ANDES,Jarrin et al. (2023),52.0,78.0,42.0,38.0,22.0,60.0,77.0,43.0,43.0,8.0,67.0,53.0,5.0,32.0,265.0,145.0,26.0,29.0,67.0,53.0,17.0,24.0,271.0,142.0,21.0,17.0,256.0,136.0,12.0,42.0,77.0,43.0,31.0,9.0,263.0,140.0,7.0,18.0,262.0,142.0,14.0,41.0,74.0,46.0,29.0,10.0,273.0,133.0,9.0,8.0,320.0,160.0,8.0,56.0,69.0,51.0,36.0,10.0,14.0,37.0,3.0,NAZCA,Gripp & Gordon (2002),SOUTH_AMERICA,Gripp & Gordon (2002),NORTH_ANDES,Freymuller et al. (1993),57.0,86.0,34.0,47.0,30.0,65.0,80.0,40.0,50.0,-999.0,-999.0,-999.0,3.0,45.0,263.0,37.0,36.0,20.0,73.0,47.0,14.0,37.0,273.0,27.0,33.0,14.0,324.0,33.0,12.0,51.0,71.0,42.0,38.0,9.0,324.0,17.0,9.0,18.0,324.0,43.0,13.0,47.0,71.0,39.0,36.0,11.0,6.0,11.0,10.0,24.0,270.0,30.0,21.0,41.0,74.0,46.0,29.0,18.0,295.0,5.0,18.0,11.0,324.0,24.0,10.0,61.0,71.0,49.0,40.0,16.0,6.0,66.0,7.0,-999.0,16.0,-999.0,11.0,-999.0,108.0,-999.0,50.0,-999.0,101.0,-999.0,20.0,2.0,19.0,29.0,71.0,0.0,133.3,0.0,8.7,0.0,8.6,0.46,34.046524,19.7066097
SAM36,SAM35,SAM37,SAM,36,Andean,279.9,2.0,277.5,3.1,287.2,-1.4,115.0,3.0,298.0,-999.0,-999.0,-999.0,0.1,-999.0,-999.0,-999.0,3.5,-999.0,-999.0,-999.0,1.0,-999.0,-999.0,-999.0,2,-999,1,SS-C,-999,179.0,705.0,538.0,89.0,228.0,243.0,12.0,243.0,32.0,15.0,24.0,34.0,420.0,670.0,89.0,NAZCA,Argus et al. (2011),SOUTH_AMERICA,Argus et al. (2011),NORTH ANDES,Jarrin et al. (2023),52.0,79.0,36.0,42.0,22.0,61.0,77.0,38.0,48.0,8.0,68.0,47.0,6.0,32.0,265.0,150.0,27.0,29.0,69.0,46.0,21.0,24.0,271.0,135.0,22.0,17.0,256.0,141.0,13.0,43.0,78.0,37.0,35.0,9.0,263.0,134.0,8.0,18.0,262.0,147.0,15.0,42.0,76.0,39.0,33.0,11.0,273.0,126.0,10.0,8.0,320.0,155.0,7.0,57.0,71.0,44.0,41.0,10.0,16.0,28.0,1.0,NAZCA,Gripp & Gordon (2002),SOUTH_AMERICA,Gripp & Gordon (2002),NORTH_ANDES,Freymuller et al. (1993),49.0,84.0,31.0,42.0,25.0,66.0,81.0,34.0,55.0,-999.0,-999.0,-999.0,13.0,45.0,263.0,32.0,38.0,21.0,75.0,40.0,16.0,28.0,269.0,26.0,25.0,14.0,329.0,28.0,12.0,52.0,72.0,36.0,42.0,5.0,329.0,84.0,-1.0,17.0,329.0,40.0,13.0,49.0,72.0,33.0,41.0,0.0,42.0,64.0,0.0,23.0,270.0,25.0,21.0,43.0,75.0,40.0,33.0,8.0,307.0,12.0,8.0,10.0,329.0,34.0,8.0,63.0,72.0,43.0,46.0,18.0,42.0,73.0,-5.0,-999.0,16.0,-999.0,11.0,-999.0,108.0,-999.0,50.0,-999.0,101.0,-999.0,20.0,7.0,19.0,102.0,71.0,0.0,133.3,0.0,8.7,0.0,8.6,0.55,27.446764,16.0439701
SAM37,SAM36,SAM38,SAM,37,Andean,279.0,0.0,276.4,0.8,286.7,-2.4,107.0,3.3,304.0,-999.0,-999.0,-999.0,-999.0,-999.0,0.5,-999.0,-999.0,-999.0,0.3,-999.0,-999.0,-999.0,0.6,-999.0,-999,2,1,C-SS,-999,119.0,494.0,500.0,27.0,182.0,315.0,16.0,352.0,37.0,17.0,21.0,34.0,500.0,670.0,203.0,NAZCA,Argus et al. (2011),SOUTH_AMERICA,Argus et al. (2011),NORTH ANDES,Jarrin et al. (2023),54.0,80.0,27.0,48.0,23.0,62.0,78.0,29.0,54.0,8.0,69.0,38.0,7.0,32.0,265.0,158.0,29.0,31.0,71.0,36.0,25.0,24.0,271.0,125.0,23.0,17.0,256.0,149.0,15.0,44.0,79.0,28.0,39.0,9.0,264.0,124.0,8.0,18.0,262.0,155.0,17.0,43.0,77.0,30.0,38.0,11.0,273.0,117.0,10.0,8.0,322.0,145.0,6.0,59.0,72.0,35.0,48.0,10.0,10.0,25.0,0.0,NAZCA,Gripp & Gordon (2002),SOUTH_AMERICA,Gripp & Gordon (2002),NORTH_ANDES,Freymuller et al. (1993),43.0,-999.0,24.0,39.0,20.0,68.0,-999.0,26.0,61.0,-999.0,-999.0,-999.0,22.0,46.0,-999.0,24.0,42.0,22.0,77.0,30.0,19.0,21.0,270.0,17.0,20.0,-999.0,-999.0,-999.0,-999.0,-999.0,-999.0,-999.0,-999.0,-999.0,-999.0,-999.0,-999.0,-999.0,-999.0,-999.0,-999.0,-999.0,-999.0,-999.0,-999.0,-999.0,-999.0,-999.0,-999.0,-999.0,-999.0,-999.0,-999.0,-999.0,-999.0,-999.0,-999.0,-999.0,-999.0,-999.0,-999.0,-999.0,-999.0,-999.0,-999.0,-999.0,-999.0,-999.0,-999.0,24.0,56.0,51.0,-15.0,-999.0,16.0,-999.0,11.0,-999.0,108.0,-999.0,50.0,-999.0,101.0,-999.0,20.0,7.0,19.0,102.0,71.0,0.0,133.3,0.0,8.7,0.0,8.6,0.23,57.0583305,22.9170456
SAM38,SAM37,SAM39,SAM,38,Andean,278.5,-2.0,275.9,-1.4,286.4,-3.7,102.0,3.7,324.0,-999.0,-999.0,-999.0,-999.0,-999.0,0.5,-999.0,-999.0,-999.0,0.3,-999.0,-999.0,-999.0,0.7,-999.0,-999,2,1,C-SS,-999,136.0,428.0,428.0,60.0,154.0,197.0,23.0,624.0,44.0,20.0,16.0,52.0,520.0,670.0,166.0,NAZCA,Argus et al. (2011),SOUTH_AMERICA,Argus et al. (2011),NORTH ANDES,Jarrin et al. (2023),55.0,81.0,21.0,51.0,23.0,63.0,79.0,23.0,58.0,8.0,69.0,33.0,7.0,32.0,265.0,163.0,30.0,32.0,73.0,29.0,28.0,24.0,271.0,118.0,23.0,18.0,257.0,155.0,16.0,46.0,80.0,22.0,42.0,9.0,264.0,118.0,9.0,19.0,262.0,160.0,17.0,45.0,78.0,24.0,41.0,11.0,273.0,111.0,10.0,7.0,323.0,139.0,5.0,60.0,73.0,29.0,53.0,10.0,22.0,7.0,-2.0,NAZCA,Gripp & Gordon (2002),SOUTH_AMERICA,Gripp & Gordon (2002),NORTH_ANDES,Freymuller et al. (1993),39.0,-999.0,29.0,34.0,17.0,69.0,-999.0,20.0,65.0,-999.0,-999.0,-999.0,31.0,46.0,-999.0,18.0,44.0,23.0,78.0,24.0,21.0,17.0,259.0,28.0,15.0,-999.0,-999.0,-999.0,-999.0,-999.0,-999.0,-999.0,-999.0,-999.0,-999.0,-999.0,-999.0,-999.0,-999.0,-999.0,-999.0,-999.0,-999.0,-999.0,-999.0,-999.0,-999.0,-999.0,-999.0,-999.0,-999.0,-999.0,-999.0,-999.0,-999.0,-999.0,-999.0,-999.0,-999.0,-999.0,-999.0,-999.0,-999.0,-999.0,-999.0,-999.0,-999.0,-999.0,-999.0,26.0,67.0,35.0,-22.0,-999.0,2.0,-999.0,10.0,-999.0,115.0,-999.0,44.0,-999.0,118.0,-999.0,17.0,8.0,25.0,117.0,71.0,0.0,11.56,0.0,7.9,0.0,7.8,0.0,57.0583305,20.3574696
SAM39,SAM38,SAM40,SAM,39,Andean,278.1,-4.0,275.4,-3.9,286.2,-4.1,91.0,4.8,-999.0,-999.0,-999.0,-999.0,-999.0,-999.0,0.4,-999.0,-999.0,-999.0,1.0,-999.0,-999.0,-999.0,0.9,-999.0,-999,2,1,C-SS,-999,127.0,359.0,410.0,57.0,122.0,191.0,30.0,793.0,51.0,23.0,10.0,52.0,520.0,1200.0,650.0,NAZCA,Argus et al. (2011),SOUTH_AMERICA,Argus et al. (2011),NORTH ANDES,Jarrin et al. (2023),56.0,81.0,10.0,55.0,25.0,64.0,79.0,12.0,63.0,9.0,69.0,22.0,8.0,32.0,265.0,174.0,32.0,33.0,74.0,17.0,31.0,24.0,271.0,106.0,24.0,18.0,257.0,166.0,17.0,47.0,80.0,11.0,46.0,9.0,264.0,107.0,9.0,19.0,262.0,171.0,18.0,46.0,78.0,13.0,45.0,11.0,273.0,100.0,11.0,7.0,325.0,126.0,4.0,62.0,73.0,18.0,59.0,10.0,24.0,6.0,-4.0,NAZCA,Gripp & Gordon (2002),SOUTH_AMERICA,Gripp & Gordon (2002),-999,-999,70.0,82.0,9.0,69.0,33.0,70.0,82.0,9.0,69.0,-999.0,-999.0,-999.0,0.0,47.0,264.0,7.0,47.0,23.0,79.0,12.0,23.0,47.0,264.0,7.0,47.0,14.0,330.0,5.0,14.0,56.0,75.0,10.0,55.0,14.0,330.0,5.0,14.0,18.0,330.0,15.0,18.0,52.0,75.0,6.0,51.0,18.0,330.0,15.0,18.0,24.0,270.0,1.0,24.0,46.0,78.0,13.0,45.0,24.0,270.0,1.0,24.0,9.0,330.0,59.0,5.0,67.0,75.0,16.0,64.0,9.0,330.0,59.0,5.0,-999.0,2.0,-999.0,10.0,-999.0,115.0,-999.0,44.0,-999.0,118.0,-999.0,17.0,2.0,25.0,29.0,71.0,0.0,11.56,0.0,7.9,0.0,7.8,0.0,42.4649963,35.791748
SAM4,SAM3,SAM5,SAM,4,Central America,260.0,16.3,258.6,13.9,264.4,23.3,30.4,5.2,346.0,-999.0,-999.0,-999.0,-999.0,-999.0,0.3,-999.0,-999.0,-999.0,0.7,-999.0,-999.0,-999.0,-999.0,-999.0,-999,2,1,SS-E,-999,143.0,314.0,124.0,55.0,143.0,37.0,8.0,335.0,26.0,12.0,17.0,67.0,340.0,300.0,102.0,COCOS,Argus et al. (2011),NORTH_AMERICA,Argus et al. (2011),SOUTHERN MEXICO,"Andreani et al., (2008)",69.0,24.0,6.0,69.0,-999.0,67.0,32.0,2.0,67.0,10.0,133.0,103.0,-2.0,32.0,248.0,142.0,25.0,45.0,7.0,23.0,41.0,29.0,231.0,159.0,27.0,20.0,230.0,160.0,19.0,48.0,25.0,6.0,48.0,21.0,203.0,173.0,21.0,20.0,236.0,155.0,18.0,49.0,22.0,8.0,48.0,21.0,209.0,178.0,21.0,11.0,226.0,164.0,11.0,56.0,29.0,1.0,56.0,14.0,181.0,164.0,11.0,COCOS,Gripp & Gordon (2002),NORTH_AMERICA,Gripp & Gordon (2002),-999,-999,57.0,35.0,15.0,55.0,-999.0,57.0,35.0,15.0,55.0,-999.0,-999.0,-999.0,0.0,40.0,255.0,55.0,23.0,37.0,352.0,28.0,33.0,40.0,255.0,55.0,23.0,19.0,233.0,17.0,18.0,40.0,32.0,1.0,40.0,19.0,233.0,17.0,18.0,22.0,233.0,16.0,21.0,36.0,32.0,2.0,36.0,22.0,233.0,16.0,21.0,24.0,246.0,35.0,19.0,39.0,18.0,13.0,38.0,24.0,246.0,35.0,19.0,9.0,233.0,22.0,8.0,49.0,32.0,2.0,49.0,9.0,233.0,22.0,8.0,-999.0,45.0,-999.0,11.0,-999.0,113.0,-999.0,41.0,-999.0,74.0,-999.0,24.0,7.0,62.0,104.0,149.0,0.0,125.7,0.0,8.6,0.0,8.0,0.1,47.5499992,-999.0
SAM40,SAM39,SAM41,SAM,40,Andean,278.1,-5.5,275.4,-5.8,286.2,-4.5,82.9,5.3,-999.0,-999.0,-999.0,-999.0,0.3,-999.0,-999.0,-999.0,1.3,-999.0,-999.0,-999.0,0.7,-999.0,-999.0,-999.0,2,-999,1,SS-C,-999,203.0,386.0,294.0,95.0,131.0,144.0,30.0,874.0,50.0,23.0,10.0,50.0,520.0,1200.0,650.0,NAZCA,Argus et al. (2011),SOUTH_AMERICA,Argus et al. (2011),PERU,Jarrin et al. (2023),62.0,76.0,7.0,62.0,28.0,65.0,80.0,3.0,65.0,5.0,130.0,47.0,3.0,32.0,265.0,178.0,32.0,34.0,74.0,9.0,33.0,29.0,259.0,110.0,29.0,18.0,257.0,174.0,18.0,48.0,81.0,2.0,48.0,15.0,243.0,119.0,15.0,19.0,262.0,179.0,19.0,47.0,78.0,4.0,46.0,16.0,250.0,114.0,16.0,7.0,327.0,116.0,3.0,63.0,74.0,9.0,62.0,3.0,357.0,12.0,0.0,NAZCA,Gripp & Gordon (2002),SOUTH_AMERICA,Gripp & Gordon (2002),-999,-999,71.0,82.0,1.0,71.0,32.0,71.0,82.0,1.0,71.0,-999.0,-999.0,-999.0,0.0,47.0,264.0,1.0,47.0,24.0,79.0,4.0,24.0,47.0,264.0,1.0,47.0,13.0,336.0,4.0,13.0,58.0,75.0,2.0,58.0,13.0,336.0,4.0,13.0,17.0,336.0,8.0,17.0,54.0,75.0,2.0,54.0,17.0,336.0,8.0,17.0,23.0,271.0,8.0,23.0,48.0,78.0,5.0,48.0,23.0,271.0,8.0,23.0,9.0,336.0,73.0,3.0,69.0,75.0,8.0,68.0,9.0,336.0,73.0,3.0,-999.0,2.0,-999.0,10.0,-999.0,115.0,-999.0,44.0,-999.0,118.0,-999.0,17.0,4.0,25.0,58.0,71.0,0.0,11.56,0.0,7.9,0.0,7.8,0.0,37.8663406,24.5179386
SAM41,SAM40,SAM42,SAM,41,Andean,278.4,-7.0,275.8,-7.9,286.1,-4.3,71.4,5.8,-999.0,-999.0,-999.0,-999.0,-999.0,-999.0,0.3,-999.0,-999.0,-999.0,1.0,-999.0,-999.0,-999.0,0.7,-999.0,-999,2,1,SS-C,-999,72.0,157.0,108.0,37.0,53.0,39.0,29.0,872.0,50.0,23.0,10.0,50.0,520.0,1200.0,650.0,NAZCA,Argus et al. (2011),SOUTH_AMERICA,Argus et al. (2011),PERU,Villegas-Lanza et al. (2016),64.0,77.0,6.0,64.0,29.0,66.0,80.0,8.0,66.0,4.0,133.0,62.0,2.0,32.0,265.0,166.0,31.0,35.0,74.0,3.0,35.0,29.0,259.0,104.0,29.0,18.0,257.0,175.0,18.0,48.0,81.0,9.0,48.0,16.0,244.0,125.0,16.0,19.0,262.0,169.0,18.0,48.0,78.0,7.0,47.0,16.0,251.0,116.0,16.0,7.0,329.0,102.0,1.0,64.0,74.0,2.0,64.0,3.0,352.0,11.0,-1.0,NAZCA,Gripp & Gordon (2002),SOUTH_AMERICA,Gripp & Gordon (2002),-999,-999,72.0,82.0,11.0,71.0,32.0,72.0,82.0,11.0,71.0,-999.0,-999.0,-999.0,0.0,47.0,264.0,13.0,46.0,25.0,79.0,8.0,25.0,47.0,264.0,13.0,46.0,13.0,336.0,15.0,13.0,59.0,75.0,10.0,58.0,13.0,336.0,15.0,13.0,17.0,336.0,4.0,17.0,55.0,75.0,13.0,53.0,17.0,336.0,4.0,17.0,24.0,271.0,19.0,22.0,49.0,78.0,7.0,48.0,24.0,271.0,19.0,22.0,9.0,336.0,84.0,1.0,70.0,75.0,4.0,70.0,9.0,336.0,84.0,1.0,-999.0,2.0,-999.0,10.0,-999.0,115.0,-999.0,44.0,-999.0,118.0,-999.0,17.0,6.0,25.0,88.0,71.0,0.0,11.56,0.0,7.9,0.0,7.8,0.04,42.4649963,31.9950352
SAM42,SAM41,SAM43,SAM,42,Andean,279.2,-9.0,276.7,-10.2,286.5,-5.4,64.0,6.3,-999.0,-999.0,-999.0,-999.0,-999.0,-999.0,0.3,-999.0,1.0,-999.0,1.0,-999.0,-999.0,-999.0,0.7,-999.0,-999,2,1,SS-C,-999,117.0,258.0,131.0,39.0,87.0,49.0,29.0,837.0,50.0,23.0,10.0,48.0,540.0,1200.0,650.0,NAZCA,Argus et al. (2011),SOUTH_AMERICA,Argus et al. (2011),PERU,Villegas-Lanza et al. (2016),65.0,76.0,12.0,63.0,30.0,67.0,79.0,15.0,65.0,4.0,128.0,64.0,2.0,32.0,265.0,159.0,30.0,36.0,74.0,10.0,35.0,29.0,259.0,111.0,28.0,18.0,257.0,167.0,17.0,50.0,80.0,16.0,48.0,16.0,244.0,132.0,16.0,19.0,262.0,162.0,18.0,49.0,78.0,14.0,47.0,16.0,251.0,123.0,16.0,7.0,332.0,92.0,0.0,66.0,74.0,10.0,65.0,3.0,5.0,5.0,-2.0,NAZCA,Gripp & Gordon (2002),SOUTH_AMERICA,Gripp & Gordon (2002),-999,-999,73.0,82.0,18.0,70.0,34.0,73.0,82.0,18.0,70.0,-999.0,-999.0,-999.0,0.0,48.0,264.0,20.0,45.0,26.0,79.0,15.0,25.0,48.0,264.0,20.0,45.0,13.0,336.0,25.0,12.0,61.0,75.0,17.0,58.0,13.0,336.0,25.0,12.0,17.0,336.0,13.0,17.0,57.0,75.0,20.0,53.0,17.0,336.0,13.0,17.0,24.0,271.0,27.0,21.0,50.0,78.0,14.0,49.0,24.0,271.0,27.0,21.0,9.0,336.0,88.0,0.0,72.0,75.0,11.0,71.0,9.0,336.0,88.0,0.0,-999.0,2.0,-999.0,10.0,-999.0,115.0,-999.0,44.0,-999.0,118.0,-999.0,17.0,3.0,25.0,44.0,71.0,0.0,11.56,0.0,7.9,0.0,7.8,0.0,42.0445518,31.9950352
SAM43,SAM42,SAM44,SAM,43,Andean,280.4,-11.0,278.0,-12.4,287.4,-6.8,58.9,6.3,-999.0,-999.0,-999.0,-999.0,-999.0,-999.0,0.3,-999.0,0.3,-999.0,0.4,-999.0,-999.0,-999.0,0.8,-999.0,-999,2,1,SS-C,-999,98.0,232.0,154.0,30.0,115.0,76.0,41.0,1191.0,59.0,27.0,11.0,47.0,490.0,1200.0,627.0,NAZCA,Argus et al. (2011),SOUTH_AMERICA,Argus et al. (2011),PERU,Villegas-Lanza et al. (2016),65.0,76.0,17.0,63.0,30.0,68.0,79.0,20.0,64.0,5.0,123.0,64.0,2.0,32.0,265.0,154.0,28.0,37.0,73.0,14.0,36.0,28.0,260.0,115.0,26.0,18.0,256.0,162.0,17.0,51.0,79.0,21.0,47.0,15.0,244.0,137.0,15.0,19.0,262.0,157.0,17.0,50.0,77.0,19.0,47.0,16.0,251.0,128.0,15.0,7.0,336.0,83.0,-1.0,67.0,73.0,14.0,65.0,4.0,15.0,1.0,-3.0,NAZCA,Gripp & Gordon (2002),SOUTH_AMERICA,Gripp & Gordon (2002),-999,-999,74.0,81.0,23.0,68.0,35.0,74.0,81.0,23.0,68.0,-999.0,-999.0,-999.0,0.0,48.0,263.0,24.0,44.0,27.0,79.0,19.0,26.0,48.0,263.0,24.0,44.0,13.0,334.0,27.0,12.0,62.0,75.0,22.0,58.0,13.0,334.0,27.0,12.0,17.0,334.0,15.0,17.0,58.0,75.0,25.0,52.0,17.0,334.0,15.0,17.0,24.0,268.0,29.0,21.0,51.0,78.0,20.0,48.0,24.0,268.0,29.0,21.0,8.0,334.0,85.0,-1.0,73.0,75.0,16.0,70.0,8.0,334.0,85.0,-1.0,-999.0,50.0,-999.0,10.0,-999.0,123.0,-999.0,43.0,-999.0,79.0,-999.0,24.0,0.0,35.0,0.0,106.0,0.0,95.54,0.0,8.5,0.0,8.2,0.39,57.0583305,18.4377842
SAM44,SAM43,SAM45,SAM,44,Andean,281.7,-13.0,279.4,-14.5,288.5,-8.4,55.5,5.9,-999.0,-999.0,-999.0,-999.0,-999.0,-999.0,0.2,-999.0,-999.0,-999.0,0.4,-999.0,-999.0,-999.0,0.8,-999.0,-999,2,1,SS-C,-999,97.0,215.0,90.0,28.0,136.0,29.0,43.0,1229.0,60.0,27.0,11.0,47.0,400.0,1200.0,622.0,NAZCA,Argus et al. (2011),SOUTH_AMERICA,Argus et al. (2011),PERU,Villegas-Lanza et al. (2016),66.0,76.0,20.0,62.0,31.0,70.0,78.0,23.0,64.0,5.0,118.0,62.0,2.0,32.0,265.0,151.0,27.0,38.0,72.0,17.0,37.0,28.0,260.0,117.0,25.0,18.0,256.0,159.0,17.0,52.0,79.0,23.0,47.0,15.0,244.0,139.0,15.0,19.0,262.0,154.0,17.0,51.0,77.0,21.0,47.0,15.0,251.0,130.0,15.0,7.0,339.0,77.0,-2.0,69.0,72.0,17.0,66.0,5.0,22.0,5.0,-4.0,NAZCA,Gripp & Gordon (2002),SOUTH_AMERICA,Gripp & Gordon (2002),-999,-999,75.0,81.0,25.0,68.0,35.0,75.0,81.0,25.0,68.0,-999.0,-999.0,-999.0,0.0,48.0,263.0,28.0,43.0,28.0,77.0,22.0,26.0,48.0,263.0,28.0,43.0,12.0,341.0,33.0,10.0,64.0,74.0,24.0,59.0,12.0,341.0,33.0,10.0,17.0,341.0,20.0,16.0,59.0,74.0,27.0,52.0,17.0,341.0,20.0,16.0,23.0,270.0,35.0,19.0,53.0,77.0,21.0,49.0,23.0,270.0,35.0,19.0,9.0,341.0,74.0,-2.0,75.0,74.0,18.0,71.0,9.0,341.0,74.0,-2.0,-999.0,50.0,-999.0,10.0,-999.0,123.0,-999.0,43.0,-999.0,79.0,-999.0,24.0,1.0,35.0,15.0,106.0,0.0,95.54,0.0,8.5,0.0,8.2,0.49,54.3187523,22.2671967
SAM45,SAM44,SAM46,SAM,45,Andean,283.4,-15.0,281.2,-16.7,289.7,-9.7,50.0,4.7,-999.0,-999.0,-999.0,-999.0,-999.0,-999.0,0.2,-999.0,-999.0,-999.0,0.4,-999.0,-999.0,-999.0,-999.0,-999.0,-999,2,1,SS-C,-999,113.0,325.0,337.0,24.0,119.0,145.0,45.0,1321.0,62.0,28.0,11.0,52.0,340.0,1200.0,637.0,NAZCA,Argus et al. (2011),SOUTH_AMERICA,Argus et al. (2011),PERU,Villegas-Lanza et al. (2016),67.0,75.0,25.0,60.0,30.0,70.0,77.0,27.0,63.0,5.0,112.0,62.0,2.0,31.0,265.0,145.0,26.0,40.0,71.0,21.0,37.0,27.0,260.0,121.0,23.0,18.0,256.0,154.0,16.0,53.0,78.0,28.0,47.0,14.0,244.0,144.0,14.0,19.0,261.0,149.0,16.0,52.0,76.0,26.0,47.0,15.0,252.0,135.0,14.0,7.0,342.0,68.0,-3.0,70.0,72.0,22.0,65.0,5.0,27.0,5.0,-5.0,NAZCA,Gripp & Gordon (2002),SOUTH_AMERICA,Gripp & Gordon (2002),-999,-999,76.0,-999.0,30.0,66.0,35.0,76.0,-999.0,30.0,66.0,-999.0,-999.0,-999.0,0.0,48.0,263.0,33.0,40.0,29.0,75.0,25.0,26.0,48.0,263.0,33.0,40.0,-999.0,-999.0,-999.0,-999.0,-999.0,-999.0,-999.0,-999.0,-999.0,-999.0,-999.0,-999.0,-999.0,-999.0,-999.0,-999.0,-999.0,-999.0,-999.0,-999.0,-999.0,-999.0,-999.0,-999.0,-999.0,-999.0,-999.0,-999.0,-999.0,-999.0,-999.0,-999.0,-999.0,-999.0,-999.0,-999.0,-999.0,-999.0,-999.0,-999.0,-999.0,-999.0,-999.0,-999.0,9.0,348.0,63.0,-4.0,63.0,50.0,20.0,10.0,110.0,123.0,56.0,43.0,59.0,79.0,38.0,24.0,17.0,35.0,251.0,106.0,4.7,95.54,8.5,8.5,7.7,8.2,0.22,54.3187523,-999.0
SAM46,SAM45,SAM47,SAM,46,Andean,285.9,-17.0,284.1,-19.1,291.0,-10.6,37.8,6.9,291.0,-999.0,100.0,4.0,-999.0,-999.0,0.1,-999.0,-999.0,-999.0,0.4,-999.0,-999.0,-999.0,-999.0,-999.0,-999,2,1,C-SS,-999,158.0,425.0,223.0,31.0,109.0,88.0,46.0,1173.0,63.0,29.0,16.0,54.0,360.0,1200.0,599.0,NAZCA,Argus et al. (2011),SOUTH_AMERICA,Argus et al. (2011),ALTIPLANO,Argus et al. (2011),60.0,75.0,38.0,47.0,25.0,71.0,76.0,38.0,56.0,12.0,79.0,41.0,9.0,31.0,265.0,133.0,21.0,41.0,69.0,32.0,35.0,19.0,268.0,130.0,12.0,18.0,255.0,143.0,14.0,54.0,76.0,38.0,42.0,6.0,248.0,150.0,5.0,19.0,261.0,137.0,14.0,53.0,74.0,36.0,43.0,7.0,264.0,133.0,5.0,7.0,345.0,53.0,-4.0,72.0,70.0,32.0,60.0,13.0,46.0,8.0,-13.0,NAZCA,Gripp & Gordon (2002),SOUTH_AMERICA,Gripp & Gordon (2002),-999,-999,77.0,79.0,41.0,58.0,34.0,77.0,79.0,41.0,58.0,-999.0,-999.0,-999.0,0.0,48.0,262.0,44.0,34.0,29.0,73.0,35.0,24.0,48.0,262.0,44.0,34.0,12.0,346.0,53.0,7.0,65.0,71.0,39.0,51.0,12.0,346.0,53.0,7.0,16.0,346.0,38.0,13.0,61.0,71.0,41.0,45.0,16.0,346.0,38.0,13.0,23.0,271.0,53.0,14.0,55.0,73.0,36.0,44.0,23.0,271.0,53.0,14.0,10.0,346.0,52.0,-6.0,77.0,71.0,33.0,64.0,10.0,346.0,52.0,-6.0,-999.0,38.0,-999.0,12.0,-999.0,135.0,-999.0,51.0,-999.0,105.0,-999.0,22.0,4.0,160.0,59.0,205.0,0.0,621.35,0.0,8.8,0.0,8.8,0.41,54.3187523,-999.0
SAM47,SAM46,SAM48,SAM,47,Andean,288.0,-19.0,285.6,-20.5,294.9,-14.3,56.4,7.0,291.0,-999.0,100.0,4.0,-999.0,-999.0,0.1,-999.0,-999.0,-999.0,0.4,-999.0,-999.0,-999.0,1.5,-999.0,-999,2,1,C,-999,135.0,444.0,319.0,49.0,275.0,196.0,53.0,1441.0,67.0,31.0,20.0,39.0,520.0,1200.0,590.0,NAZCA,Argus et al. (2011),SOUTH_AMERICA,Argus et al. (2011),ALTIPLANO,Argus et al. (2011),59.0,75.0,19.0,56.0,30.0,72.0,75.0,19.0,68.0,14.0,73.0,17.0,13.0,31.0,264.0,152.0,27.0,42.0,68.0,12.0,41.0,18.0,273.0,144.0,14.0,18.0,255.0,162.0,17.0,54.0,75.0,19.0,51.0,4.0,259.0,158.0,4.0,18.0,261.0,156.0,17.0,54.0,73.0,17.0,52.0,5.0,279.0,137.0,4.0,7.0,347.0,69.0,-3.0,73.0,69.0,13.0,71.0,16.0,45.0,11.0,-16.0,NAZCA,Gripp & Gordon (2002),SOUTH_AMERICA,Gripp & Gordon (2002),ANDES,Klotz et al. (2001),68.0,78.0,21.0,63.0,38.0,78.0,77.0,21.0,73.0,-999.0,-999.0,-999.0,9.0,48.0,261.0,25.0,44.0,30.0,72.0,16.0,29.0,38.0,261.0,25.0,35.0,11.0,346.0,35.0,9.0,67.0,71.0,19.0,63.0,2.0,346.0,86.0,0.0,16.0,346.0,19.0,15.0,62.0,71.0,22.0,57.0,6.0,36.0,9.0,6.0,23.0,268.0,32.0,19.0,55.0,73.0,17.0,53.0,13.0,274.0,38.0,10.0,9.0,346.0,71.0,-3.0,78.0,71.0,14.0,76.0,13.0,36.0,21.0,-12.0,-999.0,38.0,-999.0,12.0,-999.0,135.0,-999.0,51.0,-999.0,105.0,-999.0,22.0,5.0,160.0,73.0,205.0,0.0,621.35,0.0,8.8,0.0,8.8,0.15,54.3187523,14.2091713
SAM48,SAM47,SAM49,SAM,48,Andean,288.7,-21.0,285.8,-21.2,297.3,-19.9,84.4,6.9,341.0,-999.0,113.0,6.0,-999.0,-999.0,0.1,-999.0,-999.0,-999.0,0.1,-999.0,-999.0,-999.0,1.5,-999.0,-999,2,1,C,-999,188.0,807.0,402.0,46.0,410.0,236.0,53.0,1376.0,67.0,31.0,18.0,37.0,620.0,1100.0,599.0,NAZCA,Argus et al. (2011),SOUTH_AMERICA,Argus et al. (2011),ALTIPLANO,Argus et al. (2011),58.0,75.0,9.0,57.0,29.0,73.0,75.0,10.0,72.0,15.0,73.0,11.0,15.0,30.0,264.0,180.0,30.0,43.0,68.0,16.0,41.0,16.0,275.0,169.0,16.0,18.0,254.0,170.0,17.0,55.0,75.0,10.0,54.0,3.0,262.0,178.0,3.0,18.0,260.0,176.0,18.0,55.0,73.0,12.0,53.0,4.0,290.0,155.0,4.0,8.0,350.0,95.0,1.0,74.0,69.0,16.0,71.0,18.0,48.0,37.0,-14.0,NAZCA,Gripp & Gordon (2002),SOUTH_AMERICA,Gripp & Gordon (2002),ANDES,Klotz et al. (2001),73.0,77.0,7.0,72.0,42.0,79.0,77.0,7.0,78.0,-999.0,-999.0,-999.0,6.0,48.0,261.0,3.0,48.0,31.0,72.0,12.0,30.0,42.0,261.0,3.0,42.0,11.0,351.0,7.0,11.0,68.0,70.0,9.0,67.0,5.0,351.0,18.0,5.0,15.0,351.0,8.0,15.0,64.0,70.0,7.0,63.0,9.0,21.0,11.0,9.0,22.0,271.0,7.0,22.0,57.0,72.0,12.0,56.0,16.0,275.0,10.0,16.0,10.0,351.0,86.0,1.0,80.0,70.0,14.0,78.0,12.0,21.0,63.0,-5.0,-999.0,38.0,-999.0,12.0,-999.0,135.0,-999.0,51.0,-999.0,105.0,-999.0,22.0,3.0,160.0,44.0,205.0,0.0,621.35,0.0,8.8,0.0,8.8,0.17,63.2749977,7.55013132
SAM49,SAM48,SAM50,SAM,49,Andean,288.7,-23.0,285.8,-22.7,297.5,-23.5,94.7,7.9,367.0,-999.0,113.0,6.0,-999.0,-999.0,0.1,-999.0,-999.0,-999.0,0.1,-999.0,-999.0,-999.0,0.3,-999.0,-999,2,1,SS-C,-999,188.0,709.0,413.0,23.0,355.0,208.0,51.0,1544.0,66.0,30.0,16.0,41.0,700.0,1000.0,549.0,NAZCA,Argus et al. (2011),SOUTH_AMERICA,Argus et al. (2011),CENTRAL ANDES,Brooks et al. (2003),72.0,71.0,24.0,65.0,33.0,73.0,75.0,20.0,69.0,5.0,35.0,60.0,3.0,30.0,264.0,170.0,30.0,44.0,68.0,26.0,39.0,28.0,255.0,160.0,26.0,18.0,254.0,160.0,17.0,56.0,75.0,20.0,52.0,17.0,238.0,143.0,13.0,18.0,260.0,166.0,18.0,55.0,73.0,22.0,51.0,17.0,244.0,150.0,14.0,7.0,352.0,103.0,2.0,75.0,69.0,26.0,67.0,4.0,31.0,64.0,-2.0,NAZCA,Gripp & Gordon (2002),SOUTH_AMERICA,Gripp & Gordon (2002),ANDES,Klotz et al. (2001),74.0,77.0,17.0,71.0,40.0,79.0,78.0,17.0,75.0,-999.0,-999.0,-999.0,5.0,48.0,261.0,14.0,47.0,32.0,72.0,23.0,30.0,43.0,261.0,14.0,42.0,11.0,351.0,4.0,11.0,69.0,70.0,19.0,65.0,6.0,351.0,4.0,6.0,15.0,351.0,18.0,14.0,65.0,70.0,17.0,62.0,10.0,17.0,20.0,9.0,22.0,271.0,4.0,22.0,58.0,72.0,22.0,54.0,17.0,274.0,1.0,17.0,10.0,351.0,76.0,2.0,81.0,70.0,25.0,74.0,11.0,17.0,78.0,-2.0,19.0,38.0,10.0,12.0,144.0,135.0,46.0,51.0,130.0,105.0,16.0,22.0,22.0,160.0,320.0,205.0,13.0,621.35,8.8,8.8,8.0,8.8,0.1,63.2749977,17.7506561
SAM5,SAM4,SAM6,SAM,5,Central America,262.0,15.6,261.1,13.0,264.7,23.3,17.8,5.1,435.0,-999.0,-999.0,-999.0,-999.0,-999.0,0.3,-999.0,-999.0,-999.0,0.7,-999.0,-999.0,-999.0,-999.0,-999.0,-999,2,1,SS-E,-999,164.0,426.0,128.0,46.0,151.0,32.0,12.0,511.0,32.0,14.0,19.0,61.0,400.0,300.0,122.0,COCOS,Argus et al. (2011),NORTH_AMERICA,Argus et al. (2011),SOUTHERN MEXICO,"Andreani et al., (2008)",71.0,25.0,7.0,71.0,-999.0,70.0,32.0,14.0,68.0,9.0,123.0,106.0,-2.0,32.0,249.0,129.0,20.0,49.0,9.0,9.0,48.0,28.0,234.0,144.0,23.0,20.0,231.0,147.0,17.0,52.0,25.0,7.0,52.0,19.0,204.0,174.0,19.0,20.0,237.0,141.0,16.0,52.0,23.0,5.0,52.0,19.0,210.0,168.0,18.0,10.0,229.0,149.0,9.0,60.0,29.0,11.0,59.0,12.0,181.0,164.0,11.0,COCOS,Gripp & Gordon (2002),NORTH_AMERICA,Gripp & Gordon (2002),-999,-999,62.0,34.0,16.0,60.0,-999.0,62.0,34.0,16.0,60.0,-999.0,-999.0,-999.0,0.0,40.0,255.0,57.0,22.0,41.0,355.0,23.0,38.0,40.0,255.0,57.0,22.0,18.0,236.0,32.0,15.0,45.0,31.0,11.0,44.0,18.0,236.0,32.0,15.0,21.0,236.0,30.0,19.0,41.0,31.0,10.0,41.0,21.0,236.0,30.0,19.0,24.0,246.0,49.0,16.0,44.0,18.0,0.0,44.0,24.0,246.0,49.0,16.0,9.0,236.0,38.0,7.0,54.0,31.0,13.0,53.0,9.0,236.0,38.0,7.0,50.0,45.0,9.0,11.0,105.0,113.0,40.0,41.0,63.0,74.0,29.0,24.0,17.0,62.0,256.0,149.0,2.6,125.7,8.3,8.6,7.3,8.0,0.4,47.5499992,-999.0
SAM50,SAM49,SAM51,SAM,50,Andean,288.6,-25.0,285.6,-24.8,297.5,-25.1,93.3,7.5,315.0,-999.0,110.0,7.0,-999.0,-999.0,0.1,-999.0,-999.0,-999.0,0.1,-999.0,-999.0,-999.0,-999.0,-999.0,-999,2,1,SS-C,-999,198.0,797.0,443.0,49.0,411.0,191.0,47.0,1439.0,63.0,29.0,15.0,42.0,700.0,900.0,590.0,NAZCA,Argus et al. (2011),SOUTH_AMERICA,Argus et al. (2011),CENTRAL ANDES,Brooks et al. (2003),72.0,71.0,22.0,66.0,34.0,74.0,75.0,18.0,70.0,5.0,40.0,54.0,3.0,30.0,264.0,171.0,29.0,44.0,69.0,25.0,40.0,27.0,255.0,162.0,26.0,18.0,254.0,161.0,17.0,56.0,75.0,18.0,53.0,16.0,237.0,143.0,13.0,18.0,260.0,167.0,18.0,56.0,73.0,20.0,52.0,16.0,244.0,150.0,14.0,7.0,355.0,99.0,1.0,75.0,69.0,24.0,69.0,4.0,38.0,55.0,-2.0,NAZCA,Gripp & Gordon (2002),SOUTH_AMERICA,Gripp & Gordon (2002),ANDES,Klotz et al. (2001),74.0,78.0,16.0,71.0,41.0,80.0,77.0,16.0,77.0,-999.0,-999.0,-999.0,6.0,48.0,261.0,12.0,47.0,32.0,72.0,21.0,30.0,42.0,261.0,12.0,41.0,11.0,352.0,2.0,11.0,69.0,71.0,18.0,66.0,5.0,352.0,9.0,5.0,15.0,352.0,19.0,14.0,65.0,71.0,15.0,62.0,9.0,24.0,23.0,8.0,22.0,269.0,4.0,22.0,58.0,73.0,20.0,55.0,16.0,272.0,1.0,16.0,9.0,352.0,78.0,2.0,81.0,71.0,23.0,75.0,11.0,24.0,69.0,-4.0,-999.0,38.0,-999.0,12.0,-999.0,135.0,-999.0,51.0,-999.0,105.0,-999.0,22.0,12.0,160.0,174.0,205.0,0.0,621.35,0.0,8.8,0.0,8.8,0.2,63.2749977,-999.0
SAM51,SAM50,SAM52,SAM,51,Andean,288.3,-27.0,285.3,-26.4,297.3,-28.2,101.1,7.5,319.0,-999.0,110.0,7.0,-999.0,-999.0,0.1,-999.0,-999.0,-999.0,0.1,-999.0,-999.0,-999.0,-999.0,-999.0,-999,2,1,SS-C,-999,171.0,695.0,400.0,51.0,371.0,201.0,46.0,1299.0,62.0,29.0,14.0,42.0,400.0,800.0,618.0,NAZCA,Argus et al. (2011),SOUTH_AMERICA,Argus et al. (2011),CENTRAL ANDES,Brooks et al. (2003),72.0,71.0,30.0,62.0,31.0,74.0,75.0,26.0,66.0,5.0,45.0,56.0,3.0,29.0,264.0,163.0,28.0,45.0,69.0,32.0,38.0,27.0,254.0,153.0,24.0,17.0,254.0,153.0,15.0,56.0,75.0,26.0,51.0,16.0,236.0,135.0,11.0,18.0,260.0,159.0,17.0,56.0,74.0,28.0,50.0,16.0,243.0,142.0,12.0,7.0,357.0,104.0,2.0,76.0,70.0,31.0,65.0,5.0,45.0,56.0,-3.0,NAZCA,Gripp & Gordon (2002),SOUTH_AMERICA,Gripp & Gordon (2002),ANDES,Klotz et al. (2001),74.0,78.0,23.0,68.0,37.0,80.0,78.0,23.0,73.0,-999.0,-999.0,-999.0,6.0,48.0,261.0,20.0,45.0,33.0,73.0,28.0,29.0,42.0,261.0,20.0,39.0,11.0,352.0,10.0,11.0,70.0,71.0,25.0,63.0,5.0,352.0,1.0,5.0,15.0,352.0,27.0,14.0,66.0,71.0,23.0,61.0,9.0,24.0,31.0,8.0,22.0,269.0,12.0,22.0,59.0,74.0,28.0,53.0,16.0,272.0,9.0,16.0,9.0,352.0,71.0,3.0,82.0,71.0,30.0,71.0,11.0,24.0,77.0,-3.0,37.0,38.0,12.0,12.0,109.0,135.0,37.0,51.0,76.0,105.0,19.0,22.0,21.0,160.0,307.0,205.0,3.8,621.35,8.4,8.8,7.6,8.8,0.48,63.2749977,-999.0
SAM52,SAM51,SAM53,SAM,52,Andean,287.7,-29.0,284.7,-28.5,296.9,-29.9,99.4,6.2,-999.0,-999.0,-999.0,-999.0,-999.0,-999.0,0.1,-999.0,0.2,-999.0,-999.0,-999.0,-999.0,-999.0,-999.0,-999.0,-999,2,1,SS-C,-999,149.0,390.0,188.0,34.0,199.0,117.0,45.0,1255.0,61.0,28.0,11.0,44.0,300.0,670.0,140.0,NAZCA,Argus et al. (2011),SOUTH_AMERICA,Argus et al. (2011),CENTRAL ANDES,Brooks et al. (2003),72.0,71.0,28.0,63.0,-999.0,74.0,76.0,24.0,68.0,5.0,52.0,47.0,3.0,29.0,264.0,165.0,28.0,46.0,70.0,29.0,40.0,26.0,254.0,154.0,23.0,17.0,254.0,155.0,16.0,57.0,76.0,23.0,52.0,16.0,235.0,136.0,11.0,18.0,260.0,161.0,17.0,56.0,74.0,25.0,51.0,16.0,242.0,142.0,12.0,7.0,0.0,99.0,1.0,76.0,70.0,29.0,66.0,5.0,52.0,47.0,-3.0,NAZCA,Gripp & Gordon (2002),SOUTH_AMERICA,Gripp & Gordon (2002),ANDES,Klotz et al. (2001),75.0,78.0,22.0,69.0,47.0,80.0,78.0,21.0,75.0,-999.0,-999.0,-999.0,5.0,47.0,261.0,18.0,45.0,33.0,74.0,25.0,30.0,41.0,261.0,18.0,39.0,10.0,358.0,11.0,10.0,70.0,72.0,23.0,64.0,4.0,358.0,1.0,4.0,14.0,358.0,25.0,13.0,66.0,72.0,20.0,62.0,8.0,28.0,31.0,7.0,21.0,270.0,10.0,21.0,59.0,74.0,25.0,54.0,15.0,273.0,6.0,15.0,9.0,358.0,78.0,2.0,82.0,72.0,28.0,72.0,12.0,28.0,71.0,-4.0,40.0,38.0,15.0,12.0,121.0,135.0,50.0,51.0,88.0,105.0,24.0,22.0,11.0,160.0,160.0,205.0,0.26,621.35,7.7,8.8,6.6,8.8,0.15,60.0999985,-999.0
SAM53,SAM52,SAM54,SAM,53,Andean,287.5,-30.5,284.4,-30.3,296.9,-30.7,94.3,6.1,-999.0,-999.0,-999.0,-999.0,-999.0,-999.0,0.2,-999.0,0.3,-999.0,-999.0,-999.0,-999.0,-999.0,-999.0,-999.0,-999,2,1,C-SS,-999,147.0,328.0,168.0,27.0,110.0,51.0,40.0,1158.0,58.0,27.0,12.0,42.0,240.0,670.0,194.0,NAZCA,Argus et al. (2011),SOUTH_AMERICA,Argus et al. (2011),CENTRAL ANDES,Brooks et al. (2003),71.0,72.0,23.0,66.0,33.0,74.0,76.0,19.0,70.0,5.0,57.0,38.0,4.0,29.0,264.0,170.0,28.0,46.0,70.0,24.0,42.0,26.0,253.0,159.0,24.0,17.0,254.0,160.0,16.0,57.0,76.0,18.0,54.0,15.0,234.0,140.0,12.0,18.0,260.0,166.0,17.0,57.0,74.0,20.0,53.0,15.0,241.0,147.0,13.0,7.0,2.0,92.0,0.0,76.0,70.0,24.0,70.0,5.0,56.0,39.0,-4.0,NAZCA,Gripp & Gordon (2002),SOUTH_AMERICA,Gripp & Gordon (2002),ANDES,Klotz et al. (2001),75.0,-999.0,17.0,72.0,38.0,80.0,-999.0,16.0,77.0,-999.0,-999.0,-999.0,5.0,47.0,-999.0,13.0,46.0,33.0,74.0,20.0,31.0,41.0,261.0,13.0,40.0,-999.0,-999.0,-999.0,-999.0,-999.0,-999.0,-999.0,-999.0,-999.0,-999.0,-999.0,-999.0,-999.0,-999.0,-999.0,-999.0,-999.0,-999.0,-999.0,-999.0,-999.0,-999.0,-999.0,-999.0,-999.0,-999.0,-999.0,-999.0,-999.0,-999.0,-999.0,-999.0,-999.0,-999.0,-999.0,-999.0,-999.0,-999.0,-999.0,-999.0,-999.0,-999.0,-999.0,-999.0,12.0,28.0,66.0,-5.0,22.0,38.0,10.0,12.0,125.0,135.0,53.0,51.0,111.0,105.0,23.0,22.0,28.0,160.0,407.0,205.0,0.81,621.35,8.0,8.8,6.8,8.8,0.37,57.0583305,-999.0
SAM54,SAM53,SAM55,SAM,54,Andean,287.4,-32.0,284.2,-31.7,297.0,-32.3,94.8,5.8,-999.0,-999.0,-999.0,-999.0,-999.0,-999.0,0.2,-999.0,0.5,-999.0,-999.0,-999.0,-999.0,-999.0,0.9,-999.0,-999,2,1,C-SS,-999,181.0,596.0,318.0,43.0,428.0,264.0,39.0,1112.0,57.0,26.0,16.0,37.0,280.0,670.0,161.0,NAZCA,Argus et al. (2011),SOUTH_AMERICA,Argus et al. (2011),CENTRAL ANDES,Brooks et al. (2003),71.0,72.0,23.0,65.0,-999.0,74.0,76.0,19.0,70.0,5.0,61.0,34.0,4.0,28.0,264.0,169.0,28.0,46.0,71.0,24.0,42.0,25.0,253.0,158.0,23.0,17.0,254.0,159.0,16.0,57.0,76.0,19.0,54.0,15.0,233.0,139.0,11.0,17.0,260.0,165.0,17.0,57.0,74.0,20.0,53.0,15.0,240.0,146.0,12.0,7.0,5.0,90.0,0.0,77.0,71.0,24.0,70.0,6.0,59.0,36.0,-5.0,NAZCA,Gripp & Gordon (2002),SOUTH_AMERICA,Gripp & Gordon (2002),ANDES,Klotz et al. (2001),75.0,78.0,18.0,72.0,48.0,80.0,78.0,17.0,77.0,-999.0,-999.0,-999.0,5.0,47.0,261.0,14.0,46.0,34.0,74.0,21.0,32.0,41.0,261.0,14.0,39.0,10.0,358.0,6.0,10.0,71.0,72.0,18.0,67.0,4.0,358.0,4.0,4.0,14.0,358.0,21.0,13.0,67.0,72.0,16.0,64.0,8.0,28.0,26.0,7.0,21.0,270.0,5.0,21.0,60.0,74.0,21.0,57.0,15.0,273.0,2.0,15.0,9.0,358.0,83.0,1.0,83.0,72.0,23.0,76.0,12.0,28.0,67.0,-5.0,45.0,38.0,12.0,12.0,113.0,135.0,57.0,51.0,82.0,105.0,34.0,22.0,24.0,160.0,348.0,205.0,0.29,621.35,7.7,8.8,6.5,8.8,0.67,51.8750038,23.4860439
SAM55,SAM54,SAM56,SAM,55,Andean,286.9,-34.0,283.9,-32.9,296.2,-36.8,113.3,5.4,272.0,-999.0,106.0,6.0,-999.0,-999.0,0.3,-999.0,1.2,-999.0,-999.0,-999.0,-999.0,-999.0,0.9,-999.0,-999,1,1,SS-C,-999,148.0,581.0,333.0,50.0,495.0,295.0,36.0,877.0,55.0,25.0,22.0,33.0,440.0,670.0,172.0,NAZCA,Argus et al. (2011),SOUTH_AMERICA,Argus et al. (2011),CENTRAL ANDES,Brooks et al. (2003),71.0,72.0,42.0,53.0,25.0,74.0,76.0,37.0,59.0,5.0,68.0,46.0,3.0,28.0,264.0,151.0,24.0,47.0,71.0,42.0,35.0,24.0,252.0,139.0,18.0,17.0,254.0,141.0,13.0,57.0,77.0,37.0,46.0,15.0,232.0,119.0,7.0,17.0,260.0,147.0,14.0,57.0,75.0,39.0,45.0,14.0,239.0,126.0,9.0,7.0,8.0,106.0,2.0,77.0,71.0,42.0,57.0,6.0,63.0,50.0,-4.0,NAZCA,Gripp & Gordon (2002),SOUTH_AMERICA,Gripp & Gordon (2002),-999,-999,80.0,79.0,35.0,66.0,34.0,80.0,79.0,35.0,66.0,-999.0,-999.0,-999.0,0.0,46.0,261.0,32.0,39.0,34.0,75.0,38.0,27.0,46.0,261.0,32.0,39.0,9.0,4.0,24.0,8.0,71.0,72.0,36.0,57.0,9.0,4.0,24.0,8.0,13.0,4.0,40.0,10.0,67.0,72.0,34.0,55.0,13.0,4.0,40.0,10.0,20.0,270.0,23.0,18.0,61.0,75.0,39.0,47.0,20.0,270.0,23.0,18.0,10.0,4.0,70.0,3.0,83.0,72.0,41.0,62.0,10.0,4.0,70.0,3.0,49.0,38.0,17.0,12.0,96.0,135.0,42.0,51.0,53.0,105.0,28.0,22.0,21.0,160.0,313.0,205.0,0.71,621.35,8.0,8.8,7.1,8.8,1.46,39.9333267,29.7627811
SAM56,SAM55,SAM57,SAM,56,Andean,286.2,-35.5,283.3,-34.2,295.4,-39.0,118.4,5.2,306.0,-999.0,106.0,6.0,-999.0,-999.0,0.3,-999.0,2.0,-999.0,-999.0,-999.0,1.0,-999.0,-999.0,-999.0,1,-999,1,C-SS,-999,117.0,267.0,138.0,28.0,74.0,63.0,34.0,853.0,54.0,24.0,20.0,43.0,500.0,-999.0,161.0,NAZCA,Argus et al. (2011),SOUTH_AMERICA,Argus et al. (2011),CENTRAL ANDES,Brooks et al. (2003),71.0,72.0,47.0,49.0,-999.0,74.0,76.0,42.0,55.0,5.0,74.0,44.0,4.0,27.0,264.0,145.0,22.0,47.0,72.0,46.0,32.0,24.0,252.0,133.0,16.0,17.0,254.0,136.0,12.0,57.0,77.0,41.0,43.0,15.0,231.0,113.0,6.0,17.0,260.0,142.0,13.0,57.0,75.0,43.0,42.0,14.0,238.0,120.0,7.0,7.0,10.0,108.0,2.0,77.0,71.0,47.0,53.0,6.0,67.0,52.0,-4.0,NAZCA,Gripp & Gordon (2002),SOUTH_AMERICA,Gripp & Gordon (2002),-999,-999,80.0,79.0,40.0,62.0,-999.0,80.0,79.0,40.0,62.0,-999.0,-999.0,-999.0,0.0,46.0,261.0,37.0,37.0,34.0,76.0,42.0,25.0,46.0,261.0,37.0,37.0,9.0,6.0,29.0,8.0,71.0,73.0,41.0,54.0,9.0,6.0,29.0,8.0,13.0,6.0,47.0,9.0,67.0,73.0,38.0,53.0,13.0,6.0,47.0,9.0,20.0,268.0,30.0,17.0,61.0,76.0,43.0,45.0,20.0,268.0,30.0,17.0,9.0,6.0,67.0,3.0,83.0,73.0,45.0,58.0,9.0,6.0,67.0,3.0,-999.0,38.0,-999.0,12.0,-999.0,135.0,-999.0,51.0,-999.0,105.0,-999.0,22.0,1.0,160.0,15.0,205.0,0.0,621.35,0.0,8.8,0.0,8.8,1.06,33.3849945,20.7155781
SAM57,SAM56,SAM58,SAM,57,Andean,285.4,-37.0,282.2,-36.3,295.4,-38.7,105.0,4.8,327.0,-999.0,-999.0,-999.0,-999.0,-999.0,0.3,-999.0,-999.0,-999.0,2.1,-999.0,-999.0,-999.0,0.8,-999.0,-999,1,1,Undefined,-999,81.0,152.0,89.0,16.0,32.0,27.0,32.0,1078.0,52.0,24.0,20.0,44.0,550.0,-999.0,179.0,NAZCA,Argus et al. (2011),SOUTH_AMERICA,Argus et al. (2011),-999,-999,74.0,77.0,28.0,65.0,-999.0,74.0,77.0,28.0,65.0,-999.0,-999.0,-999.0,-999.0,27.0,264.0,159.0,25.0,47.0,73.0,32.0,40.0,27.0,264.0,159.0,25.0,16.0,254.0,149.0,14.0,57.0,78.0,27.0,51.0,16.0,254.0,149.0,14.0,17.0,260.0,155.0,15.0,57.0,76.0,29.0,50.0,17.0,260.0,155.0,15.0,7.0,13.0,92.0,0.0,77.0,72.0,33.0,65.0,7.0,13.0,92.0,0.0,NAZCA,Gripp & Gordon (2002),SOUTH_AMERICA,Gripp & Gordon (2002),-999,-999,80.0,79.0,26.0,72.0,-999.0,80.0,79.0,26.0,72.0,-999.0,-999.0,-999.0,0.0,46.0,261.0,24.0,42.0,35.0,76.0,29.0,31.0,46.0,261.0,24.0,42.0,9.0,360.0,20.0,8.0,72.0,73.0,27.0,64.0,9.0,360.0,20.0,8.0,13.0,360.0,34.0,11.0,68.0,73.0,25.0,62.0,13.0,360.0,34.0,11.0,21.0,268.0,17.0,20.0,61.0,76.0,29.0,53.0,21.0,268.0,17.0,20.0,8.0,360.0,75.0,2.0,83.0,73.0,32.0,70.0,8.0,360.0,75.0,2.0,-999.0,25.0,-999.0,5.0,-999.0,210.0,-999.0,50.0,-999.0,190.0,-999.0,14.0,7.0,8.0,103.0,23.0,0.0,2264.02,0.0,9.4,0.0,9.5,2.8,32.303154,18.7211609
SAM58,SAM57,SAM59,SAM,58,Andean,284.9,-39.0,281.5,-38.5,295.3,-39.8,99.0,4.4,296.0,-999.0,-999.0,-999.0,-999.0,-999.0,0.4,-999.0,1.6,-999.0,-999.0,-999.0,1.2,-999.0,-999.0,-999.0,2,-999,1,Undefined,-999,118.0,294.0,170.0,26.0,133.0,73.0,29.0,1054.0,49.0,22.0,22.0,44.0,540.0,-999.0,172.0,NAZCA,Argus et al. (2011),SOUTH_AMERICA,Argus et al. (2011),-999,-999,74.0,77.0,22.0,68.0,-999.0,74.0,77.0,22.0,68.0,-999.0,-999.0,-999.0,-999.0,26.0,264.0,165.0,25.0,48.0,73.0,26.0,43.0,26.0,264.0,165.0,25.0,16.0,254.0,155.0,15.0,57.0,78.0,21.0,54.0,16.0,254.0,155.0,15.0,16.0,260.0,161.0,16.0,57.0,76.0,23.0,53.0,16.0,260.0,161.0,16.0,7.0,16.0,83.0,-1.0,77.0,72.0,27.0,69.0,7.0,16.0,83.0,-1.0,NAZCA,Gripp & Gordon (2002),SOUTH_AMERICA,Gripp & Gordon (2002),-999,-999,80.0,80.0,20.0,75.0,-999.0,80.0,80.0,20.0,75.0,-999.0,-999.0,-999.0,0.0,45.0,262.0,17.0,43.0,35.0,77.0,22.0,33.0,45.0,262.0,17.0,43.0,8.0,5.0,8.0,8.0,72.0,74.0,20.0,67.0,8.0,5.0,8.0,8.0,12.0,5.0,25.0,11.0,68.0,74.0,18.0,64.0,12.0,5.0,25.0,11.0,20.0,271.0,8.0,19.0,61.0,76.0,23.0,56.0,20.0,271.0,8.0,19.0,9.0,5.0,86.0,1.0,83.0,74.0,25.0,75.0,9.0,5.0,86.0,1.0,-999.0,25.0,-999.0,5.0,-999.0,210.0,-999.0,50.0,-999.0,190.0,-999.0,14.0,1.0,8.0,15.0,23.0,0.0,2264.02,0.0,9.4,0.0,9.5,3.42,36.1468697,27.3065815
SAM59,SAM58,SAM60,SAM,59,Andean,284.7,-41.0,281.2,-40.6,295.5,-41.5,97.0,3.7,252.0,-999.0,-999.0,-999.0,-999.0,-999.0,0.6,-999.0,2.4,-999.0,-999.0,-999.0,-999.0,-999.0,1.0,-999.0,-999,2,1,SS,-999,111.0,332.0,215.0,48.0,184.0,174.0,23.0,831.0,45.0,20.0,23.0,41.0,450.0,-999.0,170.0,NAZCA,Argus et al. (2011),SOUTH_AMERICA,Argus et al. (2011),DEF_SOUTH_ANDES,"Wang et al., (2007)",72.0,80.0,17.0,69.0,-999.0,73.0,77.0,20.0,69.0,4.0,4.0,93.0,0.0,26.0,264.0,167.0,25.0,48.0,74.0,23.0,44.0,25.0,273.0,176.0,25.0,16.0,254.0,157.0,15.0,57.0,78.0,19.0,54.0,15.0,268.0,171.0,15.0,16.0,260.0,163.0,15.0,57.0,76.0,21.0,54.0,16.0,274.0,177.0,16.0,7.0,19.0,78.0,-1.0,77.0,73.0,24.0,70.0,11.0,13.0,84.0,-1.0,NAZCA,Gripp & Gordon (2002),SOUTH_AMERICA,Gripp & Gordon (2002),-999,-999,79.0,80.0,18.0,75.0,-999.0,79.0,80.0,18.0,75.0,-999.0,-999.0,-999.0,0.0,45.0,261.0,16.0,43.0,35.0,77.0,20.0,33.0,45.0,261.0,16.0,43.0,8.0,6.0,11.0,8.0,72.0,74.0,18.0,68.0,8.0,6.0,11.0,8.0,13.0,6.0,26.0,12.0,67.0,74.0,16.0,64.0,13.0,6.0,26.0,12.0,19.0,269.0,8.0,19.0,61.0,76.0,21.0,57.0,19.0,269.0,8.0,19.0,9.0,6.0,89.0,0.0,83.0,74.0,23.0,76.0,9.0,6.0,89.0,0.0,-999.0,25.0,-999.0,5.0,-999.0,210.0,-999.0,50.0,-999.0,190.0,-999.0,14.0,0.0,8.0,0.0,23.0,0.0,2264.02,0.0,9.4,0.0,9.5,3.1,31.2977486,18.7939034
SAM6,SAM5,SAM7,SAM,6,Central America,264.0,15.3,263.5,12.6,265.5,23.3,9.7,5.5,378.0,-999.0,-999.0,-999.0,-999.0,-999.0,0.3,-999.0,-999.0,-999.0,0.7,-999.0,-999.0,-999.0,-999.0,-999.0,-999,2,1,SS-E,-999,143.0,405.0,348.0,43.0,147.0,178.0,14.0,485.0,34.0,16.0,22.0,38.0,440.0,300.0,181.0,COCOS,Argus et al. (2011),NORTH_AMERICA,Argus et al. (2011),SOUTHERN MEXICO,"Andreani et al., (2008)",73.0,25.0,15.0,70.0,-999.0,73.0,32.0,22.0,68.0,9.0,113.0,104.0,-2.0,32.0,250.0,120.0,16.0,52.0,9.0,1.0,52.0,27.0,237.0,133.0,18.0,20.0,232.0,138.0,15.0,55.0,25.0,15.0,53.0,17.0,206.0,164.0,17.0,20.0,237.0,132.0,14.0,56.0,23.0,13.0,54.0,17.0,213.0,157.0,16.0,10.0,232.0,138.0,7.0,64.0,29.0,19.0,61.0,10.0,180.0,170.0,9.0,COCOS,Gripp & Gordon (2002),NORTH_AMERICA,Gripp & Gordon (2002),-999,-999,66.0,33.0,23.0,61.0,32.0,66.0,33.0,23.0,61.0,-999.0,-999.0,-999.0,0.0,40.0,255.0,65.0,17.0,45.0,357.0,13.0,44.0,40.0,255.0,65.0,17.0,18.0,241.0,41.0,13.0,50.0,30.0,17.0,47.0,18.0,241.0,41.0,13.0,21.0,241.0,39.0,16.0,46.0,30.0,17.0,44.0,21.0,241.0,39.0,16.0,23.0,248.0,58.0,12.0,49.0,18.0,8.0,48.0,23.0,248.0,58.0,12.0,7.0,241.0,52.0,5.0,60.0,30.0,20.0,56.0,7.0,241.0,52.0,5.0,-999.0,45.0,-999.0,11.0,-999.0,113.0,-999.0,41.0,-999.0,74.0,-999.0,24.0,4.0,62.0,60.0,149.0,0.0,125.7,0.0,8.6,0.0,8.0,0.11,47.5499992,-999.0
SAM60,SAM59,SAM61,SAM,60,Andean,284.5,-43.0,280.8,-42.7,295.6,-43.2,95.0,4.0,246.0,-999.0,-999.0,-999.0,0.7,-999.0,-999.0,-999.0,2.4,-999.0,-999.0,-999.0,1.5,-999.0,-999.0,-999.0,2,-999,1,SS,-999,64.0,227.0,157.0,28.0,171.0,114.0,13.0,453.0,33.0,15.0,24.0,36.0,-999.0,-999.0,156.0,NAZCA,Argus et al. (2011),SOUTH_AMERICA,Argus et al. (2011),DEF_SOUTH_ANDES,"Wang et al., (2007)",71.0,82.0,13.0,70.0,-999.0,73.0,77.0,18.0,69.0,7.0,4.0,91.0,0.0,25.0,263.0,168.0,24.0,48.0,74.0,21.0,45.0,25.0,280.0,175.0,25.0,16.0,253.0,158.0,15.0,57.0,78.0,17.0,55.0,15.0,280.0,175.0,15.0,16.0,260.0,165.0,15.0,57.0,76.0,19.0,54.0,16.0,285.0,170.0,15.0,7.0,21.0,74.0,-2.0,77.0,73.0,22.0,72.0,14.0,13.0,82.0,-2.0,NAZCA,Gripp & Gordon (2002),SOUTH_AMERICA,Gripp & Gordon (2002),-999,-999,79.0,80.0,15.0,76.0,-999.0,79.0,80.0,15.0,76.0,-999.0,-999.0,-999.0,0.0,44.0,261.0,14.0,43.0,35.0,77.0,18.0,33.0,44.0,261.0,14.0,43.0,7.0,12.0,9.0,7.0,72.0,74.0,16.0,69.0,7.0,12.0,9.0,7.0,12.0,12.0,27.0,11.0,67.0,74.0,14.0,65.0,12.0,12.0,27.0,11.0,18.0,269.0,6.0,18.0,61.0,76.0,19.0,58.0,18.0,269.0,6.0,18.0,9.0,12.0,83.0,-1.0,83.0,74.0,21.0,77.0,9.0,12.0,83.0,-1.0,-999.0,25.0,-999.0,5.0,-999.0,210.0,-999.0,50.0,-999.0,190.0,-999.0,14.0,0.0,8.0,0.0,23.0,0.0,2264.02,0.0,9.4,0.0,9.5,3.17,31.2977486,20.7009525
SAM61,SAM60,SAM62,SAM,61,Andean,283.9,-45.0,280.1,-44.7,295.4,-45.1,95.0,3.3,247.0,-999.0,-999.0,-999.0,-999.0,-999.0,0.4,-999.0,1.1,-999.0,-999.0,-999.0,-999.0,-999.0,1.5,-999.0,-999,2,1,SS,-999,175.0,452.0,340.0,79.0,205.0,170.0,3.0,-999.0,16.0,8.0,12.0,-999.0,-999.0,-999.0,31.0,NAZCA,Argus et al. (2011),SOUTH_AMERICA,Argus et al. (2011),DEF_SOUTH_ANDES,"Wang et al., (2007)",70.0,83.0,12.0,69.0,-999.0,73.0,77.0,18.0,69.0,7.0,10.0,85.0,1.0,24.0,263.0,168.0,24.0,49.0,74.0,21.0,45.0,23.0,280.0,175.0,23.0,15.0,253.0,158.0,14.0,57.0,78.0,17.0,55.0,14.0,280.0,175.0,14.0,15.0,259.0,164.0,15.0,57.0,77.0,18.0,54.0,15.0,286.0,169.0,14.0,7.0,24.0,71.0,-2.0,77.0,73.0,22.0,72.0,14.0,17.0,78.0,-3.0,NAZCA,Gripp & Gordon (2002),SOUTH_AMERICA,Gripp & Gordon (2002),-999,-999,78.0,80.0,15.0,75.0,-999.0,78.0,80.0,15.0,75.0,-999.0,-999.0,-999.0,0.0,43.0,261.0,14.0,42.0,36.0,78.0,17.0,34.0,43.0,261.0,14.0,42.0,7.0,13.0,9.0,7.0,72.0,74.0,16.0,69.0,7.0,13.0,9.0,7.0,11.0,13.0,28.0,10.0,68.0,74.0,13.0,66.0,11.0,13.0,28.0,10.0,18.0,269.0,6.0,18.0,61.0,77.0,18.0,58.0,18.0,269.0,6.0,18.0,9.0,13.0,82.0,-1.0,83.0,74.0,21.0,77.0,9.0,13.0,82.0,-1.0,-999.0,25.0,-999.0,5.0,-999.0,210.0,-999.0,50.0,-999.0,190.0,-999.0,14.0,0.0,8.0,0.0,23.0,0.0,2264.02,0.0,9.4,0.0,9.5,2.98,41.131813,24.6890278
SAM62,SAM61,SAM63,SAM,62,Andean,283.8,-47.0,279.9,-46.6,295.7,-47.5,98.0,3.7,-999.0,-999.0,-999.0,-999.0,-999.0,-999.0,0.2,-999.0,1.2,-999.0,-999.0,-999.0,-999.0,-999.0,1.2,-999.0,-999,2,1,SS-C,-999,138.0,462.0,313.0,68.0,175.0,143.0,8.0,-999.0,26.0,12.0,-999.0,-999.0,-999.0,-999.0,35.0,ANTARCTICA,Argus et al. (2011),SOUTH_AMERICA,Argus et al. (2011),DEF_SOUTH_ANDES,"Wang et al., (2007)",18.0,107.0,9.0,18.0,-999.0,20.0,87.0,11.0,20.0,7.0,25.0,73.0,2.0,24.0,263.0,165.0,23.0,4.0,241.0,143.0,-3.0,21.0,280.0,178.0,21.0,15.0,253.0,155.0,14.0,7.0,121.0,23.0,6.0,12.0,279.0,179.0,12.0,15.0,259.0,161.0,14.0,6.0,108.0,10.0,6.0,12.0,287.0,171.0,12.0,7.0,27.0,71.0,-2.0,25.0,72.0,26.0,22.0,14.0,26.0,72.0,-4.0,ANTARCTICA,Gripp & Gordon (2002),SOUTH_AMERICA,Gripp & Gordon (2002),-999,-999,21.0,93.0,5.0,21.0,-999.0,21.0,93.0,5.0,21.0,-999.0,-999.0,-999.0,0.0,42.0,250.0,17.0,40.0,22.0,250.0,28.0,-19.0,42.0,250.0,17.0,40.0,9.0,79.0,72.0,3.0,15.0,72.0,3.0,15.0,9.0,79.0,72.0,3.0,14.0,79.0,66.0,6.0,12.0,72.0,17.0,12.0,14.0,79.0,66.0,6.0,17.0,242.0,36.0,13.0,4.0,106.0,8.0,4.0,17.0,242.0,36.0,13.0,5.0,79.0,19.0,-5.0,25.0,72.0,26.0,22.0,5.0,79.0,19.0,-5.0,-999.0,-999.0,-999.0,-999.0,-999.0,-999.0,-999.0,-999.0,-999.0,-999.0,-999.0,-999.0,0.0,3.0,0.0,8.0,0.0,8.28,0.0,7.8,0.0,7.8,0.0,39.9333267,31.0584335
SAM63,SAM62,SAM64,SAM,63,Andean,282.8,-49.0,278.8,-48.6,295.2,-49.5,98.0,4.0,279.0,-999.0,-999.0,-999.0,-999.0,-999.0,0.4,-999.0,1.5,-999.0,-999.0,-999.0,-999.0,-999.0,-999.0,-999.0,-999,2,1,Neutral,-999,75.0,267.0,146.0,25.0,144.0,114.0,13.0,-999.0,33.0,15.0,-999.0,-999.0,-999.0,-999.0,33.0,ANTARCTICA,Argus et al. (2011),SOUTH_AMERICA,Argus et al. (2011),-999,-999,19.0,87.0,11.0,19.0,-999.0,19.0,87.0,11.0,19.0,0.0,-999.0,-999.0,0.0,23.0,263.0,165.0,22.0,4.0,242.0,144.0,-3.0,23.0,263.0,165.0,22.0,15.0,253.0,155.0,13.0,6.0,122.0,24.0,6.0,15.0,253.0,155.0,13.0,15.0,259.0,161.0,14.0,5.0,109.0,11.0,5.0,15.0,259.0,161.0,14.0,8.0,30.0,68.0,-3.0,24.0,72.0,26.0,22.0,8.0,30.0,68.0,-3.0,ANTARCTICA,Gripp & Gordon (2002),SOUTH_AMERICA,Gripp & Gordon (2002),-999,-999,20.0,93.0,3.0,20.0,-999.0,20.0,93.0,3.0,20.0,-999.0,-999.0,-999.0,0.0,42.0,262.0,14.0,41.0,22.0,251.0,25.0,-20.0,42.0,262.0,14.0,41.0,6.0,12.0,10.0,6.0,15.0,71.0,2.0,15.0,6.0,12.0,10.0,6.0,11.0,12.0,27.0,10.0,11.0,71.0,18.0,11.0,11.0,12.0,27.0,10.0,18.0,271.0,7.0,18.0,3.0,107.0,9.0,3.0,18.0,271.0,7.0,18.0,9.0,12.0,86.0,-1.0,24.0,71.0,27.0,21.0,9.0,12.0,86.0,-1.0,-999.0,-999.0,-999.0,-999.0,-999.0,-999.0,-999.0,-999.0,-999.0,-999.0,-999.0,-999.0,2.0,3.0,29.0,8.0,0.0,8.28,0.0,7.8,0.0,7.8,0.0,36.9633293,-999.0
SAM64,SAM63,SAM65,SAM,64,Andean,283.3,-51.0,279.0,-51.4,295.5,-48.9,80.0,3.9,233.0,-999.0,-999.0,-999.0,-999.0,-999.0,0.8,-999.0,-999.0,-999.0,2.8,-999.0,-999.0,-999.0,2.9,-999.0,-999,2,1,Neutral,-999,76.0,293.0,89.0,23.0,179.0,35.0,14.0,-999.0,35.0,16.0,-999.0,-999.0,-999.0,-999.0,13.0,ANTARCTICA,Argus et al. (2011),SOUTH_AMERICA,Argus et al. (2011),-999,-999,19.0,87.0,7.0,18.0,-999.0,19.0,87.0,7.0,18.0,0.0,-999.0,-999.0,0.0,22.0,263.0,177.0,22.0,4.0,241.0,161.0,-4.0,22.0,263.0,177.0,22.0,14.0,252.0,172.0,14.0,6.0,125.0,45.0,4.0,14.0,252.0,172.0,14.0,14.0,259.0,179.0,14.0,5.0,111.0,31.0,4.0,14.0,259.0,179.0,14.0,8.0,32.0,48.0,-5.0,24.0,71.0,9.0,24.0,8.0,32.0,48.0,-5.0,ANTARCTICA,Gripp & Gordon (2002),SOUTH_AMERICA,Gripp & Gordon (2002),-999,-999,19.0,93.0,13.0,19.0,-999.0,19.0,93.0,13.0,19.0,-999.0,-999.0,-999.0,0.0,41.0,261.0,1.0,41.0,22.0,251.0,9.0,-22.0,41.0,261.0,1.0,41.0,6.0,19.0,7.0,6.0,14.0,71.0,15.0,13.0,6.0,19.0,7.0,6.0,10.0,19.0,14.0,10.0,11.0,71.0,36.0,9.0,10.0,19.0,14.0,10.0,16.0,269.0,9.0,16.0,4.0,106.0,26.0,3.0,16.0,269.0,9.0,16.0,9.0,19.0,61.0,-4.0,24.0,71.0,9.0,24.0,9.0,19.0,61.0,-4.0,-999.0,-999.0,-999.0,-999.0,-999.0,-999.0,-999.0,-999.0,-999.0,-999.0,-999.0,-999.0,0.0,3.0,0.0,8.0,0.0,8.28,0.0,7.8,0.0,7.8,0.0,29.6595497,23.1821899
SAM65,SAM64,SAM66,SAM,65,Andean,283.9,-53.0,279.4,-53.0,297.2,-52.1,89.0,4.2,299.0,-999.0,-999.0,-999.0,-999.0,-999.0,1.1,-999.0,2.5,-999.0,-999.0,-999.0,-999.0,-999.0,2.4,-999.0,2,-999,1,Undefined,-999,51.0,142.0,71.0,16.0,65.0,29.0,16.0,-999.0,36.0,17.0,-999.0,-999.0,-999.0,-999.0,30.0,ANTARCTICA,Argus et al. (2011),SOUTH_AMERICA,Argus et al. (2011),-999,-999,18.0,87.0,2.0,18.0,-999.0,18.0,87.0,2.0,18.0,-999.0,-999.0,-999.0,-999.0,21.0,262.0,173.0,21.0,4.0,241.0,152.0,-3.0,21.0,262.0,173.0,21.0,14.0,252.0,163.0,13.0,6.0,128.0,39.0,4.0,14.0,252.0,163.0,13.0,14.0,258.0,169.0,14.0,5.0,113.0,24.0,4.0,14.0,258.0,169.0,14.0,8.0,33.0,56.0,-4.0,23.0,71.0,18.0,22.0,8.0,33.0,56.0,-4.0,ANTARCTICA,Gripp & Gordon (2002),SOUTH_AMERICA,Gripp & Gordon (2002),-999,-999,18.0,93.0,4.0,18.0,-999.0,18.0,93.0,4.0,18.0,-999.0,-999.0,-999.0,0.0,40.0,261.0,8.0,40.0,22.0,250.0,19.0,-21.0,40.0,261.0,8.0,40.0,5.0,17.0,1.0,5.0,14.0,70.0,7.0,14.0,5.0,17.0,1.0,5.0,10.0,17.0,25.0,9.0,12.0,70.0,29.0,10.0,10.0,17.0,25.0,9.0,16.0,271.0,2.0,16.0,3.0,111.0,22.0,3.0,16.0,271.0,2.0,16.0,10.0,17.0,72.0,-3.0,23.0,70.0,19.0,22.0,10.0,17.0,72.0,-3.0,-999.0,-999.0,-999.0,-999.0,-999.0,-999.0,-999.0,-999.0,-999.0,-999.0,-999.0,-999.0,1.0,3.0,14.0,8.0,0.0,8.28,0.0,7.8,0.0,7.8,0.0,30.8533783,25.5292435
SAM66,SAM65,SAM67,SAM,66,Andean,285.7,-55.0,282.2,-56.8,294.6,-49.0,46.0,4.4,438.0,-999.0,-999.0,-999.0,-999.0,-999.0,1.0,-999.0,3.4,-999.0,-999.0,-999.0,-999.0,-999.0,1.4,-999.0,-999,1,1,Undefined,-999,75.0,280.0,103.0,4.0,61.0,39.0,19.0,-999.0,40.0,18.0,-999.0,-999.0,-999.0,-999.0,30.0,ANTARCTICA,Argus et al. (2011),SOUTH_AMERICA,Argus et al. (2011),-999,-999,17.0,86.0,40.0,13.0,-999.0,17.0,86.0,40.0,13.0,-999.0,-999.0,-999.0,-999.0,20.0,262.0,144.0,16.0,4.0,240.0,166.0,-4.0,20.0,262.0,144.0,16.0,14.0,250.0,156.0,12.0,5.0,131.0,85.0,0.0,14.0,250.0,156.0,12.0,13.0,257.0,149.0,11.0,4.0,116.0,70.0,1.0,13.0,257.0,149.0,11.0,8.0,33.0,13.0,-8.0,23.0,69.0,23.0,21.0,8.0,33.0,13.0,-8.0,ANTARCTICA,Gripp & Gordon (2002),SOUTH_AMERICA,Gripp & Gordon (2002),-999,-999,18.0,93.0,47.0,12.0,-999.0,18.0,93.0,47.0,12.0,-999.0,-999.0,-999.0,0.0,39.0,260.0,34.0,32.0,22.0,249.0,23.0,-20.0,39.0,260.0,34.0,32.0,5.0,17.0,41.0,4.0,13.0,69.0,50.0,8.0,5.0,17.0,41.0,4.0,9.0,17.0,18.0,9.0,11.0,69.0,73.0,3.0,9.0,17.0,18.0,9.0,16.0,269.0,43.0,11.0,3.0,120.0,74.0,1.0,16.0,269.0,43.0,11.0,9.0,17.0,29.0,-8.0,22.0,69.0,23.0,20.0,9.0,17.0,29.0,-8.0,-999.0,-999.0,-999.0,-999.0,-999.0,-999.0,-999.0,-999.0,-999.0,-999.0,-999.0,-999.0,0.0,3.0,0.0,8.0,0.0,8.28,0.0,7.8,0.0,7.8,0.0,27.7267609,17.0500374
SAM67,SAM66,SAM68,SAM,67,Sandwich,329.0,-54.8,329.8,-52.1,325.9,-62.7,190.0,6.4,-999.0,-999.0,-999.0,-999.0,-999.0,-999.0,0.5,-999.0,-999.0,-999.0,0.9,-999.0,-999.0,-999.0,-999.0,-999.0,2,-999,2,Neutral,-999,102.0,439.0,349.0,38.0,220.0,244.0,80.0,-999.0,82.0,38.0,-999.0,-999.0,-999.0,-999.0,35.0,SOUTH_AMERICA,Argus et al. (2011),SCOTIA,Argus et al. (2011),-999,-999,9.0,247.0,57.0,5.0,-999.0,9.0,247.0,57.0,5.0,0.0,-999.0,-999.0,0.0,10.0,268.0,78.0,-2.0,18.0,258.0,68.0,7.0,10.0,268.0,78.0,-2.0,3.0,208.0,18.0,-3.0,11.0,238.0,48.0,8.0,3.0,208.0,18.0,-3.0,3.0,252.0,62.0,-1.0,12.0,248.0,58.0,6.0,3.0,252.0,62.0,-1.0,16.0,25.0,165.0,15.0,11.0,353.0,163.0,-11.0,16.0,25.0,165.0,15.0,SOUTH_AMERICA,Gripp & Gordon (2002),SCOTIA,Gripp & Gordon (2002),SANDWICH,Vanneste et al. (2002),6.0,236.0,46.0,4.0,-999.0,6.0,230.0,40.0,5.0,-999.0,-999.0,-999.0,1.0,29.0,247.0,57.0,-16.0,35.0,244.0,54.0,21.0,29.0,244.0,54.0,-17.0,7.0,5.0,21.0,6.0,7.0,344.0,78.0,-1.0,5.0,5.0,18.0,5.0,3.0,5.0,55.0,2.0,7.0,344.0,66.0,3.0,2.0,8.0,71.0,1.0,10.0,286.0,84.0,1.0,15.0,265.0,75.0,4.0,9.0,279.0,89.0,0.0,16.0,5.0,5.0,16.0,12.0,344.0,26.0,-11.0,15.0,8.0,2.0,15.0,-999.0,28.0,-999.0,10.0,-999.0,149.0,-999.0,60.0,-999.0,131.0,-999.0,22.0,0.0,89.0,0.0,274.0,0.0,6.02,0.0,7.7,0.0,7.2,0.0,42.3055573,-999.0
SAM68,SAM67,SAM69,SAM,68,Sandwich,331.0,-54.9,331.3,-52.2,329.8,-63.0,184.0,7.9,-999.0,-999.0,-999.0,-999.0,-999.0,-999.0,0.5,-999.0,-999.0,-999.0,0.9,-999.0,-999.0,-999.0,-999.0,-999.0,2,-999,2,SS,-999,118.0,414.0,313.0,75.0,190.0,202.0,72.0,-999.0,78.0,36.0,-999.0,65.0,160.0,-999.0,303.0,SOUTH_AMERICA,Argus et al. (2011),SCOTIA,Argus et al. (2011),SANDWICH,Argus et al. (2011),65.0,264.0,80.0,11.0,10.0,9.0,246.0,62.0,4.0,57.0,87.0,97.0,-7.0,10.0,269.0,85.0,-1.0,18.0,258.0,74.0,5.0,47.0,86.0,98.0,6.0,3.0,207.0,23.0,-3.0,11.0,237.0,53.0,7.0,55.0,89.0,95.0,5.0,3.0,254.0,70.0,-1.0,11.0,248.0,64.0,5.0,54.0,87.0,97.0,6.0,16.0,23.0,161.0,15.0,11.0,351.0,167.0,-11.0,65.0,74.0,110.0,22.0,SOUTH_AMERICA,Gripp & Gordon (2002),SCOTIA,Gripp & Gordon (2002),SANDWICH,Vanneste et al. (2002),28.0,242.0,58.0,15.0,-999.0,6.0,224.0,40.0,5.0,-999.0,-999.0,-999.0,-10.0,29.0,247.0,63.0,-13.0,34.0,244.0,60.0,17.0,6.0,256.0,72.0,-2.0,7.0,1.0,17.0,7.0,6.0,343.0,63.0,-3.0,26.0,1.0,45.0,18.0,4.0,1.0,47.0,2.0,6.0,343.0,78.0,1.0,22.0,40.0,52.0,14.0,11.0,284.0,80.0,2.0,14.0,266.0,82.0,2.0,16.0,40.0,36.0,13.0,16.0,1.0,3.0,16.0,13.0,343.0,21.0,-12.0,33.0,40.0,36.0,27.0,14.0,28.0,10.0,10.0,70.0,149.0,48.0,60.0,68.0,131.0,34.0,22.0,11.0,89.0,275.0,274.0,0.4,6.02,7.9,7.7,6.8,7.2,0.0,42.3055573,-999.0
SAM69,SAM68,SAM70,SAM,69,Sandwich,333.0,-55.1,334.9,-52.6,325.7,-62.2,205.0,7.8,113.0,-999.0,96.0,21.0,-999.0,-999.0,0.5,-999.0,-999.0,-999.0,0.9,-999.0,-999.0,-999.0,-999.0,-999.0,2,-999,2,SS-E,-999,144.0,493.0,313.0,97.0,325.0,222.0,64.0,1851.0,74.0,34.0,37.0,67.0,160.0,670.0,303.0,SOUTH_AMERICA,Argus et al. (2011),SCOTIA,Argus et al. (2011),SANDWICH,Argus et al. (2011),66.0,260.0,55.0,38.0,35.0,9.0,246.0,41.0,7.0,57.0,82.0,123.0,-31.0,10.0,269.0,64.0,-4.0,18.0,258.0,53.0,11.0,48.0,81.0,124.0,27.0,3.0,207.0,2.0,-3.0,11.0,237.0,32.0,9.0,56.0,84.0,121.0,28.0,3.0,255.0,50.0,-2.0,11.0,248.0,43.0,8.0,55.0,83.0,122.0,29.0,16.0,22.0,177.0,16.0,11.0,350.0,145.0,-9.0,67.0,70.0,135.0,47.0,SOUTH_AMERICA,Gripp & Gordon (2002),SCOTIA,Gripp & Gordon (2002),SANDWICH,Vanneste et al. (2002),49.0,249.0,44.0,36.0,34.0,7.0,222.0,17.0,7.0,-999.0,-999.0,-999.0,-29.0,28.0,247.0,42.0,-21.0,34.0,243.0,38.0,27.0,16.0,83.0,58.0,9.0,8.0,2.0,33.0,7.0,6.0,342.0,85.0,-1.0,46.0,2.0,38.0,36.0,4.0,2.0,52.0,2.0,6.0,342.0,56.0,4.0,43.0,55.0,43.0,32.0,10.0,290.0,85.0,-1.0,14.0,266.0,61.0,7.0,36.0,63.0,38.0,28.0,16.0,2.0,23.0,15.0,13.0,342.0,43.0,-9.0,51.0,55.0,30.0,44.0,38.0,28.0,15.0,10.0,84.0,149.0,51.0,60.0,59.0,131.0,38.0,22.0,17.0,89.0,368.0,274.0,0.1,6.02,7.5,7.7,6.2,7.2,0.0,42.3055573,-999.0
SAM7,SAM6,SAM8,SAM,7,Central America,266.0,14.2,265.0,11.7,269.1,21.7,21.0,6.5,-999.0,-999.0,-999.0,-999.0,-999.0,-999.0,0.3,-999.0,-999.0,-999.0,0.7,-999.0,-999.0,-999.0,-999.0,-999.0,-999,2,1,SS,-999,81.0,216.0,133.0,26.0,75.0,57.0,25.0,1134.0,46.0,21.0,24.0,55.0,340.0,300.0,234.0,COCOS,Argus et al. (2011),NORTH_AMERICA,Argus et al. (2011),SOUTHERN MEXICO,"Andreani et al., (2008)",74.0,25.0,5.0,74.0,47.0,77.0,32.0,11.0,76.0,9.0,101.0,80.0,1.0,32.0,250.0,120.0,21.0,55.0,11.0,10.0,55.0,25.0,240.0,142.0,20.0,20.0,232.0,132.0,17.0,59.0,25.0,4.0,59.0,15.0,206.0,175.0,15.0,20.0,238.0,124.0,16.0,60.0,23.0,2.0,59.0,15.0,214.0,167.0,15.0,9.0,234.0,134.0,8.0,69.0,29.0,8.0,68.0,7.0,170.0,149.0,6.0,COCOS,Gripp & Gordon (2002),CARIBBEAN,Gripp & Gordon (2002),-999,-999,63.0,26.0,5.0,63.0,38.0,63.0,26.0,5.0,63.0,-999.0,-999.0,-999.0,0.0,29.0,254.0,42.0,21.0,49.0,1.0,31.0,42.0,29.0,254.0,42.0,21.0,8.0,94.0,8.0,8.0,56.0,31.0,8.0,55.0,8.0,94.0,8.0,8.0,12.0,94.0,1.0,12.0,52.0,31.0,7.0,52.0,12.0,94.0,1.0,12.0,12.0,239.0,38.0,9.0,54.0,20.0,1.0,54.0,12.0,239.0,38.0,9.0,5.0,94.0,73.0,-2.0,66.0,31.0,10.0,65.0,5.0,94.0,73.0,-2.0,39.0,48.0,9.0,15.0,72.0,139.0,39.0,63.0,45.0,103.0,42.0,28.0,13.0,119.0,193.0,317.0,0.3,23.89,7.7,8.1,6.7,7.7,0.0,47.5499992,-999.0
SAM70,SAM69,SAM71,SAM,70,Sandwich,334.9,-56.0,338.9,-54.6,321.1,-59.3,240.0,7.3,153.0,-999.0,96.0,21.0,-999.0,-999.0,0.5,-999.0,-999.0,-999.0,0.9,-999.0,-999.0,-999.0,-999.0,-999.0,2,-999,2,E-SS,-999,139.0,644.0,260.0,69.0,580.0,193.0,66.0,3190.0,75.0,34.0,35.0,66.0,220.0,670.0,303.0,SOUTH_AMERICA,Argus et al. (2011),SCOTIA,Argus et al. (2011),SANDWICH,Argus et al. (2011),68.0,257.0,17.0,65.0,59.0,8.0,245.0,5.0,8.0,60.0,79.0,161.0,-57.0,9.0,270.0,30.0,-8.0,18.0,258.0,18.0,17.0,51.0,76.0,164.0,49.0,2.0,204.0,36.0,-2.0,10.0,236.0,4.0,10.0,59.0,80.0,160.0,55.0,2.0,255.0,15.0,-2.0,11.0,247.0,7.0,11.0,58.0,79.0,161.0,55.0,16.0,20.0,140.0,12.0,11.0,349.0,109.0,-4.0,70.0,67.0,173.0,69.0,SOUTH_AMERICA,Gripp & Gordon (2002),SCOTIA,Gripp & Gordon (2002),SANDWICH,Vanneste et al. (2002),71.0,255.0,15.0,69.0,66.0,7.0,233.0,17.0,7.0,-999.0,-999.0,-999.0,-62.0,27.0,246.0,6.0,-27.0,33.0,242.0,2.0,33.0,40.0,85.0,10.0,39.0,8.0,0.0,68.0,3.0,6.0,340.0,58.0,3.0,67.0,0.0,11.0,66.0,4.0,0.0,88.0,0.0,6.0,340.0,19.0,6.0,65.0,64.0,14.0,63.0,10.0,290.0,50.0,-6.0,14.0,266.0,26.0,13.0,58.0,72.0,12.0,57.0,17.0,0.0,60.0,8.0,13.0,340.0,80.0,-2.0,72.0,64.0,4.0,71.0,22.0,28.0,7.0,10.0,101.0,149.0,51.0,60.0,91.0,131.0,29.0,22.0,29.0,89.0,464.0,274.0,0.33,6.02,7.8,7.7,6.5,7.2,0.02,42.3055573,-999.0
SAM71,SAM70,SAM72,SAM,71,Sandwich,336.2,-58.0,341.2,-57.7,320.9,-57.8,265.0,7.2,162.0,-999.0,96.0,21.0,-999.0,-999.0,0.3,-999.0,-999.0,-999.0,0.5,-999.0,-999.0,-999.0,-999.0,-999.0,2,-999,2,E,-999,243.0,629.0,210.0,59.0,173.0,120.0,44.0,2286.0,61.0,28.0,32.0,66.0,240.0,670.0,350.0,SOUTH_AMERICA,Argus et al. (2011),SCOTIA,Argus et al. (2011),SANDWICH,Argus et al. (2011),73.0,255.0,10.0,72.0,63.0,8.0,243.0,22.0,8.0,65.0,77.0,172.0,-64.0,9.0,270.0,5.0,-9.0,17.0,257.0,8.0,16.0,57.0,75.0,170.0,56.0,2.0,199.0,66.0,-1.0,10.0,234.0,31.0,9.0,64.0,79.0,174.0,63.0,2.0,255.0,10.0,-2.0,10.0,246.0,19.0,10.0,63.0,77.0,172.0,62.0,16.0,19.0,114.0,6.0,11.0,348.0,83.0,1.0,75.0,67.0,162.0,71.0,SOUTH_AMERICA,Gripp & Gordon (2002),SCOTIA,Gripp & Gordon (2002),SANDWICH,Vanneste et al. (2002),78.0,256.0,9.0,77.0,72.0,6.0,233.0,32.0,6.0,-999.0,-999.0,-999.0,-71.0,26.0,245.0,20.0,-24.0,32.0,240.0,25.0,29.0,49.0,87.0,2.0,49.0,8.0,359.0,85.0,-1.0,6.0,338.0,31.0,5.0,74.0,359.0,12.0,73.0,4.0,359.0,79.0,-1.0,5.0,338.0,5.0,5.0,73.0,67.0,9.0,73.0,10.0,292.0,27.0,-9.0,13.0,264.0,1.0,13.0,66.0,75.0,10.0,65.0,17.0,359.0,86.0,1.0,12.0,338.0,73.0,4.0,78.0,67.0,18.0,74.0,48.0,28.0,11.0,10.0,112.0,149.0,62.0,60.0,82.0,131.0,38.0,22.0,38.0,89.0,555.0,274.0,0.32,6.02,7.7,7.7,6.3,7.2,0.21,51.8750038,-999.0
SAM72,SAM71,,SAM,72,Sandwich,335.4,-60.0,339.2,-62.0,326.5,-53.5,319.0,6.6,157.0,-999.0,96.0,21.0,-999.0,-999.0,0.2,-999.0,-999.0,-999.0,0.5,-999.0,-999.0,-999.0,-999.0,-999.0,2,-999,2,SS-E,-999,346.0,756.0,304.0,155.0,184.0,143.0,23.0,679.0,44.0,20.0,43.0,66.0,240.0,670.0,350.0,SOUTH_AMERICA,Argus et al. (2011),SCOTIA,Argus et al. (2011),SANDWICH,Argus et al. (2011),77.0,257.0,62.0,37.0,32.0,8.0,243.0,76.0,2.0,69.0,79.0,120.0,-35.0,8.0,270.0,49.0,-5.0,16.0,256.0,63.0,7.0,62.0,78.0,119.0,30.0,2.0,193.0,126.0,1.0,10.0,232.0,87.0,1.0,69.0,81.0,122.0,36.0,2.0,252.0,67.0,-1.0,10.0,245.0,74.0,3.0,68.0,79.0,120.0,34.0,16.0,19.0,60.0,-8.0,11.0,350.0,31.0,10.0,78.0,69.0,110.0,27.0,SOUTH_AMERICA,Gripp & Gordon (2002),SCOTIA,Gripp & Gordon (2002),SANDWICH,Vanneste et al. (2002),84.0,257.0,62.0,40.0,36.0,7.0,272.0,47.0,4.0,-999.0,-999.0,-999.0,-36.0,24.0,244.0,49.0,-16.0,31.0,240.0,55.0,18.0,55.0,86.0,71.0,18.0,8.0,2.0,46.0,-6.0,6.0,338.0,15.0,5.0,80.0,2.0,65.0,34.0,4.0,2.0,41.0,-3.0,5.0,338.0,419.0,3.0,79.0,68.0,63.0,36.0,9.0,295.0,24.0,-8.0,13.0,265.0,414.0,8.0,71.0,75.0,64.0,31.0,17.0,2.0,43.0,-12.0,13.0,338.0,19.0,12.0,83.0,68.0,71.0,27.0,54.0,28.0,11.0,10.0,169.0,149.0,60.0,60.0,126.0,131.0,23.0,22.0,20.0,89.0,377.0,274.0,0.16,6.02,7.6,7.7,6.3,7.2,0.28,51.8750038,-999.0
SAM8,SAM7,SAM9,SAM,8,Central America,268.0,13.2,266.8,10.8,271.9,20.4,26.5,6.3,186.0,-999.0,95.0,5.0,-999.0,-999.0,0.4,-999.0,-999.0,-999.0,0.7,-999.0,-999.0,-999.0,-999.0,-999.0,-999,2,1,E-SS,-999,90.0,247.0,138.0,35.0,99.0,63.0,24.0,1304.0,45.0,21.0,28.0,65.0,280.0,400.0,261.0,COCOS,Argus et al. (2011),CARIBBEAN,Argus et al. (2011),CENTRAL AMERICAN FOREARC,"Carvajal-Soto et al., (2020)",79.0,28.0,1.0,79.0,51.0,68.0,21.0,6.0,67.0,14.0,242.0,144.0,-12.0,13.0,243.0,144.0,10.0,59.0,12.0,14.0,57.0,27.0,243.0,144.0,22.0,8.0,153.0,126.0,5.0,63.0,26.0,1.0,63.0,16.0,214.0,173.0,16.0,6.0,161.0,134.0,4.0,63.0,24.0,2.0,63.0,16.0,221.0,165.0,16.0,12.0,89.0,62.0,-6.0,73.0,29.0,3.0,73.0,6.0,186.0,160.0,6.0,COCOS,Gripp & Gordon (2002),CARIBBEAN,Gripp & Gordon (2002),-999,-999,68.0,27.0,0.0,68.0,45.0,68.0,27.0,0.0,68.0,-999.0,-999.0,-999.0,0.0,29.0,254.0,48.0,20.0,53.0,4.0,23.0,49.0,29.0,254.0,48.0,20.0,7.0,86.0,12.0,7.0,61.0,32.0,2.0,61.0,7.0,86.0,12.0,7.0,11.0,86.0,6.0,11.0,57.0,32.0,2.0,57.0,11.0,86.0,6.0,11.0,11.0,240.0,33.0,9.0,60.0,22.0,5.0,59.0,11.0,240.0,33.0,9.0,6.0,86.0,59.0,-3.0,72.0,32.0,5.0,72.0,6.0,86.0,59.0,-3.0,64.0,48.0,15.0,15.0,122.0,139.0,66.0,63.0,77.0,103.0,42.0,28.0,35.0,119.0,518.0,317.0,1.2,23.89,8.1,8.1,7.0,7.7,0.04,47.5499992,-999.0
SAM9,SAM8,SAM10,SAM,9,Central America,270.0,12.3,269.0,9.8,273.2,19.8,22.2,5.8,190.0,-999.0,95.0,5.0,-999.0,-999.0,0.4,-999.0,-999.0,-999.0,0.6,-999.0,-999.0,-999.0,-999.0,-999.0,-999,2,1,SS-E,-999,61.0,139.0,127.0,18.0,44.0,57.0,25.0,1346.0,46.0,21.0,30.0,64.0,260.0,400.0,281.0,COCOS,Argus et al. (2011),CARIBBEAN,Argus et al. (2011),CENTRAL AMERICAN FOREARC,"Carvajal-Soto et al., (2020)",77.0,28.0,6.0,77.0,54.0,71.0,21.0,1.0,71.0,11.0,259.0,123.0,-6.0,12.0,244.0,138.0,9.0,62.0,14.0,9.0,61.0,23.0,251.0,131.0,15.0,7.0,151.0,129.0,5.0,66.0,26.0,4.0,66.0,11.0,219.0,164.0,11.0,6.0,158.0,135.0,4.0,67.0,25.0,2.0,67.0,11.0,230.0,153.0,10.0,12.0,85.0,62.0,-6.0,77.0,30.0,7.0,76.0,2.0,116.0,93.0,0.0,COCOS,Gripp & Gordon (2002),CARIBBEAN,Gripp & Gordon (2002),-999,-999,73.0,27.0,5.0,73.0,52.0,73.0,27.0,5.0,73.0,-999.0,-999.0,-999.0,0.0,30.0,254.0,52.0,19.0,57.0,5.0,17.0,55.0,30.0,254.0,52.0,19.0,7.0,81.0,7.0,7.0,66.0,30.0,7.0,66.0,7.0,81.0,7.0,7.0,11.0,81.0,4.0,11.0,62.0,30.0,5.0,62.0,11.0,81.0,4.0,11.0,12.0,243.0,41.0,9.0,64.0,21.0,1.0,64.0,12.0,243.0,41.0,9.0,5.0,81.0,59.0,-3.0,76.0,30.0,8.0,76.0,5.0,81.0,59.0,-3.0,68.0,48.0,15.0,15.0,138.0,139.0,62.0,63.0,84.0,103.0,34.0,28.0,17.0,119.0,251.0,317.0,0.15,23.89,7.5,8.1,6.3,7.7,0.01,49.6333351,-999.0
SEA1,,SEA2,SEA,1,Andaman,92.1,14.0,89.5,15.0,99.7,10.9,112.0,3.0,244.0,-999.0,-999.0,-999.0,-999.0,-999.0,1.2,-999.0,2.2,-999.0,-999.0,-999.0,-999.0,-999.0,-999.0,-999.0,-999,1,1,SS-E,-999,30.0,78.0,94.0,13.0,49.0,53.0,83.0,608.0,84.0,38.0,24.0,46.0,340.0,600.0,155.0,INDIA,Argus et al. (2011),SUNDA,Argus et al. (2011),BURMA,Argus et al. (2011),13.0,105.0,7.0,13.0,11.0,43.0,17.0,95.0,-4.0,45.0,359.0,113.0,-18.0,6.0,47.0,65.0,-2.0,48.0,20.0,92.0,-2.0,49.0,4.0,108.0,15.0,19.0,74.0,38.0,-15.0,56.0,33.0,79.0,11.0,53.0,19.0,93.0,3.0,18.0,77.0,35.0,-14.0,54.0,33.0,79.0,10.0,51.0,19.0,93.0,3.0,34.0,95.0,17.0,-32.0,60.0,50.0,62.0,28.0,53.0,38.0,74.0,-15.0,INDIA,Gripp & Gordon (2002),SUNDALAND,Chamot-Rooke et al. (1997),ANDAMAN_ARC,Chamot-Rooke et al. (2001),9.0,45.0,67.0,4.0,3.0,34.0,346.0,54.0,-20.0,-999.0,-999.0,-999.0,-24.0,20.0,15.0,83.0,-2.0,53.0,357.0,65.0,-22.0,46.0,350.0,58.0,24.0,45.0,80.0,45.0,-32.0,61.0,45.0,79.0,12.0,52.0,80.0,79.0,-10.0,42.0,80.0,51.0,-27.0,61.0,45.0,84.0,7.0,52.0,47.0,85.0,-5.0,34.0,63.0,49.0,-22.0,54.0,24.0,88.0,2.0,45.0,22.0,90.0,0.0,52.0,80.0,32.0,-44.0,60.0,45.0,67.0,24.0,51.0,47.0,65.0,-22.0,-999.0,6.0,-999.0,11.0,-999.0,245.0,-999.0,50.0,-999.0,243.0,-999.0,9.0,1.0,67.0,15.0,128.0,0.0,408.9,0.0,8.8,0.0,9.0,1.99,32.2709732,-999.0
SEA10,SEA9,SEA11,SEA,10,Sumatra,99.7,-4.0,97.6,-5.7,105.9,1.2,50.0,5.5,283.0,-999.0,95.0,9.0,-999.0,-999.0,0.2,-999.0,-999.0,-999.0,1.3,-999.0,-999.0,-999.0,0.0,-999.0,-999,1,1,SS,-999,100.0,877.0,711.0,25.0,923.0,460.0,68.0,2164.0,76.0,35.0,23.0,59.0,550.0,1200.0,263.0,CAPRICORN,Argus et al. (2011),SUNDA,Argus et al. (2011),SUMATRA FOREARC,Bradley et al. (2017),52.0,39.0,11.0,51.0,31.0,57.0,22.0,28.0,50.0,18.0,317.0,93.0,-1.0,3.0,20.0,30.0,-2.0,60.0,21.0,29.0,53.0,19.0,325.0,85.0,-2.0,16.0,76.0,26.0,-15.0,68.0,33.0,17.0,65.0,17.0,13.0,37.0,-14.0,15.0,80.0,30.0,-13.0,66.0,32.0,18.0,63.0,16.0,9.0,47.0,-12.0,28.0,103.0,53.0,-17.0,67.0,46.0,4.0,67.0,17.0,66.0,16.0,-16.0,AUSTRALIA,Gripp & Gordon (2002),SUNDALAND,Chamot-Rooke et al. (1997),-999,-999,51.0,8.0,42.0,38.0,26.0,51.0,8.0,42.0,38.0,-999.0,-999.0,-999.0,0.0,18.0,5.0,45.0,-13.0,68.0,3.0,47.0,46.0,18.0,5.0,45.0,-13.0,35.0,84.0,18.0,-33.0,72.0,38.0,22.0,67.0,35.0,84.0,18.0,-33.0,33.0,84.0,9.0,-33.0,74.0,38.0,25.0,66.0,33.0,84.0,9.0,-33.0,26.0,60.0,10.0,-25.0,67.0,21.0,29.0,59.0,26.0,60.0,10.0,-25.0,41.0,84.0,34.0,-34.0,69.0,38.0,12.0,67.0,41.0,84.0,34.0,-34.0,108.0,36.0,20.0,20.0,207.0,207.0,56.0,53.0,106.0,174.0,20.0,11.0,16.0,121.0,233.0,294.0,8.5,517.67,8.7,8.8,7.9,8.8,0.51,37.8663406,-999.0
SEA11,SEA10,SEA12,SEA,11,Sumatra,100.8,-5.5,98.7,-7.2,107.1,-0.4,50.8,6.0,303.0,-999.0,90.0,7.0,0.2,-999.0,-999.0,-999.0,0.8,-999.0,-999.0,-999.0,0.0,-999.0,-999.0,-999.0,-999,1,1,SS,-999,73.0,315.0,418.0,20.0,87.0,186.0,79.0,2599.0,82.0,37.0,21.0,62.0,580.0,1200.0,328.0,CAPRICORN,Argus et al. (2011),SUNDA,Argus et al. (2011),SUMATRA FOREARC,Bradley et al. (2017),54.0,40.0,11.0,53.0,36.0,58.0,22.0,29.0,51.0,18.0,313.0,98.0,-2.0,2.0,15.0,35.0,-2.0,60.0,22.0,29.0,53.0,19.0,320.0,91.0,0.0,16.0,76.0,25.0,-14.0,69.0,33.0,18.0,65.0,16.0,9.0,42.0,-12.0,14.0,81.0,30.0,-12.0,66.0,33.0,18.0,63.0,14.0,4.0,47.0,-10.0,27.0,104.0,53.0,-16.0,67.0,46.0,5.0,67.0,15.0,67.0,17.0,-14.0,AUSTRALIA,Gripp & Gordon (2002),SUNDALAND,Chamot-Rooke et al. (1997),-999,-999,52.0,9.0,42.0,39.0,29.0,52.0,9.0,42.0,39.0,-999.0,-999.0,-999.0,0.0,18.0,4.0,47.0,-12.0,69.0,4.0,47.0,47.0,18.0,4.0,47.0,-12.0,33.0,84.0,17.0,-32.0,72.0,38.0,22.0,67.0,33.0,84.0,17.0,-32.0,33.0,84.0,9.0,-32.0,75.0,38.0,26.0,67.0,33.0,84.0,9.0,-32.0,25.0,61.0,10.0,-25.0,68.0,22.0,29.0,60.0,25.0,61.0,10.0,-25.0,40.0,84.0,34.0,-33.0,70.0,38.0,12.0,68.0,40.0,84.0,34.0,-33.0,116.0,36.0,22.0,20.0,237.0,207.0,57.0,53.0,125.0,174.0,16.0,11.0,32.0,121.0,466.0,294.0,69.0,517.67,9.3,8.8,8.5,8.8,0.32,45.6624985,-999.0
SEA12,SEA11,SEA13,SEA,12,Sumatra,102.3,-7.0,100.8,-9.2,106.8,-0.3,33.5,6.2,313.0,-999.0,90.0,7.0,-999.0,-999.0,0.3,-999.0,1.1,-999.0,-999.0,-999.0,-999.0,-999.0,0.2,-999.0,-999,1,1,SS,-999,62.0,229.0,260.0,16.0,61.0,151.0,91.0,3036.0,88.0,40.0,19.0,60.0,600.0,1200.0,328.0,CAPRICORN,Argus et al. (2011),SUNDA,Argus et al. (2011),SUMATRA FOREARC,Bradley et al. (2017),57.0,40.0,6.0,56.0,38.0,59.0,22.0,11.0,58.0,18.0,308.0,85.0,1.0,2.0,10.0,24.0,-2.0,61.0,22.0,12.0,60.0,19.0,314.0,80.0,-3.0,16.0,77.0,43.0,-11.0,69.0,33.0,1.0,69.0,15.0,4.0,29.0,-13.0,14.0,82.0,48.0,-9.0,67.0,33.0,1.0,67.0,13.0,359.0,35.0,-11.0,27.0,106.0,72.0,-8.0,68.0,45.0,12.0,66.0,12.0,72.0,38.0,-10.0,AUSTRALIA,Gripp & Gordon (2002),SUNDALAND,Chamot-Rooke et al. (1997),-999,-999,54.0,10.0,24.0,50.0,37.0,54.0,10.0,24.0,50.0,-999.0,-999.0,-999.0,0.0,17.0,3.0,31.0,-15.0,70.0,4.0,30.0,61.0,17.0,3.0,31.0,-15.0,32.0,86.0,36.0,-26.0,73.0,37.0,5.0,72.0,32.0,86.0,36.0,-26.0,31.0,86.0,27.0,-27.0,75.0,37.0,9.0,74.0,31.0,86.0,27.0,-27.0,24.0,61.0,28.0,-21.0,69.0,21.0,12.0,67.0,24.0,61.0,28.0,-21.0,38.0,86.0,53.0,-23.0,70.0,37.0,4.0,70.0,38.0,86.0,53.0,-23.0,122.0,36.0,9.0,20.0,240.0,207.0,53.0,53.0,126.0,174.0,21.0,11.0,21.0,121.0,307.0,294.0,0.37,517.67,7.8,8.8,6.6,8.8,0.0,41.131813,28.8507175
SEA13,SEA12,SEA14,SEA,13,Java,105.0,-8.4,103.5,-10.7,109.3,-1.5,32.4,6.7,264.0,-999.0,130.0,11.0,-999.0,-999.0,0.5,-999.0,-999.0,-999.0,1.5,-999.0,-999.0,-999.0,0.6,-999.0,-999,2,1,SS-C,-999,87.0,468.0,383.0,41.0,415.0,283.0,101.0,3761.0,93.0,42.0,21.0,62.0,540.0,1200.0,640.0,AUSTRALIA,Argus et al. (2011),SUNDA,Argus et al. (2011),WEST JAVA,Koulali et al. (2017),65.0,9.0,24.0,60.0,-999.0,64.0,15.0,17.0,61.0,7.0,107.0,75.0,2.0,2.0,2.0,30.0,-1.0,66.0,15.0,17.0,63.0,7.0,95.0,63.0,-3.0,15.0,78.0,46.0,-11.0,72.0,26.0,6.0,72.0,22.0,87.0,55.0,-13.0,14.0,84.0,51.0,-8.0,70.0,26.0,7.0,70.0,20.0,92.0,60.0,-10.0,26.0,108.0,76.0,-7.0,68.0,38.0,6.0,68.0,34.0,108.0,76.0,-8.0,AUSTRALIA,Gripp & Gordon (2002),SUNDALAND,Chamot-Rooke et al. (1997),-999,-999,57.0,11.0,21.0,53.0,42.0,57.0,11.0,21.0,53.0,-999.0,-999.0,-999.0,0.0,17.0,2.0,30.0,-15.0,72.0,5.0,27.0,64.0,17.0,2.0,30.0,-15.0,31.0,88.0,38.0,-24.0,74.0,38.0,4.0,74.0,31.0,88.0,38.0,-24.0,30.0,88.0,29.0,-26.0,76.0,38.0,7.0,75.0,30.0,88.0,29.0,-26.0,23.0,63.0,30.0,-20.0,70.0,22.0,11.0,69.0,23.0,63.0,30.0,-20.0,37.0,88.0,56.0,-21.0,71.0,38.0,5.0,70.0,37.0,88.0,56.0,-21.0,59.0,44.0,15.0,15.0,193.0,227.0,57.0,57.0,140.0,188.0,17.0,13.0,10.0,39.0,146.0,71.0,0.32,16.71,7.7,7.9,6.8,7.8,0.0,36.9633293,23.2978554
SEA14,SEA13,SEA15,SEA,14,Java,107.0,-9.7,105.8,-12.1,110.4,-2.3,24.7,6.7,302.0,-999.0,130.0,11.0,-999.0,-999.0,0.5,-999.0,-999.0,-999.0,1.5,-999.0,-999.0,-999.0,0.8,-999.0,-999,2,1,SS-C,-999,155.0,1547.0,986.0,53.0,1280.0,891.0,106.0,3911.0,95.0,43.0,20.0,58.0,540.0,1200.0,649.0,AUSTRALIA,Argus et al. (2011),SUNDA,Argus et al. (2011),WEST JAVA,Koulali et al. (2017),65.0,9.0,16.0,62.0,-999.0,66.0,15.0,9.0,65.0,8.0,95.0,71.0,3.0,1.0,349.0,36.0,-1.0,67.0,15.0,10.0,66.0,8.0,88.0,62.0,-4.0,15.0,79.0,54.0,-9.0,74.0,26.0,1.0,74.0,23.0,85.0,60.0,-11.0,13.0,85.0,60.0,-7.0,72.0,25.0,1.0,72.0,21.0,89.0,64.0,-9.0,26.0,110.0,85.0,-2.0,69.0,38.0,13.0,67.0,34.0,107.0,82.0,-5.0,AUSTRALIA,Gripp & Gordon (2002),SUNDALAND,Chamot-Rooke et al. (1997),-999,-999,59.0,11.0,14.0,57.0,44.0,59.0,11.0,14.0,57.0,-999.0,-999.0,-999.0,0.0,16.0,1.0,24.0,-15.0,74.0,5.0,20.0,70.0,16.0,1.0,24.0,-15.0,30.0,90.0,48.0,-20.0,75.0,37.0,3.0,75.0,30.0,90.0,48.0,-20.0,28.0,90.0,38.0,-22.0,77.0,37.0,1.0,77.0,28.0,90.0,38.0,-22.0,22.0,65.0,41.0,-17.0,72.0,21.0,3.0,72.0,22.0,65.0,41.0,-17.0,37.0,90.0,66.0,-15.0,72.0,37.0,12.0,70.0,37.0,90.0,66.0,-15.0,-999.0,44.0,-999.0,15.0,-999.0,227.0,-999.0,57.0,-999.0,188.0,-999.0,13.0,8.0,39.0,118.0,71.0,0.0,16.71,0.0,7.9,0.0,7.8,0.02,36.9633293,24.0145969
SEA15,SEA14,SEA16,SEA,15,Java,109.0,-10.5,108.5,-13.1,110.4,-2.5,10.0,6.8,371.0,-999.0,130.0,11.0,-999.0,-999.0,0.5,-999.0,-999.0,-999.0,1.2,-999.0,-999.0,-999.0,-999.0,-999.0,-999,2,1,SS-C,-999,136.0,991.0,621.0,53.0,711.0,514.0,116.0,4538.0,99.0,45.0,22.0,56.0,540.0,1200.0,652.0,AUSTRALIA,Argus et al. (2011),SUNDA,Argus et al. (2011),WEST JAVA,Koulali et al. (2017),65.0,8.0,2.0,65.0,-999.0,67.0,15.0,5.0,67.0,8.0,85.0,76.0,2.0,1.0,332.0,38.0,-1.0,68.0,15.0,5.0,68.0,8.0,80.0,70.0,-3.0,15.0,80.0,70.0,-5.0,75.0,25.0,15.0,72.0,23.0,82.0,72.0,-7.0,13.0,87.0,77.0,-3.0,73.0,25.0,15.0,70.0,21.0,87.0,76.0,-5.0,26.0,112.0,102.0,5.0,69.0,37.0,27.0,62.0,34.0,106.0,96.0,3.0,AUSTRALIA,Gripp & Gordon (2002),SUNDALAND,Chamot-Rooke et al. (1997),-999,-999,60.0,11.0,1.0,60.0,47.0,60.0,11.0,1.0,60.0,-999.0,-999.0,-999.0,0.0,16.0,359.0,11.0,-16.0,75.0,5.0,5.0,75.0,16.0,359.0,11.0,-16.0,29.0,92.0,64.0,-13.0,75.0,37.0,17.0,72.0,29.0,92.0,64.0,-13.0,27.0,92.0,54.0,-16.0,77.0,37.0,14.0,75.0,27.0,92.0,54.0,-16.0,21.0,66.0,56.0,-11.0,72.0,21.0,11.0,70.0,21.0,66.0,56.0,-11.0,36.0,92.0,82.0,-5.0,71.0,37.0,27.0,64.0,36.0,92.0,82.0,-5.0,-999.0,44.0,-999.0,15.0,-999.0,227.0,-999.0,57.0,-999.0,188.0,-999.0,13.0,4.0,39.0,59.0,71.0,0.0,16.71,0.0,7.9,0.0,7.8,0.01,39.9333267,-999.0
SEA16,SEA15,SEA17,SEA,16,Java,111.0,-10.4,110.5,-13.1,112.4,-2.4,10.0,6.0,300.0,-999.0,130.0,11.0,-999.0,-999.0,0.5,-999.0,-999.0,-999.0,0.7,-999.0,-999.0,-999.0,-999.0,-999.0,-999,2,1,SS,-999,87.0,546.0,523.0,20.0,316.0,286.0,123.0,4985.0,102.0,46.0,23.0,55.0,530.0,1200.0,636.0,AUSTRALIA,Argus et al. (2011),SUNDA,Argus et al. (2011),EAST JAVA,Koulali et al. (2016),67.0,6.0,4.0,67.0,48.0,69.0,15.0,5.0,68.0,10.0,90.0,80.0,2.0,0.0,311.0,59.0,0.0,69.0,14.0,4.0,69.0,10.0,88.0,78.0,-2.0,15.0,82.0,72.0,-5.0,75.0,25.0,15.0,73.0,25.0,85.0,75.0,-6.0,13.0,88.0,78.0,-3.0,73.0,24.0,14.0,71.0,23.0,89.0,79.0,-4.0,27.0,113.0,103.0,6.0,70.0,37.0,27.0,62.0,36.0,107.0,97.0,4.0,AUSTRALIA,Gripp & Gordon (2002),SUNDALAND,Chamot-Rooke et al. (1997),-999,-999,62.0,11.0,1.0,62.0,49.0,62.0,11.0,1.0,62.0,-999.0,-999.0,-999.0,0.0,15.0,358.0,12.0,-15.0,76.0,4.0,6.0,76.0,15.0,358.0,12.0,-15.0,28.0,94.0,67.0,-11.0,75.0,35.0,16.0,72.0,28.0,94.0,67.0,-11.0,26.0,94.0,56.0,-15.0,77.0,35.0,13.0,76.0,26.0,94.0,56.0,-15.0,20.0,68.0,58.0,-11.0,73.0,20.0,10.0,71.0,20.0,68.0,58.0,-11.0,36.0,94.0,84.0,-4.0,71.0,35.0,25.0,65.0,36.0,94.0,84.0,-4.0,-999.0,44.0,-999.0,15.0,-999.0,227.0,-999.0,57.0,-999.0,188.0,-999.0,13.0,6.0,39.0,88.0,71.0,0.0,16.71,0.0,7.9,0.0,7.8,0.0,47.5499992,-999.0
SEA17,SEA16,SEA18,SEA,17,Java,113.0,-10.7,112.6,-13.4,114.1,-2.7,8.0,6.1,310.0,-999.0,130.0,11.0,-999.0,-999.0,0.1,-999.0,0.2,-999.0,-999.0,-999.0,-999.0,-999.0,-999.0,-999.0,-999,2,1,SS-C,-999,98.0,1233.0,1217.0,21.0,846.0,797.0,128.0,4924.0,104.0,48.0,22.0,54.0,520.0,1200.0,634.0,AUSTRALIA,Argus et al. (2011),SUNDA,Argus et al. (2011),EAST JAVA,Koulali et al. (2016),66.0,6.0,2.0,65.0,46.0,70.0,14.0,6.0,69.0,11.0,77.0,69.0,4.0,0.0,259.0,109.0,0.0,70.0,14.0,6.0,69.0,10.0,76.0,68.0,-4.0,14.0,83.0,75.0,-4.0,76.0,24.0,16.0,73.0,25.0,80.0,72.0,-8.0,13.0,90.0,82.0,-2.0,74.0,24.0,16.0,71.0,24.0,84.0,76.0,-6.0,27.0,115.0,107.0,8.0,70.0,36.0,28.0,62.0,36.0,104.0,96.0,4.0,AUSTRALIA,Gripp & Gordon (2002),SUNDALAND,Chamot-Rooke et al. (1997),-999,-999,64.0,10.0,2.0,64.0,51.0,64.0,10.0,2.0,64.0,-999.0,-999.0,-999.0,0.0,15.0,358.0,10.0,-15.0,77.0,4.0,4.0,77.0,15.0,358.0,10.0,-15.0,28.0,96.0,69.0,-10.0,75.0,36.0,18.0,72.0,28.0,96.0,69.0,-10.0,26.0,96.0,59.0,-13.0,78.0,36.0,15.0,76.0,26.0,96.0,59.0,-13.0,20.0,71.0,63.0,-9.0,73.0,20.0,12.0,71.0,20.0,71.0,63.0,-9.0,36.0,96.0,88.0,-1.0,72.0,36.0,28.0,63.0,36.0,96.0,88.0,-1.0,-999.0,44.0,-999.0,15.0,-999.0,227.0,-999.0,57.0,-999.0,188.0,-999.0,13.0,2.0,39.0,29.0,71.0,0.0,16.71,0.0,7.9,0.0,7.8,0.04,60.0999985,-999.0
SEA18,SEA17,SEA19,SEA,18,Java,115.0,-11.2,114.5,-13.8,116.5,-3.3,11.4,6.7,329.0,-999.0,167.0,13.0,-999.0,-999.0,0.2,-999.0,-999.0,-999.0,0.1,-999.0,-999.0,-999.0,-999.0,-999.0,-999,2,1,SS-C,-999,81.0,721.0,462.0,31.0,546.0,271.0,131.0,4899.0,105.0,48.0,21.0,58.0,500.0,1200.0,616.0,AUSTRALIA,Argus et al. (2011),SUNDA,Argus et al. (2011),SUMBA,Koulali et al. (2016),64.0,358.0,14.0,62.0,44.0,71.0,14.0,2.0,71.0,20.0,74.0,63.0,9.0,1.0,227.0,144.0,1.0,70.0,13.0,2.0,70.0,19.0,75.0,64.0,-9.0,14.0,84.0,73.0,-4.0,77.0,24.0,12.0,75.0,34.0,78.0,67.0,-13.0,13.0,92.0,80.0,-2.0,75.0,23.0,12.0,73.0,32.0,81.0,70.0,-11.0,27.0,117.0,105.0,7.0,70.0,36.0,24.0,64.0,44.0,99.0,87.0,-2.0,AUSTRALIA,Gripp & Gordon (2002),SUNDALAND,Chamot-Rooke et al. (1997),-999,-999,65.0,10.0,1.0,65.0,51.0,65.0,10.0,1.0,65.0,-999.0,-999.0,-999.0,0.0,14.0,357.0,14.0,-14.0,78.0,4.0,7.0,77.0,14.0,357.0,14.0,-14.0,27.0,98.0,69.0,-10.0,76.0,35.0,14.0,74.0,27.0,98.0,69.0,-10.0,25.0,98.0,59.0,-13.0,78.0,35.0,11.0,77.0,25.0,98.0,59.0,-13.0,19.0,74.0,63.0,-9.0,73.0,20.0,8.0,73.0,19.0,74.0,63.0,-9.0,36.0,98.0,87.0,-2.0,72.0,35.0,24.0,66.0,36.0,98.0,87.0,-2.0,-999.0,44.0,-999.0,15.0,-999.0,227.0,-999.0,57.0,-999.0,188.0,-999.0,13.0,0.0,39.0,0.0,71.0,0.0,16.71,0.0,7.9,0.0,7.8,0.0,63.2749977,-999.0
SEA19,SEA18,SEA20,SEA,19,Java,117.0,-11.3,117.0,-14.0,116.9,-3.2,358.7,6.7,326.0,-999.0,167.0,13.0,-999.0,-999.0,0.4,-999.0,-999.0,-999.0,0.0,-999.0,-999.0,-999.0,-999.0,-999.0,-999,2,1,SS-C,-999,69.0,300.0,212.0,29.0,114.0,103.0,134.0,4512.0,106.0,49.0,21.0,60.0,480.0,1200.0,637.0,AUSTRALIA,Argus et al. (2011),SUNDA,Argus et al. (2011),SUMBA,Koulali et al. (2016),55.0,357.0,2.0,55.0,38.0,72.0,13.0,14.0,70.0,25.0,52.0,54.0,15.0,1.0,211.0,147.0,1.0,71.0,13.0,14.0,69.0,24.0,53.0,55.0,-14.0,14.0,86.0,87.0,-1.0,77.0,23.0,25.0,70.0,38.0,64.0,66.0,-15.0,13.0,93.0,95.0,1.0,75.0,23.0,24.0,69.0,36.0,66.0,67.0,-14.0,27.0,118.0,119.0,13.0,70.0,35.0,37.0,56.0,44.0,87.0,88.0,-1.0,AUSTRALIA,Gripp & Gordon (2002),SUNDALAND,Chamot-Rooke et al. (1997),-999,-999,67.0,10.0,10.0,66.0,52.0,67.0,10.0,10.0,66.0,-999.0,-999.0,-999.0,0.0,13.0,356.0,3.0,-13.0,79.0,3.0,4.0,79.0,13.0,356.0,3.0,-13.0,27.0,101.0,86.0,-2.0,76.0,34.0,27.0,68.0,27.0,101.0,86.0,-2.0,24.0,101.0,75.0,-6.0,78.0,34.0,23.0,72.0,24.0,101.0,75.0,-6.0,18.0,78.0,79.0,-4.0,74.0,18.0,20.0,69.0,18.0,78.0,79.0,-4.0,36.0,101.0,78.0,8.0,71.0,34.0,35.0,58.0,36.0,101.0,78.0,8.0,-999.0,44.0,-999.0,15.0,-999.0,227.0,-999.0,57.0,-999.0,188.0,-999.0,13.0,3.0,39.0,44.0,71.0,0.0,16.71,0.0,7.9,0.0,7.8,0.0,-999.0,-999.0
SEA2,SEA1,SEA3,SEA,2,Andaman,91.6,12.0,88.9,12.5,99.7,10.3,101.0,3.3,236.0,-999.0,-999.0,-999.0,-999.0,-999.0,1.1,-999.0,-999.0,-999.0,2.4,-999.0,-999.0,-999.0,0.0,-999.0,-999,1,1,SS-E,-999,22.0,58.0,43.0,16.0,41.0,26.0,81.0,1053.0,83.0,38.0,26.0,48.0,350.0,600.0,180.0,INDIA,Argus et al. (2011),SUNDA,Argus et al. (2011),BURMA,Argus et al. (2011),22.0,105.0,4.0,22.0,17.0,43.0,18.0,83.0,5.0,48.0,350.0,111.0,-17.0,6.0,44.0,57.0,-3.0,48.0,21.0,80.0,8.0,51.0,355.0,106.0,14.0,19.0,73.0,28.0,-17.0,56.0,34.0,67.0,22.0,53.0,10.0,91.0,1.0,17.0,77.0,24.0,-16.0,54.0,34.0,67.0,21.0,51.0,9.0,92.0,2.0,33.0,95.0,6.0,-33.0,60.0,50.0,51.0,38.0,50.0,29.0,72.0,-16.0,INDIA,Gripp & Gordon (2002),SUNDALAND,Chamot-Rooke et al. (1997),ANDAMAN_ARC,Chamot-Rooke et al. (2001),10.0,54.0,47.0,7.0,6.0,33.0,348.0,67.0,-13.0,-999.0,-999.0,-999.0,-20.0,20.0,14.0,87.0,-1.0,52.0,358.0,77.0,-12.0,47.0,341.0,60.0,24.0,43.0,80.0,35.0,-36.0,60.0,46.0,68.0,23.0,47.0,80.0,76.0,-11.0,41.0,80.0,41.0,-31.0,61.0,46.0,72.0,19.0,48.0,41.0,82.0,-7.0,33.0,61.0,40.0,-25.0,53.0,25.0,76.0,13.0,42.0,12.0,89.0,-1.0,50.0,80.0,21.0,-47.0,60.0,46.0,55.0,34.0,45.0,41.0,60.0,-22.0,-999.0,6.0,-999.0,11.0,-999.0,245.0,-999.0,50.0,-999.0,243.0,-999.0,9.0,2.0,67.0,29.0,128.0,0.0,408.9,0.0,8.8,0.0,9.0,2.42,31.2977486,-999.0
SEA20,SEA19,SEA21,SEA,20,Timor,119.0,-11.1,118.6,-13.8,120.3,-3.1,9.0,6.5,307.0,-999.0,167.0,13.0,-999.0,-999.0,-999.0,-999.0,-999.0,-999.0,-999.0,-999.0,-999.0,-999.0,-999.0,-999.0,-999,-999,1,C-SS,-999,107.0,495.0,578.0,66.0,365.0,587.0,149.0,4162.0,112.0,51.0,21.0,62.0,460.0,670.0,641.0,AUSTRALIA,Argus et al. (2011),SUNDA,Argus et al. (2011),SUMBA,Koulali et al. (2016),46.0,357.0,12.0,45.0,31.0,73.0,13.0,4.0,73.0,31.0,37.0,28.0,27.0,1.0,201.0,168.0,1.0,71.0,12.0,3.0,71.0,30.0,37.0,28.0,-26.0,14.0,87.0,78.0,-3.0,78.0,23.0,14.0,76.0,42.0,52.0,43.0,-30.0,13.0,95.0,86.0,-1.0,76.0,22.0,13.0,74.0,39.0,53.0,44.0,-28.0,28.0,119.0,110.0,9.0,70.0,35.0,26.0,63.0,44.0,75.0,66.0,-18.0,AUSTRALIA,Gripp & Gordon (2002),SUNDALAND,Chamot-Rooke et al. (1997),TIMOR,Rangin et al. (1999),40.0,-999.0,16.0,39.0,30.0,68.0,-999.0,0.0,68.0,-999.0,-999.0,-999.0,30.0,13.0,-999.0,14.0,-13.0,80.0,3.0,6.0,80.0,45.0,344.0,26.0,-41.0,-999.0,-999.0,-999.0,-999.0,-999.0,-999.0,-999.0,-999.0,-999.0,-999.0,-999.0,-999.0,-999.0,-999.0,-999.0,-999.0,-999.0,-999.0,-999.0,-999.0,-999.0,-999.0,-999.0,-999.0,-999.0,-999.0,-999.0,-999.0,-999.0,-999.0,-999.0,-999.0,-999.0,-999.0,-999.0,-999.0,-999.0,-999.0,-999.0,-999.0,-999.0,-999.0,-999.0,-999.0,33.0,47.0,38.0,-26.0,-999.0,64.0,-999.0,8.0,-999.0,171.0,-999.0,31.0,-999.0,110.0,-999.0,12.0,6.0,17.0,88.0,22.0,0.0,65.0,0.0,8.2,0.0,8.4,0.0,-999.0,-999.0
SEA21,SEA20,SEA22,SEA,21,Timor,121.0,-12.1,121.0,-14.8,121.1,-4.0,1.0,3.8,377.0,-999.0,-999.0,-999.0,-999.0,-999.0,-999.0,-999.0,-999.0,-999.0,-999.0,-999.0,-999.0,-999.0,-999.0,-999.0,-999,-999,1,C-SS,-999,360.0,1263.0,2375.0,59.0,291.0,633.0,-999.0,-999.0,-999.0,-999.0,19.0,60.0,600.0,670.0,687.0,AUSTRALIA,Argus et al. (2011),BANDA_SEA,Argus et al. (2011),SUMBA,Koulali et al. (2016),43.0,308.0,53.0,26.0,18.0,61.0,350.0,11.0,61.0,42.0,34.0,33.0,35.0,28.0,70.0,59.0,-10.0,72.0,12.0,11.0,71.0,66.0,48.0,47.0,-45.0,42.0,74.0,53.0,-12.0,78.0,22.0,21.0,73.0,79.0,54.0,53.0,-47.0,40.0,76.0,55.0,-10.0,76.0,22.0,21.0,71.0,77.0,55.0,54.0,-45.0,51.0,93.0,60.0,2.0,70.0,34.0,33.0,59.0,80.0,67.0,66.0,-33.0,AUSTRALIA,Gripp & Gordon (2002),SUNDALAND,Chamot-Rooke et al. (1997),TIMOR,Rangin et al. (1999),35.0,-999.0,19.0,33.0,26.0,70.0,-999.0,2.0,70.0,-999.0,-999.0,-999.0,37.0,12.0,-999.0,18.0,-11.0,81.0,3.0,2.0,81.0,51.0,348.0,13.0,-50.0,-999.0,-999.0,-999.0,-999.0,-999.0,-999.0,-999.0,-999.0,-999.0,-999.0,-999.0,-999.0,-999.0,-999.0,-999.0,-999.0,-999.0,-999.0,-999.0,-999.0,-999.0,-999.0,-999.0,-999.0,-999.0,-999.0,-999.0,-999.0,-999.0,-999.0,-999.0,-999.0,-999.0,-999.0,-999.0,-999.0,-999.0,-999.0,-999.0,-999.0,-999.0,-999.0,-999.0,-999.0,38.0,42.0,41.0,-29.0,-999.0,64.0,-999.0,8.0,-999.0,171.0,-999.0,31.0,-999.0,110.0,-999.0,12.0,0.0,17.0,0.0,22.0,0.0,65.0,0.0,8.2,0.0,8.4,0.0,-999.0,-999.0
SEA22,SEA21,SEA23,SEA,22,Timor,123.0,-11.2,123.7,-13.8,120.9,-3.4,345.0,1.8,303.0,-999.0,-999.0,-999.0,-999.0,-999.0,-999.0,-999.0,-999.0,-999.0,-999.0,-999.0,-999.0,-999.0,-999.0,-999.0,-999,-999,1,C-SS,-999,-999.0,-999.0,-999.0,-999.0,-999.0,-999.0,-999.0,-999.0,-999.0,-999.0,25.0,62.0,500.0,670.0,655.0,AUSTRALIA,Argus et al. (2011),BANDA_SEA,Argus et al. (2011),SUMBA,Koulali et al. (2016),27.0,286.0,59.0,14.0,10.0,52.0,352.0,27.0,52.0,48.0,23.0,38.0,38.0,29.0,48.0,22.0,-13.0,72.0,11.0,26.0,65.0,75.0,32.0,47.0,-51.0,42.0,59.0,22.0,-11.0,78.0,22.0,37.0,63.0,85.0,40.0,55.0,-49.0,40.0,61.0,25.0,-10.0,76.0,21.0,36.0,62.0,83.0,40.0,55.0,-48.0,47.0,82.0,33.0,6.0,70.0,34.0,49.0,46.0,82.0,52.0,67.0,-32.0,AUSTRALIA,Gripp & Gordon (2002),SUNDALAND,Chamot-Rooke et al. (1997),TIMOR,Rangin et al. (1999),30.0,-999.0,33.0,25.0,19.0,71.0,-999.0,36.0,57.0,-999.0,-999.0,-999.0,32.0,11.0,-999.0,22.0,-10.0,81.0,2.0,17.0,78.0,53.0,355.0,10.0,-52.0,-999.0,-999.0,-999.0,-999.0,-999.0,-999.0,-999.0,-999.0,-999.0,-999.0,-999.0,-999.0,-999.0,-999.0,-999.0,-999.0,-999.0,-999.0,-999.0,-999.0,-999.0,-999.0,-999.0,-999.0,-999.0,-999.0,-999.0,-999.0,-999.0,-999.0,-999.0,-999.0,-999.0,-999.0,-999.0,-999.0,-999.0,-999.0,-999.0,-999.0,-999.0,-999.0,-999.0,-999.0,44.0,46.0,61.0,-21.0,-999.0,64.0,-999.0,8.0,-999.0,171.0,-999.0,31.0,-999.0,110.0,-999.0,12.0,0.0,17.0,0.0,22.0,0.0,65.0,0.0,8.2,0.0,8.4,0.0,-999.0,-999.0
SEA23,SEA22,SEA24,SEA,23,Timor,125.0,-10.2,126.0,-12.7,122.0,-2.7,338.0,2.2,278.0,-999.0,-999.0,-999.0,-999.0,-999.0,-999.0,-999.0,-999.0,-999.0,-999.0,-999.0,-999.0,-999.0,-999.0,-999.0,-999,-999,1,C-SS,-999,-999.0,-999.0,-999.0,-999.0,-999.0,-999.0,-999.0,-999.0,-999.0,-999.0,34.0,65.0,360.0,670.0,654.0,AUSTRALIA,Argus et al. (2011),BANDA_SEA,Argus et al. (2011),TIMOR,Koulali et al. (2016),15.0,317.0,22.0,14.0,10.0,42.0,357.0,19.0,40.0,33.0,13.0,35.0,27.0,33.0,29.0,4.0,-21.0,73.0,11.0,33.0,61.0,65.0,21.0,43.0,-48.0,44.0,45.0,2.0,-17.0,79.0,21.0,43.0,57.0,74.0,32.0,54.0,-44.0,42.0,45.0,2.0,-16.0,76.0,21.0,43.0,56.0,72.0,31.0,53.0,-43.0,45.0,69.0,13.0,1.0,70.0,34.0,56.0,39.0,69.0,46.0,68.0,-26.0,AUSTRALIA,Gripp & Gordon (2002),SUNDALAND,Chamot-Rooke et al. (1997),TIMOR,Rangin et al. (1999),26.0,-999.0,37.0,21.0,17.0,72.0,-999.0,29.0,63.0,-999.0,-999.0,-999.0,42.0,11.0,-999.0,17.0,-11.0,82.0,2.0,24.0,80.0,58.0,357.0,19.0,-55.0,-999.0,-999.0,-999.0,-999.0,-999.0,-999.0,-999.0,-999.0,-999.0,-999.0,-999.0,-999.0,-999.0,-999.0,-999.0,-999.0,-999.0,-999.0,-999.0,-999.0,-999.0,-999.0,-999.0,-999.0,-999.0,-999.0,-999.0,-999.0,-999.0,-999.0,-999.0,-999.0,-999.0,-999.0,-999.0,-999.0,-999.0,-999.0,-999.0,-999.0,-999.0,-999.0,-999.0,-999.0,49.0,43.0,65.0,-20.0,-999.0,64.0,-999.0,8.0,-999.0,171.0,-999.0,31.0,-999.0,110.0,-999.0,12.0,2.0,17.0,29.0,22.0,0.0,65.0,0.0,8.2,0.0,8.4,0.0,-999.0,-999.0
SEA24,SEA23,SEA25,SEA,24,Timor,126.5,-9.6,127.4,-12.1,123.7,-2.0,340.0,2.8,-999.0,-999.0,-999.0,-999.0,-999.0,-999.0,-999.0,-999.0,-999.0,-999.0,-999.0,-999.0,-999.0,-999.0,-999.0,-999.0,-999,-999,1,C-SS,-999,-999.0,-999.0,-999.0,-999.0,-999.0,-999.0,-999.0,-999.0,-999.0,-999.0,38.0,68.0,260.0,670.0,632.0,AUSTRALIA,Argus et al. (2011),BANDA_SEA,Argus et al. (2011),TIMOR,Koulali et al. (2016),11.0,308.0,32.0,9.0,6.0,35.0,0.0,20.0,33.0,30.0,17.0,37.0,24.0,39.0,20.0,11.0,-30.0,73.0,11.0,31.0,63.0,68.0,19.0,39.0,-53.0,48.0,36.0,5.0,-27.0,79.0,21.0,41.0,60.0,76.0,29.0,49.0,-50.0,45.0,36.0,4.0,-25.0,77.0,20.0,40.0,58.0,74.0,29.0,49.0,-49.0,45.0,59.0,5.0,-9.0,70.0,34.0,54.0,42.0,70.0,43.0,63.0,-32.0,AUSTRALIA,Gripp & Gordon (2002),SUNDALAND,Chamot-Rooke et al. (1997),TIMOR,Rangin et al. (1999),19.0,-999.0,32.0,16.0,13.0,73.0,-999.0,26.0,66.0,-999.0,-999.0,-999.0,50.0,10.0,-999.0,16.0,-10.0,82.0,1.0,21.0,77.0,64.0,357.0,17.0,-51.0,-999.0,-999.0,-999.0,-999.0,-999.0,-999.0,-999.0,-999.0,-999.0,-999.0,-999.0,-999.0,-999.0,-999.0,-999.0,-999.0,-999.0,-999.0,-999.0,-999.0,-999.0,-999.0,-999.0,-999.0,-999.0,-999.0,-999.0,-999.0,-999.0,-999.0,-999.0,-999.0,-999.0,-999.0,-999.0,-999.0,-999.0,-999.0,-999.0,-999.0,-999.0,-999.0,-999.0,-999.0,54.0,40.0,60.0,-27.0,-999.0,64.0,-999.0,8.0,-999.0,171.0,-999.0,31.0,-999.0,110.0,-999.0,12.0,1.0,17.0,15.0,22.0,0.0,65.0,0.0,8.2,0.0,8.4,0.0,-999.0,-999.0
SEA25,SEA24,SEA26,SEA,25,Timor,128.5,-9.2,129.4,-11.8,126.0,-1.5,342.0,3.0,218.0,-999.0,-999.0,-999.0,-999.0,-999.0,-999.0,-999.0,-999.0,-999.0,-999.0,-999.0,-999.0,-999.0,-999.0,-999.0,-999,-999,1,C-SS,-999,-999.0,-999.0,-999.0,-999.0,-999.0,-999.0,-999.0,-999.0,-999.0,-999.0,38.0,54.0,260.0,500.0,428.0,AUSTRALIA,Argus et al. (2011),BANDA_SEA,Argus et al. (2011),TIMOR,Koulali et al. (2016),8.0,283.0,59.0,4.0,3.0,26.0,4.0,22.0,24.0,26.0,22.0,40.0,20.0,48.0,13.0,15.0,-40.0,73.0,10.0,28.0,64.0,73.0,16.0,34.0,-60.0,55.0,28.0,10.0,-38.0,79.0,20.0,38.0,62.0,80.0,26.0,44.0,-58.0,53.0,28.0,10.0,-37.0,77.0,20.0,38.0,60.0,78.0,26.0,44.0,-56.0,49.0,48.0,3.0,-20.0,70.0,33.0,51.0,44.0,73.0,39.0,57.0,-40.0,AUSTRALIA,Gripp & Gordon (2002),SUNDALAND,Chamot-Rooke et al. (1997),TIMOR,Rangin et al. (1999),12.0,-999.0,28.0,11.0,8.0,74.0,-999.0,21.0,69.0,-999.0,-999.0,-999.0,58.0,9.0,-999.0,11.0,-9.0,83.0,1.0,19.0,79.0,72.0,359.0,17.0,-69.0,-999.0,-999.0,-999.0,-999.0,-999.0,-999.0,-999.0,-999.0,-999.0,-999.0,-999.0,-999.0,-999.0,-999.0,-999.0,-999.0,-999.0,-999.0,-999.0,-999.0,-999.0,-999.0,-999.0,-999.0,-999.0,-999.0,-999.0,-999.0,-999.0,-999.0,-999.0,-999.0,-999.0,-999.0,-999.0,-999.0,-999.0,-999.0,-999.0,-999.0,-999.0,-999.0,-999.0,-999.0,61.0,37.0,55.0,-35.0,-999.0,64.0,-999.0,8.0,-999.0,171.0,-999.0,31.0,-999.0,110.0,-999.0,12.0,0.0,17.0,0.0,22.0,0.0,65.0,0.0,8.2,0.0,8.4,0.0,-999.0,-999.0
SEA26,SEA25,SEA27,SEA,26,Tanimbar,130.5,-8.7,131.7,-11.1,127.1,-1.4,335.0,1.6,251.0,-999.0,-999.0,-999.0,-999.0,-999.0,-999.0,-999.0,-999.0,-999.0,-999.0,-999.0,-999.0,-999.0,-999.0,-999.0,-999,-999,1,SS-C,-999,-999.0,-999.0,-999.0,-999.0,-999.0,-999.0,-999.0,-999.0,-999.0,-999.0,33.0,45.0,400.0,500.0,368.0,AUSTRALIA,Argus et al. (2011),BANDA_SEA,Argus et al. (2011),TIMOR,Koulali et al. (2016),7.0,243.0,92.0,0.0,0.0,16.0,15.0,40.0,13.0,22.0,29.0,54.0,13.0,57.0,8.0,27.0,-47.0,73.0,10.0,35.0,60.0,78.0,14.0,39.0,-60.0,62.0,22.0,23.0,-43.0,79.0,20.0,45.0,56.0,84.0,24.0,49.0,-56.0,60.0,21.0,24.0,-42.0,77.0,20.0,45.0,55.0,82.0,23.0,48.0,-55.0,54.0,39.0,19.0,-24.0,70.0,33.0,58.0,37.0,76.0,36.0,61.0,-37.0,AUSTRALIA,Gripp & Gordon (2002),SUNDALAND,Chamot-Rooke et al. (1997),TIMOR,Rangin et al. (1999),8.0,-999.0,25.0,7.0,5.0,74.0,-999.0,33.0,62.0,-999.0,-999.0,-999.0,55.0,9.0,-999.0,9.0,-9.0,83.0,1.0,26.0,75.0,76.0,1.0,26.0,-68.0,-999.0,-999.0,-999.0,-999.0,-999.0,-999.0,-999.0,-999.0,-999.0,-999.0,-999.0,-999.0,-999.0,-999.0,-999.0,-999.0,-999.0,-999.0,-999.0,-999.0,-999.0,-999.0,-999.0,-999.0,-999.0,-999.0,-999.0,-999.0,-999.0,-999.0,-999.0,-999.0,-999.0,-999.0,-999.0,-999.0,-999.0,-999.0,-999.0,-999.0,-999.0,-999.0,-999.0,-999.0,65.0,37.0,62.0,-31.0,-999.0,64.0,-999.0,8.0,-999.0,171.0,-999.0,31.0,-999.0,110.0,-999.0,12.0,0.0,17.0,0.0,22.0,0.0,65.0,0.0,8.2,0.0,8.4,0.0,-999.0,-999.0
SEA27,SEA26,SEA28,SEA,27,Tanimbar,132.5,-7.1,135.1,-8.0,124.9,-4.3,290.0,1.7,302.0,-999.0,-999.0,-999.0,-999.0,-999.0,-999.0,-999.0,-999.0,-999.0,-999.0,-999.0,-999.0,-999.0,-999.0,-999.0,-999,-999,1,SS-E,-999,-999.0,-999.0,-999.0,-999.0,-999.0,-999.0,-999.0,-999.0,-999.0,-999.0,31.0,45.0,500.0,500.0,552.0,AUSTRALIA,Argus et al. (2011),BANDA_SEA,Argus et al. (2011),TIMOR,Zhao et al. (2023),4.0,193.0,97.0,-1.0,-1.0,14.0,62.0,72.0,-9.0,17.0,51.0,121.0,-9.0,66.0,9.0,71.0,-22.0,73.0,10.0,80.0,13.0,77.0,10.0,80.0,-15.0,69.0,12.0,78.0,-9.0,79.0,20.0,90.0,0.0,84.0,19.0,89.0,-1.0,67.0,12.0,77.0,-10.0,77.0,19.0,89.0,1.0,81.0,19.0,89.0,-2.0,58.0,27.0,76.0,7.0,70.0,33.0,103.0,-16.0,74.0,32.0,102.0,15.0,AUSTRALIA,Gripp & Gordon (2002),SUNDALAND,Chamot-Rooke et al. (1997),TIMOR,Rangin et al. (1999),5.0,-999.0,65.0,2.0,1.0,75.0,-999.0,59.0,39.0,-999.0,-999.0,-999.0,37.0,8.0,-999.0,55.0,-5.0,83.0,0.0,70.0,28.0,78.0,359.0,69.0,-28.0,-999.0,-999.0,-999.0,-999.0,-999.0,-999.0,-999.0,-999.0,-999.0,-999.0,-999.0,-999.0,-999.0,-999.0,-999.0,-999.0,-999.0,-999.0,-999.0,-999.0,-999.0,-999.0,-999.0,-999.0,-999.0,-999.0,-999.0,-999.0,-999.0,-999.0,-999.0,-999.0,-999.0,-999.0,-999.0,-999.0,-999.0,-999.0,-999.0,-999.0,-999.0,-999.0,-999.0,-999.0,66.0,35.0,75.0,17.0,-999.0,64.0,-999.0,8.0,-999.0,171.0,-999.0,31.0,-999.0,110.0,-999.0,12.0,0.0,17.0,0.0,22.0,0.0,65.0,0.0,8.2,0.0,8.4,0.0,-999.0,-999.0
SEA28,SEA27,SEA29,SEA,28,Aru,133.0,-5.2,136.5,-4.9,125.7,-5.1,269.0,1.3,408.0,-999.0,-999.0,-999.0,-999.0,-999.0,-999.0,-999.0,1.0,-999.0,-999.0,-999.0,-999.0,-999.0,-999.0,-999.0,-999,-999,1,Undefined,-999,-999.0,-999.0,-999.0,-999.0,-999.0,-999.0,-999.0,-999.0,-999.0,-999.0,26.0,45.0,-999.0,500.0,428.0,AUSTRALIA,Argus et al. (2011),BANDA_SEA,Argus et al. (2011),SERAM,Rangin et al. (1999),41.0,42.0,133.0,-28.0,-13.0,-999.0,-999.0,-999.0,-999.0,-999.0,-999.0,-999.0,-999.0,73.0,352.0,108.0,-9.0,73.0,9.0,100.0,-13.0,-999.0,-999.0,-999.0,-999.0,74.0,4.0,107.0,6.0,79.0,20.0,111.0,-28.0,-999.0,-999.0,-999.0,-999.0,72.0,3.0,107.0,5.0,77.0,19.0,110.0,-27.0,-999.0,-999.0,-999.0,-999.0,60.0,16.0,109.0,17.0,70.0,34.0,125.0,-39.0,-999.0,-999.0,-999.0,-999.0,AUSTRALIA,Gripp & Gordon (2002),SUNDALAND,Chamot-Rooke et al. (1997),TIMOR,Rangin et al. (1999),15.0,-999.0,9.0,15.0,7.0,76.0,-999.0,86.0,5.0,-999.0,-999.0,-999.0,-10.0,8.0,-999.0,83.0,-1.0,83.0,0.0,89.0,1.0,82.0,350.0,81.0,13.0,-999.0,-999.0,-999.0,-999.0,-999.0,-999.0,-999.0,-999.0,-999.0,-999.0,-999.0,-999.0,-999.0,-999.0,-999.0,-999.0,-999.0,-999.0,-999.0,-999.0,-999.0,-999.0,-999.0,-999.0,-999.0,-999.0,-999.0,-999.0,-999.0,-999.0,-999.0,-999.0,-999.0,-999.0,-999.0,-999.0,-999.0,-999.0,-999.0,-999.0,-999.0,-999.0,-999.0,-999.0,62.0,24.0,65.0,26.0,-999.0,64.0,-999.0,8.0,-999.0,171.0,-999.0,31.0,-999.0,110.0,-999.0,12.0,1.0,17.0,15.0,22.0,0.0,65.0,0.0,8.2,0.0,8.4,0.0,42.4649963,-999.0
SEA29,SEA28,SEA30,SEA,29,Flores,118.0,-7.9,117.8,-5.2,118.7,-16.0,175.0,2.5,-999.0,-999.0,-999.0,-999.0,-999.0,-999.0,-999.0,-999.0,-999.0,-999.0,1.2,-999.0,-999.0,-999.0,-999.0,-999.0,-999,1,1,C-SS,-999,-999.0,-999.0,-999.0,-999.0,-999.0,-999.0,-999.0,-999.0,-999.0,-999.0,-999.0,-999.0,-999.0,-999.0,-999.0,SUNDA,Argus et al. (2011),AUSTRALIA,Argus et al. (2011),SUMBA,Koulali et al. (2016),20.0,188.0,13.0,20.0,-999.0,72.0,192.0,23.0,69.0,52.0,193.0,18.0,49.0,71.0,12.0,163.0,68.0,1.0,172.0,3.0,1.0,19.0,9.0,166.0,19.0,77.0,22.0,153.0,69.0,15.0,87.0,88.0,0.0,28.0,41.0,135.0,19.0,75.0,22.0,153.0,67.0,14.0,94.0,81.0,2.0,25.0,41.0,134.0,18.0,70.0,35.0,140.0,54.0,29.0,117.0,58.0,15.0,30.0,76.0,99.0,4.0,BANDA_SEA,Rangin et al. (1999),AUSTRALIA,Gripp & Gordon (2002),TIMOR,Rangin et al. (1999),46.0,-999.0,1.0,46.0,-999.0,67.0,-999.0,5.0,67.0,-999.0,-999.0,-999.0,21.0,80.0,-999.0,0.0,80.0,9.0,-999.0,2.0,9.0,54.0,-999.0,1.0,54.0,-999.0,-999.0,-999.0,-999.0,-999.0,-999.0,-999.0,-999.0,-999.0,-999.0,-999.0,-999.0,-999.0,-999.0,-999.0,-999.0,-999.0,-999.0,-999.0,-999.0,-999.0,-999.0,-999.0,-999.0,-999.0,-999.0,-999.0,-999.0,-999.0,-999.0,-999.0,-999.0,-999.0,-999.0,-999.0,-999.0,-999.0,-999.0,-999.0,-999.0,-999.0,-999.0,-999.0,-999.0,-999.0,-999.0,-999.0,-999.0,-999.0,37.0,-999.0,10.0,-999.0,50.0,-999.0,66.0,-999.0,57.0,-999.0,77.0,1.0,9.0,15.0,44.0,0.0,0.41,0.0,7.1,0.0,6.3,0.0,39.9333267,-999.0
SEA3,SEA2,SEA4,SEA,3,Andaman,91.4,10.0,88.7,10.3,99.5,8.9,97.0,3.7,-999.0,-999.0,-999.0,-999.0,1.0,-999.0,-999.0,-999.0,2.6,-999.0,-999.0,-999.0,0.0,-999.0,-999.0,-999.0,-999,1,1,SS-E,-999,39.0,138.0,123.0,19.0,109.0,124.0,77.0,1424.0,81.0,37.0,26.0,49.0,360.0,600.0,180.0,INDIA,Argus et al. (2011),SUNDA,Argus et al. (2011),BURMA,Argus et al. (2011),31.0,102.0,5.0,31.0,24.0,43.0,19.0,78.0,9.0,50.0,341.0,116.0,-22.0,5.0,41.0,56.0,-3.0,49.0,21.0,76.0,12.0,53.0,346.0,111.0,19.0,19.0,73.0,24.0,-17.0,56.0,34.0,63.0,26.0,53.0,1.0,96.0,5.0,17.0,77.0,20.0,-16.0,55.0,34.0,63.0,25.0,52.0,0.0,97.0,6.0,33.0,95.0,2.0,-33.0,60.0,50.0,47.0,41.0,48.0,20.0,77.0,-10.0,INDIA,Gripp & Gordon (2002),SUNDALAND,Chamot-Rooke et al. (1997),ANDAMAN_ARC,Chamot-Rooke et al. (2001),12.0,57.0,40.0,9.0,8.0,33.0,350.0,73.0,-10.0,-999.0,-999.0,-999.0,-19.0,20.0,13.0,84.0,-2.0,52.0,359.0,82.0,-7.0,47.0,348.0,71.0,15.0,43.0,79.0,31.0,-37.0,61.0,46.0,63.0,28.0,51.0,79.0,67.0,-20.0,41.0,79.0,38.0,-33.0,61.0,46.0,68.0,23.0,52.0,44.0,73.0,-15.0,32.0,60.0,37.0,-26.0,54.0,25.0,72.0,16.0,45.0,18.0,79.0,-8.0,49.0,79.0,18.0,-47.0,60.0,46.0,51.0,38.0,49.0,44.0,53.0,-29.0,-999.0,6.0,-999.0,11.0,-999.0,245.0,-999.0,50.0,-999.0,243.0,-999.0,9.0,4.0,67.0,58.0,128.0,0.0,408.9,0.0,8.8,0.0,9.0,1.61,30.0512009,-999.0
SEA30,SEA29,SEA31,SEA,30,Flores,120.0,-7.8,120.1,-5.1,119.7,-15.9,182.0,5.0,-999.0,-999.0,-999.0,-999.0,-999.0,-999.0,-999.0,-999.0,-999.0,-999.0,1.2,-999.0,-999.0,-999.0,-999.0,-999.0,-999,1,1,C-SS,-999,-999.0,-999.0,-999.0,-999.0,-999.0,-999.0,-999.0,-999.0,-999.0,-999.0,-999.0,-999.0,-999.0,-999.0,-999.0,SUNDA,Argus et al. (2011),AUSTRALIA,Argus et al. (2011),SUMBA,Koulali et al. (2016),30.0,185.0,3.0,30.0,-999.0,73.0,191.0,9.0,72.0,44.0,196.0,14.0,42.0,72.0,12.0,170.0,71.0,1.0,173.0,9.0,1.0,28.0,5.0,177.0,28.0,78.0,22.0,160.0,73.0,15.0,88.0,94.0,-1.0,35.0,30.0,152.0,31.0,76.0,21.0,161.0,71.0,14.0,95.0,87.0,1.0,33.0,29.0,153.0,29.0,70.0,35.0,147.0,59.0,29.0,118.0,64.0,13.0,32.0,61.0,122.0,17.0,BANDA_SEA,Rangin et al. (1999),AUSTRALIA,Gripp & Gordon (2002),TIMOR,Rangin et al. (1999),48.0,-999.0,2.0,48.0,-999.0,69.0,-999.0,12.0,68.0,-999.0,-999.0,-999.0,20.0,80.0,-999.0,7.0,79.0,19.0,-999.0,2.0,19.0,67.0,-999.0,2.0,67.0,-999.0,-999.0,-999.0,-999.0,-999.0,-999.0,-999.0,-999.0,-999.0,-999.0,-999.0,-999.0,-999.0,-999.0,-999.0,-999.0,-999.0,-999.0,-999.0,-999.0,-999.0,-999.0,-999.0,-999.0,-999.0,-999.0,-999.0,-999.0,-999.0,-999.0,-999.0,-999.0,-999.0,-999.0,-999.0,-999.0,-999.0,-999.0,-999.0,-999.0,-999.0,-999.0,-999.0,-999.0,-999.0,-999.0,-999.0,-999.0,-999.0,37.0,-999.0,10.0,-999.0,50.0,-999.0,66.0,-999.0,57.0,-999.0,77.0,2.0,9.0,29.0,44.0,0.0,0.41,0.0,7.1,0.0,6.3,0.0,39.9333267,-999.0
SEA31,SEA30,SEA32,SEA,31,Wetar,126.0,-7.5,125.3,-4.9,128.2,-15.3,165.0,4.7,-999.0,-999.0,-999.0,-999.0,-999.0,-999.0,-999.0,-999.0,-999.0,-999.0,0.8,-999.0,-999.0,-999.0,-999.0,-999.0,-999,1,1,SS-C,-999,-999.0,-999.0,-999.0,-999.0,-999.0,-999.0,-999.0,-999.0,-999.0,-999.0,-999.0,-999.0,-999.0,-999.0,-999.0,BANDA_SEA,Argus et al. (2011),AUSTRALIA,Argus et al. (2011),TIMOR,Koulali et al. (2016),43.0,217.0,52.0,27.0,-999.0,39.0,195.0,30.0,33.0,16.0,100.0,65.0,7.0,73.0,10.0,155.0,66.0,34.0,5.0,160.0,-32.0,75.0,23.0,142.0,59.0,79.0,21.0,144.0,64.0,40.0,26.0,139.0,-30.0,83.0,32.0,133.0,57.0,76.0,20.0,120.0,62.0,38.0,25.0,140.0,-29.0,81.0,32.0,133.0,56.0,70.0,34.0,77.0,46.0,36.0,54.0,111.0,-13.0,78.0,45.0,120.0,39.0,BANDA_SEA,Rangin et al. (1999),AUSTRALIA,Gripp & Gordon (2002),TIMOR,Rangin et al. (1999),23.0,-999.0,17.0,22.0,-999.0,72.0,-999.0,20.0,68.0,-999.0,-999.0,-999.0,46.0,82.0,-999.0,16.0,79.0,47.0,-999.0,12.0,46.0,70.0,-999.0,15.0,68.0,-999.0,-999.0,-999.0,-999.0,-999.0,-999.0,-999.0,-999.0,-999.0,-999.0,-999.0,-999.0,-999.0,-999.0,-999.0,-999.0,-999.0,-999.0,-999.0,-999.0,-999.0,-999.0,-999.0,-999.0,-999.0,-999.0,-999.0,-999.0,-999.0,-999.0,-999.0,-999.0,-999.0,-999.0,-999.0,-999.0,-999.0,-999.0,-999.0,-999.0,-999.0,-999.0,-999.0,-999.0,-999.0,-999.0,-999.0,-999.0,-999.0,9.0,-999.0,10.0,-999.0,28.0,-999.0,41.0,-999.0,36.0,-999.0,58.0,2.0,7.0,29.0,50.0,0.0,3.65,0.0,7.8,0.0,7.5,0.0,45.6624985,-999.0
SEA32,SEA31,SEA33,SEA,32,Seram,132.0,-3.4,133.7,-1.3,126.7,-9.6,220.0,1.9,248.0,-999.0,-999.0,-999.0,-999.0,-999.0,-999.0,-999.0,-999.0,-999.0,2.0,-999.0,-999.0,-999.0,-999.0,-999.0,-999,1,1,SS,-999,-999.0,-999.0,-999.0,-999.0,-999.0,-999.0,-999.0,-999.0,-999.0,-999.0,27.0,42.0,-999.0,500.0,363.0,BIRDS_HEAD,Argus et al. (2011),BANDA_SEA,Argus et al. (2011),DEF_SERAM,Rangin et al. (1999),75.0,270.0,50.0,48.0,-999.0,64.0,257.0,37.0,51.0,19.0,139.0,81.0,3.0,66.0,344.0,124.0,37.0,94.0,302.0,82.0,14.0,49.0,354.0,134.0,34.0,65.0,357.0,137.0,48.0,83.0,308.0,88.0,3.0,52.0,11.0,151.0,45.0,64.0,356.0,91.0,46.0,83.0,307.0,87.0,5.0,50.0,10.0,150.0,43.0,50.0,10.0,74.0,44.0,64.0,304.0,84.0,7.0,41.0,32.0,172.0,41.0,PHILIPPINE_SEA,Gripp & Gordon (2002),SUNDALAND,Chamot-Rooke et al. (1997),BANDA_SEA,Rangin et al. (1999),77.0,-999.0,50.0,50.0,-999.0,111.0,-999.0,68.0,42.0,-999.0,-999.0,-999.0,-8.0,9.0,-999.0,30.0,8.0,121.0,310.0,90.0,0.0,79.0,348.0,51.0,50.0,-999.0,-999.0,-999.0,-999.0,-999.0,-999.0,-999.0,-999.0,-999.0,-999.0,-999.0,-999.0,-999.0,-999.0,-999.0,-999.0,-999.0,-999.0,-999.0,-999.0,-999.0,-999.0,-999.0,-999.0,-999.0,-999.0,-999.0,-999.0,-999.0,-999.0,-999.0,-999.0,-999.0,-999.0,-999.0,-999.0,-999.0,-999.0,-999.0,-999.0,-999.0,-999.0,-999.0,-999.0,58.0,23.0,17.0,56.0,-999.0,39.0,-999.0,15.0,-999.0,110.0,-999.0,42.0,-999.0,76.0,-999.0,20.0,8.0,21.0,116.0,121.0,0.0,4.21,0.0,7.8,0.0,7.5,0.0,33.3849945,-999.0
SEA33,SEA32,SEA34,SEA,33,Seram,130.0,-2.4,130.4,-0.0,128.9,-10.7,188.0,2.0,200.0,-999.0,-999.0,-999.0,-999.0,-999.0,-999.0,-999.0,0.9,-999.0,-999.0,-999.0,-999.0,-999.0,-999.0,-999.0,-999,1,1,SS-C,-999,-999.0,-999.0,-999.0,-999.0,-999.0,-999.0,-999.0,-999.0,-999.0,-999.0,33.0,44.0,-999.0,500.0,348.0,BIRDS_HEAD,Argus et al. (2011),BANDA_SEA,Argus et al. (2011),DEF_SERAM,Rangin et al. (1999),75.0,270.0,82.0,10.0,6.0,60.0,264.0,76.0,15.0,17.0,112.0,76.0,4.0,58.0,337.0,149.0,50.0,94.0,300.0,112.0,-35.0,48.0,351.0,163.0,46.0,56.0,354.0,164.0,54.0,82.0,307.0,119.0,-40.0,50.0,9.0,179.0,50.0,54.0,352.0,125.0,52.0,82.0,305.0,117.0,-38.0,48.0,8.0,180.0,48.0,40.0,8.0,106.0,40.0,64.0,302.0,114.0,-26.0,39.0,30.0,158.0,36.0,PHILIPPINE_SEA,Gripp & Gordon (2002),SUNDALAND,Chamot-Rooke et al. (1997),BANDA_SEA,Rangin et al. (1999),77.0,-999.0,82.0,11.0,7.0,111.0,-999.0,80.0,19.0,-999.0,-999.0,-999.0,9.0,9.0,-999.0,3.0,9.0,116.0,304.0,64.0,-51.0,68.0,344.0,24.0,62.0,-999.0,-999.0,-999.0,-999.0,-999.0,-999.0,-999.0,-999.0,-999.0,-999.0,-999.0,-999.0,-999.0,-999.0,-999.0,-999.0,-999.0,-999.0,-999.0,-999.0,-999.0,-999.0,-999.0,-999.0,-999.0,-999.0,-999.0,-999.0,-999.0,-999.0,-999.0,-999.0,-999.0,-999.0,-999.0,-999.0,-999.0,-999.0,-999.0,-999.0,-999.0,-999.0,-999.0,-999.0,47.0,26.0,18.0,44.0,20.0,39.0,15.0,15.0,56.0,110.0,31.0,42.0,39.0,76.0,25.0,20.0,12.0,21.0,174.0,121.0,0.22,4.21,7.6,7.8,6.6,7.5,0.0,42.3055573,-999.0
SEA34,SEA33,SEA35,SEA,34,Seram,128.0,-2.4,127.8,0.3,128.6,-10.5,176.0,4.4,-999.0,-999.0,-999.0,-999.0,-999.0,-999.0,-999.0,-999.0,-999.0,-999.0,-999.0,-999.0,-999.0,-999.0,-999.0,-999.0,-999,1,1,SS,-999,-999.0,-999.0,-999.0,-999.0,-999.0,-999.0,-999.0,-999.0,-999.0,-999.0,36.0,52.0,-999.0,500.0,418.0,BIRDS_HEAD,Argus et al. (2011),BANDA_SEA,Argus et al. (2011),DEF_SERAM,Rangin et al. (1999),75.0,270.0,94.0,-5.0,-3.0,59.0,271.0,95.0,-5.0,16.0,86.0,90.0,0.0,49.0,333.0,157.0,45.0,93.0,299.0,123.0,-50.0,45.0,352.0,176.0,45.0,47.0,351.0,138.0,46.0,81.0,305.0,129.0,-51.0,48.0,10.0,166.0,46.0,45.0,348.0,140.0,45.0,81.0,304.0,128.0,-50.0,46.0,9.0,167.0,45.0,31.0,8.0,116.0,30.0,63.0,300.0,124.0,-35.0,37.0,33.0,143.0,30.0,PHILIPPINE_SEA,Gripp & Gordon (2002),SUNDALAND,Chamot-Rooke et al. (1997),BANDA_SEA,Rangin et al. (1999),77.0,-999.0,86.0,5.0,3.0,111.0,-999.0,67.0,43.0,-999.0,-999.0,-999.0,38.0,10.0,-999.0,15.0,10.0,109.0,299.0,57.0,-54.0,60.0,349.0,17.0,57.0,-999.0,-999.0,-999.0,-999.0,-999.0,-999.0,-999.0,-999.0,-999.0,-999.0,-999.0,-999.0,-999.0,-999.0,-999.0,-999.0,-999.0,-999.0,-999.0,-999.0,-999.0,-999.0,-999.0,-999.0,-999.0,-999.0,-999.0,-999.0,-999.0,-999.0,-999.0,-999.0,-999.0,-999.0,-999.0,-999.0,-999.0,-999.0,-999.0,-999.0,-999.0,-999.0,-999.0,-999.0,46.0,38.0,38.0,36.0,-999.0,39.0,-999.0,15.0,-999.0,110.0,-999.0,42.0,-999.0,76.0,-999.0,20.0,3.0,21.0,43.0,121.0,0.0,4.21,0.0,7.8,0.0,7.5,0.0,-999.0,-999.0
SEA35,SEA34,SEA36,SEA,35,Halmahera,126.8,0.0,124.1,0.3,134.8,-1.0,97.0,2.0,51.0,-999.0,-999.0,-999.0,-999.0,-999.0,-999.0,-999.0,-999.0,-999.0,-999.0,-999.0,-999.0,-999.0,-999.0,-999.0,-999,1,1,Undefined,-999,-999.0,-999.0,-999.0,-999.0,-999.0,-999.0,43.0,1332.0,60.0,28.0,37.0,57.0,-999.0,400.0,279.0,SULA BLOCK,Rangin et al. (1999),-999,-999,UNDEF_HALMAHERA_ARC,Rangin et al. (1999),45.0,80.0,17.0,43.0,34.0,-999.0,-999.0,-999.0,-999.0,-999.0,-999.0,-999.0,-999.0,-999.0,-999.0,-999.0,-999.0,-999.0,-999.0,-999.0,-999.0,-999.0,-999.0,-999.0,-999.0,-999.0,-999.0,-999.0,-999.0,-999.0,-999.0,-999.0,-999.0,-999.0,-999.0,-999.0,-999.0,-999.0,-999.0,-999.0,-999.0,-999.0,-999.0,-999.0,-999.0,-999.0,-999.0,-999.0,-999.0,-999.0,-999.0,-999.0,-999.0,-999.0,-999.0,-999.0,-999.0,-999.0,-999.0,-999.0,-999.0,SULAWESI,Rangin et al. (1999),PHILIPPINE_SEA,Gripp & Gordon (2002),BANDA_SEA,Rangin et al. (1999),9.0,-999.0,10.0,9.0,7.0,110.0,-999.0,13.0,107.0,-999.0,-999.0,-999.0,98.0,111.0,-999.0,3.0,111.0,87.0,302.0,25.0,-79.0,105.0,299.0,22.0,97.0,-999.0,-999.0,-999.0,-999.0,-999.0,-999.0,-999.0,-999.0,-999.0,-999.0,-999.0,-999.0,-999.0,-999.0,-999.0,-999.0,-999.0,-999.0,-999.0,-999.0,-999.0,-999.0,-999.0,-999.0,-999.0,-999.0,-999.0,-999.0,-999.0,-999.0,-999.0,-999.0,-999.0,-999.0,-999.0,-999.0,-999.0,-999.0,-999.0,-999.0,-999.0,-999.0,-999.0,-999.0,58.0,299.0,22.0,54.0,-999.0,-41.0,-999.0,35.0,-999.0,32.0,-999.0,65.0,-999.0,79.0,-999.0,22.0,2.0,8.0,29.0,37.0,0.0,1.65,0.0,7.5,0.0,7.0,0.0,-999.0,-999.0
SEA36,SEA35,SEA37,SEA,36,Halmahera,127.3,2.0,124.9,3.2,134.5,-1.7,117.0,2.2,100.0,-999.0,-999.0,-999.0,-999.0,-999.0,-999.0,-999.0,-999.0,-999.0,-999.0,-999.0,-999.0,-999.0,-999.0,-999.0,-999,1,1,Undefined,-999,-999.0,-999.0,-999.0,-999.0,-999.0,-999.0,43.0,1172.0,60.0,28.0,44.0,55.0,-999.0,400.0,295.0,SULA BLOCK,Rangin et al. (1999),-999,-999,UNDEF_HALMAHERA_ARC,Rangin et al. (1999),45.0,80.0,37.0,36.0,27.0,-999.0,-999.0,-999.0,-999.0,-999.0,-999.0,-999.0,-999.0,-999.0,-999.0,-999.0,-999.0,-999.0,-999.0,-999.0,-999.0,-999.0,-999.0,-999.0,-999.0,-999.0,-999.0,-999.0,-999.0,-999.0,-999.0,-999.0,-999.0,-999.0,-999.0,-999.0,-999.0,-999.0,-999.0,-999.0,-999.0,-999.0,-999.0,-999.0,-999.0,-999.0,-999.0,-999.0,-999.0,-999.0,-999.0,-999.0,-999.0,-999.0,-999.0,-999.0,-999.0,-999.0,-999.0,-999.0,-999.0,SULAWESI,Rangin et al. (1999),PHILIPPINE_SEA,Gripp & Gordon (2002),BANDA_SEA,Rangin et al. (1999),21.0,-999.0,28.0,19.0,14.0,108.0,-999.0,7.0,107.0,-999.0,-999.0,-999.0,89.0,113.0,-999.0,16.0,109.0,80.0,19.0,8.0,-79.0,108.0,288.0,1.0,80.0,-999.0,-999.0,-999.0,-999.0,-999.0,-999.0,-999.0,-999.0,-999.0,-999.0,-999.0,-999.0,-999.0,-999.0,-999.0,-999.0,-999.0,-999.0,-999.0,-999.0,-999.0,-999.0,-999.0,-999.0,-999.0,-999.0,-999.0,-999.0,-999.0,-999.0,-999.0,-999.0,-999.0,-999.0,-999.0,-999.0,-999.0,-999.0,-999.0,-999.0,-999.0,-999.0,-999.0,-999.0,63.0,280.0,17.0,60.0,-999.0,-41.0,-999.0,35.0,-999.0,32.0,-999.0,65.0,-999.0,79.0,-999.0,22.0,3.0,8.0,44.0,37.0,0.0,1.65,0.0,7.5,0.0,7.0,0.0,-999.0,-999.0
SEA37,SEA36,SEA38,SEA,37,North Sulawesi,123.0,2.0,122.5,4.7,124.4,-6.0,170.0,5.9,-999.0,-999.0,-999.0,-999.0,-999.0,-999.0,-999.0,-999.0,-999.0,-999.0,-999.0,-999.0,-999.0,-999.0,-999.0,-999.0,-999,1,1,SS-C,-999,-999.0,-999.0,-999.0,-999.0,-999.0,-999.0,35.0,148.0,54.0,25.0,28.0,0.0,200.0,150.0,-999.0,SUNDA,Argus et al. (2011),MOLUCCA_SEA,Argus et al. (2011),DEF_MANADO ,Socquet et al. (2006),18.0,158.0,12.0,18.0,-999.0,21.0,178.0,8.0,21.0,7.0,234.0,64.0,3.0,19.0,4.0,172.0,18.0,3.0,134.0,107.0,2.0,15.0,343.0,173.0,15.0,27.0,37.0,172.0,18.0,17.0,90.0,107.0,3.0,20.0,31.0,139.0,15.0,24.0,38.0,172.0,16.0,16.0,97.0,107.0,5.0,17.0,30.0,140.0,13.0,29.0,78.0,172.0,1.0,33.0,117.0,107.0,20.0,23.0,85.0,85.0,-2.0,CELEBES_SEA,Rangin et al. (1999),PHILIPPINE_SEA,Gripp & Gordon (2002),SULAWESI,Rangin et al. (1999),82.0,106.0,64.0,36.0,-999.0,109.0,111.0,59.0,56.0,-999.0,-999.0,-999.0,20.0,81.0,296.0,54.0,48.0,15.0,333.0,17.0,-14.0,93.0,292.0,58.0,49.0,47.0,293.0,50.0,31.0,25.0,104.0,84.0,3.0,59.0,293.0,57.0,32.0,52.0,293.0,48.0,35.0,23.0,104.0,86.0,-2.0,63.0,286.0,55.0,37.0,56.0,296.0,54.0,33.0,16.0,80.0,90.0,0.0,68.0,291.0,59.0,35.0,34.0,293.0,57.0,19.0,36.0,104.0,66.0,15.0,47.0,286.0,64.0,20.0,68.0,68.0,13.0,14.0,106.0,124.0,43.0,43.0,49.0,62.0,38.0,28.0,21.0,37.0,303.0,175.0,6.6,19.23,8.6,8.2,7.6,7.9,0.55,-999.0,-999.0
SEA38,SEA37,SEA39,SEA,38,North Sulawesi,121.0,2.3,121.5,5.0,119.6,-5.7,190.0,5.4,-999.0,-999.0,-999.0,-999.0,-999.0,-999.0,-999.0,-999.0,-999.0,-999.0,-999.0,-999.0,-999.0,-999.0,-999.0,-999.0,-999,1,1,SS,-999,-999.0,-999.0,-999.0,-999.0,-999.0,-999.0,40.0,319.0,58.0,27.0,28.0,0.0,-999.0,150.0,-999.0,SUNDA,Argus et al. (2011),MOLUCCA_SEA,Argus et al. (2011),DEF_NORTH_SULA,Socquet et al. (2006),37.0,167.0,23.0,34.0,-999.0,34.0,182.0,8.0,34.0,10.0,282.0,92.0,0.0,33.0,6.0,172.0,33.0,3.0,128.0,107.0,1.0,35.0,350.0,160.0,33.0,39.0,28.0,172.0,37.0,17.0,89.0,107.0,-3.0,38.0,13.0,177.0,38.0,37.0,27.0,172.0,35.0,16.0,95.0,107.0,-1.0,36.0,12.0,178.0,36.0,37.0,57.0,172.0,25.0,33.0,116.0,107.0,9.0,31.0,44.0,146.0,26.0,CELEBES_SEA,Rangin et al. (1999),PHILIPPINE_SEA,Gripp & Gordon (2002),SULAWESI,Rangin et al. (1999),85.0,117.0,72.0,26.0,20.0,110.0,112.0,78.0,23.0,-999.0,-999.0,-999.0,43.0,81.0,297.0,73.0,24.0,14.0,332.0,38.0,-11.0,98.0,302.0,68.0,37.0,48.0,297.0,67.0,18.0,26.0,104.0,77.0,-6.0,65.0,297.0,61.0,31.0,52.0,297.0,66.0,22.0,23.0,104.0,67.0,-9.0,70.0,306.0,60.0,35.0,57.0,298.0,72.0,18.0,16.0,80.0,70.0,-5.0,74.0,305.0,65.0,31.0,35.0,297.0,73.0,10.0,35.0,104.0,86.0,2.0,52.0,306.0,64.0,23.0,-999.0,68.0,-999.0,14.0,-999.0,124.0,-999.0,43.0,-999.0,62.0,-999.0,28.0,9.0,37.0,131.0,175.0,0.0,19.23,0.0,8.2,0.0,7.9,0.0,-999.0,-999.0
SEA39,SEA38,SEA40,SEA,39,Sangihe,126.4,1.0,128.8,-0.3,119.2,4.8,298.0,2.4,170.0,-999.0,-999.0,-999.0,-999.0,-999.0,-999.0,-999.0,-999.0,-999.0,-999.0,-999.0,-999.0,-999.0,-999.0,-999.0,-999,1,1,Undefined,-999,-999.0,-999.0,-999.0,-999.0,-999.0,-999.0,43.0,1221.0,60.0,28.0,27.0,49.0,-999.0,670.0,652.0,SULA BLOCK,Rangin et al. (1999),-999,-999,UNDEF_SANGIHE_ARC,Rangin et al. (1999),47.0,304.0,6.0,47.0,32.0,-999.0,-999.0,-999.0,-999.0,-999.0,-999.0,-999.0,-999.0,3.0,145.0,-784.0,3.0,-999.0,-999.0,-999.0,-999.0,-999.0,-999.0,-999.0,-999.0,17.0,92.0,-731.0,15.0,-999.0,-999.0,-999.0,-999.0,-999.0,-999.0,-999.0,-999.0,16.0,99.0,-738.0,15.0,-999.0,-999.0,-999.0,-999.0,-999.0,-999.0,-999.0,-999.0,33.0,119.0,-758.0,33.0,-999.0,-999.0,-999.0,-999.0,-999.0,-999.0,-999.0,-999.0,SULAWESI,Rangin et al. (1999),SUNDALAND,Chamot-Rooke et al. (1997),CELEBES SEA,Rangin et al. (1999),86.0,-999.0,28.0,76.0,56.0,109.0,-999.0,8.0,108.0,-999.0,-999.0,-999.0,32.0,11.0,-999.0,89.0,0.0,93.0,277.0,21.0,87.0,59.0,319.0,21.0,-11.0,-999.0,-999.0,-999.0,-999.0,-999.0,-999.0,-999.0,-999.0,-999.0,-999.0,-999.0,-999.0,-999.0,-999.0,-999.0,-999.0,-999.0,-999.0,-999.0,-999.0,-999.0,-999.0,-999.0,-999.0,-999.0,-999.0,-999.0,-999.0,-999.0,-999.0,-999.0,-999.0,-999.0,-999.0,-999.0,-999.0,-999.0,-999.0,-999.0,-999.0,-999.0,-999.0,-999.0,-999.0,22.0,7.0,83.0,-3.0,-4.0,-31.0,10.0,10.0,37.0,61.0,50.0,59.0,57.0,104.0,45.0,28.0,10.0,49.0,145.0,165.0,0.19,47.78,7.6,8.4,6.6,8.1,0.15,-999.0,-999.0
SEA4,SEA3,SEA5,SEA,4,Andaman,91.7,8.0,89.0,7.4,99.7,9.7,77.0,3.9,-999.0,-999.0,-999.0,-999.0,-999.0,-999.0,0.9,-999.0,-999.0,-999.0,3.4,-999.0,-999.0,-999.0,0.0,-999.0,-999,1,1,SS-E,-999,65.0,319.0,307.0,8.0,97.0,102.0,73.0,1642.0,79.0,36.0,26.0,51.0,380.0,670.0,181.0,INDIA,Argus et al. (2011),SUNDA,Argus et al. (2011),BURMA,Argus et al. (2011),39.0,98.0,21.0,37.0,28.0,44.0,20.0,57.0,24.0,52.0,332.0,105.0,-13.0,5.0,38.0,39.0,-4.0,49.0,22.0,55.0,28.0,55.0,337.0,100.0,9.0,18.0,73.0,4.0,-18.0,57.0,35.0,42.0,42.0,52.0,353.0,84.0,-5.0,17.0,77.0,0.0,-17.0,55.0,35.0,42.0,41.0,51.0,351.0,86.0,-4.0,32.0,95.0,18.0,-30.0,60.0,50.0,27.0,54.0,44.0,10.0,67.0,-17.0,INDIA,Gripp & Gordon (2002),SUNDALAND,Chamot-Rooke et al. (1997),ANDAMAN_ARC,Chamot-Rooke et al. (2001),19.0,58.0,19.0,18.0,15.0,33.0,352.0,85.0,3.0,-999.0,-999.0,-999.0,-15.0,20.0,12.0,65.0,-9.0,52.0,1.0,76.0,13.0,47.0,345.0,88.0,2.0,42.0,79.0,12.0,-41.0,61.0,47.0,42.0,45.0,49.0,79.0,50.0,-31.0,40.0,79.0,18.0,-38.0,61.0,47.0,47.0,42.0,50.0,42.0,56.0,-28.0,32.0,60.0,17.0,-31.0,55.0,27.0,50.0,35.0,44.0,15.0,62.0,-21.0,49.0,79.0,2.0,-49.0,61.0,47.0,30.0,53.0,47.0,42.0,35.0,-39.0,-999.0,6.0,-999.0,11.0,-999.0,245.0,-999.0,50.0,-999.0,243.0,-999.0,9.0,4.0,67.0,58.0,128.0,0.0,408.9,0.0,8.8,0.0,9.0,1.29,27.7267609,-999.0
SEA40,SEA39,SEA41,SEA,40,Sangihe,127.0,3.0,129.7,2.5,119.0,4.5,281.0,2.0,160.0,-999.0,-999.0,-999.0,-999.0,-999.0,-999.0,-999.0,-999.0,-999.0,-999.0,-999.0,-999.0,-999.0,-999.0,-999.0,-999,1,1,Undefined,-999,-999.0,-999.0,-999.0,-999.0,-999.0,-999.0,43.0,1158.0,60.0,28.0,27.0,53.0,-999.0,670.0,652.0,SULA BLOCK,Rangin et al. (1999),-999,-999,UNDEF_SANGIHE_ARC,Rangin et al. (1999),47.0,304.0,23.0,43.0,29.0,-999.0,-999.0,-999.0,-999.0,-999.0,-999.0,-999.0,-999.0,4.0,141.0,-780.0,3.0,-999.0,-999.0,-999.0,-999.0,-999.0,-999.0,-999.0,-999.0,17.0,93.0,-732.0,17.0,-999.0,-999.0,-999.0,-999.0,-999.0,-999.0,-999.0,-999.0,16.0,99.0,-738.0,16.0,-999.0,-999.0,-999.0,-999.0,-999.0,-999.0,-999.0,-999.0,34.0,119.0,-758.0,32.0,-999.0,-999.0,-999.0,-999.0,-999.0,-999.0,-999.0,-999.0,SULAWESI,Rangin et al. (1999),SUNDALAND,Chamot-Rooke et al. (1997),CELEBES SEA,Rangin et al. (1999),71.0,-999.0,14.0,69.0,51.0,108.0,-999.0,9.0,107.0,-999.0,-999.0,-999.0,38.0,11.0,-999.0,81.0,2.0,68.0,330.0,5.0,68.0,12.0,330.0,49.0,-8.0,-999.0,-999.0,-999.0,-999.0,-999.0,-999.0,-999.0,-999.0,-999.0,-999.0,-999.0,-999.0,-999.0,-999.0,-999.0,-999.0,-999.0,-999.0,-999.0,-999.0,-999.0,-999.0,-999.0,-999.0,-999.0,-999.0,-999.0,-999.0,-999.0,-999.0,-999.0,-999.0,-999.0,-999.0,-999.0,-999.0,-999.0,-999.0,-999.0,-999.0,-999.0,-999.0,-999.0,-999.0,37.0,109.0,8.0,37.0,-2.0,-31.0,8.0,10.0,62.0,61.0,59.0,59.0,83.0,104.0,39.0,28.0,14.0,49.0,205.0,165.0,0.17,47.78,7.5,8.4,6.5,8.1,0.01,-999.0,-999.0
SEA41,SEA40,SEA42,SEA,41,Sangihe,126.6,5.0,129.3,5.1,118.5,4.7,268.0,3.6,134.0,-999.0,-999.0,-999.0,-999.0,-999.0,-999.0,-999.0,-999.0,-999.0,-999.0,-999.0,-999.0,-999.0,-999.0,-999.0,-999,1,1,Undefined,-999,181.0,796.0,458.0,56.0,348.0,118.0,43.0,1154.0,60.0,28.0,35.0,57.0,-999.0,670.0,652.0,SULA BLOCK,Rangin et al. (1999),-999,-999,UNDEF_SANGIHE_ARC,Rangin et al. (1999),47.0,304.0,36.0,38.0,29.0,-999.0,-999.0,-999.0,-999.0,-999.0,-999.0,-999.0,-999.0,4.0,136.0,-775.0,3.0,-999.0,-999.0,-999.0,-999.0,-999.0,-999.0,-999.0,-999.0,17.0,92.0,-731.0,17.0,-999.0,-999.0,-999.0,-999.0,-999.0,-999.0,-999.0,-999.0,16.0,99.0,-738.0,16.0,-999.0,-999.0,-999.0,-999.0,-999.0,-999.0,-999.0,-999.0,34.0,118.0,-757.0,30.0,-999.0,-999.0,-999.0,-999.0,-999.0,-999.0,-999.0,-999.0,SULAWESI,Rangin et al. (1999),SUNDALAND,Chamot-Rooke et al. (1997),CELEBES SEA,Rangin et al. (1999),59.0,-999.0,1.0,59.0,46.0,106.0,-999.0,22.0,98.0,-999.0,-999.0,-999.0,39.0,11.0,-999.0,64.0,5.0,64.0,277.0,9.0,63.0,11.0,334.0,66.0,-5.0,-999.0,-999.0,-999.0,-999.0,-999.0,-999.0,-999.0,-999.0,-999.0,-999.0,-999.0,-999.0,-999.0,-999.0,-999.0,-999.0,-999.0,-999.0,-999.0,-999.0,-999.0,-999.0,-999.0,-999.0,-999.0,-999.0,-999.0,-999.0,-999.0,-999.0,-999.0,-999.0,-999.0,-999.0,-999.0,-999.0,-999.0,-999.0,-999.0,-999.0,-999.0,-999.0,-999.0,-999.0,39.0,110.0,22.0,37.0,-3.0,-31.0,24.0,10.0,40.0,61.0,46.0,59.0,49.0,104.0,27.0,28.0,11.0,49.0,160.0,165.0,0.19,47.78,7.6,8.4,6.3,8.1,0.47,-999.0,-999.0
SEA42,SEA41,SEA43,SEA,42,Philippines,128.6,4.0,131.1,5.1,121.2,0.7,246.0,5.8,-999.0,-999.0,-999.0,-999.0,-999.0,-999.0,-999.0,-999.0,-999.0,-999.0,0.4,-999.0,-999.0,-999.0,-999.0,-999.0,-999,1,1,Undefined,-999,171.0,564.0,443.0,75.0,326.0,196.0,-999.0,-999.0,-999.0,-999.0,38.0,0.0,160.0,250.0,240.0,PHILIPPINE_SEA,Argus et al. (2011),-999,-999,UNDEF_SOUTH_PHILIPPINES,Rangin et al. (1999),23.0,270.0,24.0,21.0,-999.0,-999.0,-999.0,-999.0,-999.0,-999.0,-999.0,-999.0,-999.0,-999.0,-999.0,-999.0,-999.0,102.0,291.0,45.0,72.0,-999.0,-999.0,-999.0,-999.0,-999.0,-999.0,-999.0,-999.0,90.0,296.0,50.0,58.0,-999.0,-999.0,-999.0,-999.0,-999.0,-999.0,-999.0,-999.0,90.0,295.0,49.0,60.0,-999.0,-999.0,-999.0,-999.0,-999.0,-999.0,-999.0,-999.0,72.0,289.0,43.0,52.0,-999.0,-999.0,-999.0,-999.0,PHILIPPINE_SEA,Gripp & Gordon (2002),SUNDALAND,Chamot-Rooke et al. (1997),PHILIPPINE_MOBILE_BELT,Rangin et al. (1999),30.0,305.0,59.0,16.0,-999.0,107.0,290.0,44.0,77.0,-999.0,-999.0,-999.0,62.0,10.0,24.0,42.0,7.0,108.0,294.0,48.0,72.0,79.0,290.0,44.0,-57.0,37.0,107.0,30.0,32.0,73.0,290.0,49.0,48.0,44.0,107.0,42.0,-33.0,34.0,107.0,24.0,31.0,77.0,290.0,51.0,49.0,48.0,277.0,46.0,-33.0,27.0,94.0,28.0,24.0,82.0,293.0,47.0,56.0,54.0,287.0,41.0,-40.0,48.0,107.0,41.0,36.0,60.0,290.0,44.0,43.0,32.0,277.0,31.0,-28.0,-999.0,23.0,-999.0,15.0,-999.0,93.0,-999.0,55.0,-999.0,81.0,-999.0,30.0,8.0,121.0,116.0,234.0,0.0,29.32,0.0,8.1,0.0,7.7,0.04,54.3187523,-999.0
SEA43,SEA42,SEA44,SEA,43,Philippines,127.4,6.0,129.9,7.0,119.9,2.8,247.3,8.9,-999.0,-999.0,-999.0,-999.0,-999.0,-999.0,-999.0,-999.0,-999.0,-999.0,0.4,-999.0,-999.0,-999.0,-999.0,-999.0,-999,1,1,Undefined,-999,135.0,714.0,362.0,48.0,318.0,134.0,-999.0,-999.0,-999.0,-999.0,47.0,61.0,170.0,250.0,225.0,PHILIPPINE_SEA,Argus et al. (2011),-999,-999,UNDEF_SOUTH_PHILIPPINES,Rangin et al. (1999),30.0,271.0,24.0,27.0,-999.0,-999.0,-999.0,-999.0,-999.0,-999.0,-999.0,-999.0,-999.0,-999.0,-999.0,-999.0,-999.0,101.0,293.0,45.0,71.0,-999.0,-999.0,-999.0,-999.0,-999.0,-999.0,-999.0,-999.0,89.0,297.0,50.0,57.0,-999.0,-999.0,-999.0,-999.0,-999.0,-999.0,-999.0,-999.0,89.0,296.0,49.0,59.0,-999.0,-999.0,-999.0,-999.0,-999.0,-999.0,-999.0,-999.0,70.0,291.0,44.0,51.0,-999.0,-999.0,-999.0,-999.0,PHILIPPINE_SEA,Gripp & Gordon (2002),SUNDALAND,Chamot-Rooke et al. (1997),PHILIPPINE_MOBILE_BELT,Rangin et al. (1999),32.0,304.0,57.0,18.0,-999.0,105.0,290.0,43.0,77.0,-999.0,-999.0,-999.0,60.0,11.0,26.0,41.0,8.0,106.0,295.0,49.0,70.0,74.0,292.0,46.0,-52.0,38.0,106.0,28.0,34.0,70.0,292.0,49.0,46.0,38.0,106.0,45.0,-27.0,34.0,106.0,21.0,32.0,75.0,292.0,51.0,47.0,43.0,279.0,48.0,-29.0,28.0,93.0,26.0,25.0,81.0,295.0,47.0,55.0,49.0,290.0,42.0,-36.0,49.0,106.0,39.0,38.0,58.0,292.0,44.0,42.0,27.0,279.0,32.0,-23.0,-999.0,23.0,-999.0,15.0,-999.0,93.0,-999.0,55.0,-999.0,81.0,-999.0,30.0,5.0,121.0,73.0,234.0,0.0,29.32,0.0,8.1,0.0,7.7,0.72,54.3187523,-999.0
SEA44,SEA43,SEA45,SEA,44,Philippines,127.3,8.0,130.0,8.1,119.1,7.5,267.0,8.9,120.0,-999.0,-999.0,-999.0,-999.0,-999.0,-999.0,-999.0,-999.0,-999.0,0.4,-999.0,-999.0,-999.0,-999.0,-999.0,-999,1,1,C-SS,-999,138.0,671.0,511.0,45.0,269.0,254.0,50.0,1452.0,65.0,30.0,45.0,65.0,180.0,250.0,205.0,PHILIPPINE_SEA,Argus et al. (2011),SUNDA,Argus et al. (2011),DEF_EAST_PHILIPPINES,Rangin et al. (1999),36.0,272.0,5.0,36.0,-999.0,103.0,294.0,27.0,92.0,71.0,305.0,38.0,56.0,4.0,132.0,106.0,3.0,99.0,293.0,26.0,88.0,67.0,305.0,38.0,-53.0,18.0,93.0,62.0,18.0,86.0,298.0,31.0,74.0,57.0,315.0,48.0,-38.0,17.0,99.0,69.0,16.0,87.0,297.0,30.0,75.0,56.0,312.0,45.0,-40.0,35.0,118.0,93.0,30.0,68.0,292.0,25.0,62.0,37.0,312.0,45.0,-26.0,PHILIPPINE_SEA,Gripp & Gordon (2002),SUNDALAND,Chamot-Rooke et al. (1997),PHILIPPINE_MOBILE_BELT,Rangin et al. (1999),40.0,288.0,21.0,37.0,28.0,104.0,291.0,24.0,95.0,-999.0,-999.0,-999.0,58.0,11.0,29.0,58.0,6.0,104.0,295.0,28.0,92.0,76.0,302.0,35.0,-62.0,39.0,106.0,8.0,39.0,68.0,292.0,30.0,59.0,41.0,106.0,45.0,-29.0,35.0,106.0,1.0,35.0,74.0,292.0,32.0,63.0,47.0,307.0,45.0,-33.0,28.0,93.0,6.0,28.0,79.0,295.0,28.0,70.0,51.0,305.0,38.0,-40.0,49.0,106.0,19.0,47.0,56.0,292.0,25.0,51.0,28.0,307.0,40.0,-22.0,34.0,23.0,8.0,15.0,101.0,93.0,60.0,55.0,85.0,81.0,38.0,30.0,25.0,121.0,364.0,234.0,4.4,29.32,8.5,8.1,7.5,7.7,0.27,54.3187523,-999.0
SEA45,SEA44,SEA46,SEA,45,Philippines,126.8,10.0,129.4,10.8,119.0,7.5,252.8,9.8,150.0,-999.0,-999.0,-999.0,-999.0,-999.0,-999.0,-999.0,-999.0,-999.0,0.4,-999.0,-999.0,-999.0,-999.0,-999.0,-999,1,1,SS-C,-999,134.0,409.0,211.0,86.0,232.0,92.0,50.0,1214.0,65.0,30.0,40.0,61.0,180.0,250.0,250.0,PHILIPPINE_SEA,Argus et al. (2011),SUNDA,Argus et al. (2011),DEF_EAST_PHILIPPINES,Rangin et al. (1999),34.0,274.0,21.0,32.0,-999.0,101.0,295.0,42.0,75.0,70.0,305.0,52.0,43.0,5.0,128.0,87.0,3.0,97.0,294.0,41.0,73.0,66.0,305.0,52.0,-40.0,18.0,92.0,45.0,17.0,85.0,299.0,47.0,58.0,56.0,315.0,62.0,-26.0,17.0,99.0,54.0,15.0,85.0,298.0,45.0,60.0,56.0,313.0,60.0,-28.0,35.0,117.0,76.0,25.0,66.0,293.0,41.0,50.0,36.0,313.0,60.0,-18.0,PHILIPPINE_SEA,Gripp & Gordon (2002),SUNDALAND,Chamot-Rooke et al. (1997),PHILIPPINE_MOBILE_BELT,Rangin et al. (1999),42.0,283.0,30.0,36.0,28.0,102.0,291.0,38.0,80.0,-999.0,-999.0,-999.0,44.0,12.0,31.0,42.0,9.0,102.0,296.0,43.0,74.0,72.0,305.0,52.0,-44.0,40.0,104.0,21.0,37.0,66.0,294.0,46.0,46.0,38.0,104.0,65.0,-16.0,37.0,104.0,15.0,36.0,71.0,294.0,48.0,48.0,43.0,319.0,66.0,-17.0,29.0,91.0,18.0,28.0,77.0,296.0,44.0,55.0,47.0,310.0,58.0,-25.0,50.0,104.0,31.0,43.0,54.0,294.0,41.0,41.0,25.0,319.0,66.0,-10.0,30.0,23.0,12.0,15.0,91.0,93.0,55.0,55.0,75.0,81.0,35.0,30.0,46.0,121.0,672.0,234.0,0.98,29.32,8.0,8.1,6.9,7.7,0.01,54.3187523,-999.0
SEA46,SEA45,SEA47,SEA,46,Philippines,126.2,12.0,128.7,13.0,118.7,8.7,247.4,7.7,183.0,-999.0,-999.0,-999.0,-999.0,-999.0,-999.0,-999.0,0.2,-999.0,-999.0,-999.0,-999.0,-999.0,-999.0,-999.0,-999,1,1,SS-C,-999,116.0,530.0,296.0,56.0,303.0,138.0,50.0,1516.0,65.0,30.0,36.0,63.0,200.0,250.0,230.0,PHILIPPINE_SEA,Argus et al. (2011),SUNDA,Argus et al. (2011),DEF_EAST_PHILIPPINES,Rangin et al. (1999),47.0,276.0,29.0,41.0,-999.0,99.0,295.0,48.0,66.0,57.0,311.0,63.0,25.0,5.0,124.0,76.0,3.0,94.0,295.0,48.0,64.0,52.0,311.0,64.0,-23.0,18.0,92.0,39.0,17.0,83.0,301.0,53.0,50.0,44.0,326.0,78.0,-9.0,17.0,98.0,46.0,15.0,83.0,299.0,52.0,52.0,43.0,323.0,76.0,-11.0,36.0,116.0,68.0,23.0,64.0,295.0,48.0,43.0,24.0,332.0,85.0,-2.0,PHILIPPINE_SEA,Gripp & Gordon (2002),SUNDALAND,Chamot-Rooke et al. (1997),PHILIPPINE_MOBILE_BELT,Rangin et al. (1999),47.0,273.0,26.0,42.0,35.0,100.0,292.0,45.0,71.0,-999.0,-999.0,-999.0,29.0,12.0,34.0,33.0,10.0,100.0,297.0,50.0,65.0,64.0,320.0,73.0,-19.0,41.0,104.0,27.0,37.0,63.0,296.0,53.0,38.0,36.0,104.0,78.0,8.0,37.0,104.0,21.0,35.0,69.0,296.0,55.0,40.0,42.0,3.0,82.0,6.0,30.0,91.0,24.0,27.0,75.0,298.0,50.0,48.0,42.0,335.0,87.0,-2.0,51.0,104.0,37.0,40.0,52.0,296.0,49.0,34.0,27.0,3.0,65.0,11.0,33.0,23.0,12.0,15.0,102.0,93.0,53.0,55.0,81.0,81.0,31.0,30.0,22.0,121.0,321.0,234.0,2.1,29.32,8.3,8.1,7.1,7.7,0.0,60.0999985,-999.0
SEA47,SEA46,SEA48,SEA,47,Philippines,125.2,14.0,127.8,15.0,117.6,10.9,248.0,6.3,181.0,-999.0,-999.0,-999.0,-999.0,-999.0,-999.0,-999.0,-999.0,-999.0,0.4,-999.0,-999.0,-999.0,-999.0,-999.0,-999,1,1,SS-C,-999,169.0,916.0,505.0,68.0,213.0,162.0,45.0,725.0,62.0,28.0,33.0,53.0,240.0,150.0,150.0,PHILIPPINE_SEA,Argus et al. (2011),SUNDA,Argus et al. (2011),DEF_LUZON,Hsu YJ (pers. comm. 2023),24.0,255.0,7.0,24.0,-999.0,98.0,296.0,48.0,65.0,81.0,307.0,60.0,41.0,5.0,120.0,72.0,3.0,93.0,296.0,48.0,62.0,76.0,308.0,60.0,-39.0,19.0,91.0,37.0,17.0,81.0,302.0,54.0,48.0,67.0,316.0,68.0,-25.0,17.0,97.0,45.0,15.0,81.0,300.0,52.0,50.0,67.0,315.0,67.0,-27.0,36.0,116.0,67.0,24.0,62.0,297.0,49.0,41.0,47.0,316.0,68.0,-18.0,PHILIPPINE_SEA,Gripp & Gordon (2002),SUNDALAND,Chamot-Rooke et al. (1997),PHILIPPINE_MOBILE_BELT,Rangin et al. (1999),53.0,245.0,3.0,53.0,29.0,99.0,293.0,45.0,70.0,-999.0,-999.0,-999.0,17.0,13.0,35.0,33.0,11.0,98.0,298.0,50.0,63.0,80.0,335.0,87.0,-4.0,42.0,104.0,25.0,38.0,62.0,298.0,55.0,35.0,60.0,104.0,67.0,23.0,38.0,104.0,18.0,36.0,67.0,298.0,56.0,37.0,64.0,11.0,71.0,21.0,31.0,91.0,23.0,29.0,72.0,299.0,51.0,45.0,62.0,351.0,77.0,14.0,52.0,104.0,36.0,42.0,49.0,298.0,50.0,31.0,50.0,11.0,57.0,27.0,40.0,23.0,16.0,15.0,88.0,93.0,42.0,55.0,54.0,81.0,28.0,30.0,14.0,121.0,205.0,234.0,1.6,29.32,8.2,8.1,7.2,7.7,0.0,54.3187523,-999.0
SEA48,SEA47,SEA49,SEA,48,Philippines,123.5,15.6,124.7,18.0,120.1,8.2,205.0,4.8,200.0,-999.0,-999.0,-999.0,-999.0,-999.0,-999.0,-999.0,0.5,-999.0,-999.0,-999.0,-999.0,-999.0,-999.0,-999.0,-999,1,1,Undefined,-999,181.0,1114.0,1171.0,80.0,488.0,555.0,36.0,-999.0,55.0,25.0,40.0,-999.0,240.0,100.0,100.0,PHILIPPINE_SEA,Argus et al. (2011),SUNDA,Argus et al. (2011),-999,-999,97.0,298.0,93.0,-4.0,-999.0,97.0,298.0,93.0,-4.0,-999.0,-999.0,-999.0,-999.0,5.0,115.0,22.0,0.0,92.0,298.0,93.0,-4.0,-999.0,-999.0,-999.0,-999.0,19.0,90.0,9.0,8.0,81.0,304.0,99.0,-12.0,-999.0,-999.0,-999.0,-999.0,18.0,96.0,1.0,6.0,81.0,302.0,97.0,-10.0,-999.0,-999.0,-999.0,-999.0,36.0,115.0,21.0,0.0,61.0,299.0,94.0,-5.0,-999.0,-999.0,-999.0,-999.0,PHILIPPINE_SEA,Gripp & Gordon (2002),SUNDALAND,Chamot-Rooke et al. (1997),PHILIPPINE_MOBILE_BELT,Rangin et al. (1999),51.0,250.0,45.0,36.0,14.0,98.0,294.0,89.0,2.0,-999.0,-999.0,-999.0,-34.0,14.0,35.0,10.0,14.0,97.0,300.0,85.0,-9.0,83.0,329.0,51.0,52.0,43.0,102.0,66.0,18.0,61.0,303.0,78.0,-12.0,60.0,102.0,32.0,50.0,39.0,102.0,60.0,20.0,67.0,303.0,77.0,-15.0,64.0,1.0,35.0,53.0,32.0,89.0,64.0,14.0,71.0,302.0,83.0,-9.0,63.0,343.0,42.0,47.0,53.0,102.0,77.0,12.0,48.0,303.0,82.0,-7.0,49.0,1.0,24.0,45.0,-999.0,23.0,-999.0,15.0,-999.0,93.0,-999.0,55.0,-999.0,81.0,-999.0,30.0,1.0,121.0,15.0,234.0,0.0,29.32,0.0,8.1,0.0,7.7,0.01,51.8750038,-999.0
SEA49,SEA48,SEA50,SEA,49,Cotobato,125.2,4.5,122.5,4.4,133.3,4.7,88.0,5.8,-999.0,-999.0,-999.0,-999.0,-999.0,-999.0,-999.0,-999.0,-999.0,-999.0,-999.0,-999.0,-999.0,-999.0,-999.0,-999.0,-999,1,1,Undefined,-999,-999.0,-999.0,-999.0,-999.0,-999.0,-999.0,32.0,-999.0,52.0,24.0,40.0,-999.0,-999.0,-999.0,-999.0,SUNDA,Argus et al. (2011),-999,-999,UNDEF_SANGIHE_ARC,Rangin et al. (1999),-999.0,-999.0,-999.0,-999.0,-999.0,-999.0,-999.0,-999.0,-999.0,-999.0,-999.0,-999.0,-999.0,-999.0,-999.0,-999.0,-999.0,4.0,134.0,46.0,3.0,-999.0,-999.0,-999.0,-999.0,-999.0,-999.0,-999.0,-999.0,17.0,92.0,4.0,17.0,-999.0,-999.0,-999.0,-999.0,-999.0,-999.0,-999.0,-999.0,16.0,98.0,10.0,16.0,-999.0,-999.0,-999.0,-999.0,-999.0,-999.0,-999.0,-999.0,34.0,117.0,29.0,30.0,-999.0,-999.0,-999.0,-999.0,CELEBES_SEA,Rangin et al. (1999),PHILIPPINE_SEA,Gripp & Gordon (2002),VISAYAS,Rangin et al. (1999),35.0,-999.0,17.0,34.0,-999.0,107.0,-999.0,23.0,99.0,-999.0,-999.0,-999.0,65.0,109.0,-999.0,27.0,97.0,35.0,290.0,22.0,-33.0,80.0,303.0,36.0,65.0,-999.0,-999.0,-999.0,-999.0,-999.0,-999.0,-999.0,-999.0,-999.0,-999.0,-999.0,-999.0,-999.0,-999.0,-999.0,-999.0,-999.0,-999.0,-999.0,-999.0,-999.0,-999.0,-999.0,-999.0,-999.0,-999.0,-999.0,-999.0,-999.0,-999.0,-999.0,-999.0,-999.0,-999.0,-999.0,-999.0,-999.0,-999.0,-999.0,-999.0,-999.0,-999.0,-999.0,-999.0,33.0,310.0,40.0,26.0,-999.0,2.0,-999.0,10.0,-999.0,35.0,-999.0,51.0,-999.0,52.0,-999.0,51.0,4.0,14.0,58.0,86.0,0.0,14.83,0.0,8.2,0.0,8.0,0.0,-999.0,-999.0
SEA5,SEA4,SEA6,SEA,5,Andaman,92.6,6.0,90.1,5.1,100.3,8.7,70.0,4.3,-999.0,-999.0,-999.0,-999.0,-999.0,-999.0,0.7,-999.0,-999.0,-999.0,4.1,-999.0,-999.0,-999.0,-999.0,-999.0,-999,1,1,SS-E,-999,70.0,430.0,392.0,23.0,269.0,235.0,62.0,1724.0,73.0,33.0,24.0,59.0,400.0,670.0,238.0,INDIA,Argus et al. (2011),SUNDA,Argus et al. (2011),BURMA,Argus et al. (2011),48.0,92.0,22.0,44.0,33.0,44.0,21.0,49.0,29.0,54.0,323.0,107.0,-16.0,5.0,36.0,34.0,-4.0,49.0,22.0,48.0,33.0,55.0,328.0,102.0,11.0,18.0,73.0,3.0,-18.0,57.0,35.0,35.0,47.0,50.0,343.0,87.0,-3.0,17.0,77.0,7.0,-16.0,55.0,35.0,35.0,45.0,49.0,341.0,89.0,-1.0,31.0,96.0,26.0,-28.0,60.0,51.0,19.0,57.0,40.0,359.0,71.0,-13.0,INDIA,Gripp & Gordon (2002),SUNDALAND,Chamot-Rooke et al. (1997),ANDAMAN_ARC,Chamot-Rooke et al. (2001),18.0,61.0,9.0,18.0,15.0,33.0,355.0,75.0,9.0,-999.0,-999.0,-999.0,-9.0,20.0,11.0,59.0,-10.0,53.0,1.0,69.0,19.0,45.0,345.0,85.0,4.0,41.0,79.0,5.0,-41.0,61.0,46.0,35.0,50.0,47.0,79.0,42.0,-35.0,40.0,79.0,11.0,-39.0,62.0,46.0,40.0,48.0,48.0,43.0,48.0,-32.0,31.0,59.0,11.0,-31.0,55.0,26.0,44.0,39.0,41.0,16.0,54.0,-24.0,47.0,79.0,9.0,-47.0,61.0,46.0,24.0,55.0,45.0,43.0,27.0,-40.0,-999.0,6.0,-999.0,11.0,-999.0,245.0,-999.0,50.0,-999.0,243.0,-999.0,9.0,7.0,67.0,102.0,128.0,0.0,408.9,0.0,8.8,0.0,9.0,1.8,25.939436,-999.0
SEA50,SEA49,SEA51,SEA,50,Cotobato,123.8,6.5,121.6,4.9,130.4,11.3,53.0,3.9,-999.0,-999.0,-999.0,-999.0,-999.0,-999.0,-999.0,-999.0,-999.0,-999.0,-999.0,-999.0,-999.0,-999.0,-999.0,-999.0,-999,1,1,Undefined,-999,-999.0,-999.0,-999.0,-999.0,-999.0,-999.0,46.0,-999.0,62.0,28.0,33.0,-999.0,-999.0,-999.0,-999.0,SUNDA,Argus et al. (2011),-999,-999,UNDEF_SANGIHE_ARC,Rangin et al. (1999),35.0,113.0,60.0,17.0,-999.0,-999.0,-999.0,-999.0,-999.0,-999.0,-999.0,-999.0,-999.0,-999.0,-999.0,-999.0,-999.0,4.0,127.0,74.0,1.0,-999.0,-999.0,-999.0,-999.0,-999.0,-999.0,-999.0,-999.0,18.0,91.0,38.0,14.0,-999.0,-999.0,-999.0,-999.0,-999.0,-999.0,-999.0,-999.0,16.0,97.0,44.0,12.0,-999.0,-999.0,-999.0,-999.0,-999.0,-999.0,-999.0,-999.0,34.0,116.0,63.0,15.0,-999.0,-999.0,-999.0,-999.0,SULU,Rangin et al. (1999),PHILIPPINE_SEA,Gripp & Gordon (2002),VISAYAS,Rangin et al. (1999),33.0,-999.0,61.0,16.0,-999.0,106.0,-999.0,59.0,55.0,-999.0,-999.0,-999.0,39.0,108.0,-999.0,64.0,47.0,28.0,305.0,73.0,-8.0,61.0,299.0,66.0,25.0,-999.0,-999.0,-999.0,-999.0,-999.0,-999.0,-999.0,-999.0,-999.0,-999.0,-999.0,-999.0,-999.0,-999.0,-999.0,-999.0,-999.0,-999.0,-999.0,-999.0,-999.0,-999.0,-999.0,-999.0,-999.0,-999.0,-999.0,-999.0,-999.0,-999.0,-999.0,-999.0,-999.0,-999.0,-999.0,-999.0,-999.0,-999.0,-999.0,-999.0,-999.0,-999.0,-999.0,-999.0,13.0,303.0,70.0,5.0,-999.0,2.0,-999.0,10.0,-999.0,35.0,-999.0,51.0,-999.0,52.0,-999.0,51.0,10.0,14.0,146.0,86.0,0.0,14.83,0.0,8.2,0.0,8.0,1.62,-999.0,-999.0
SEA51,SEA50,SEA52,SEA,51,Sulu,121.7,10.0,119.0,10.1,129.9,9.6,92.0,3.9,159.0,-999.0,-999.0,-999.0,-999.0,-999.0,-999.0,-999.0,-999.0,-999.0,-999.0,-999.0,-999.0,-999.0,-999.0,-999.0,-999,1,1,C-SS,-999,-999.0,-999.0,-999.0,-999.0,-999.0,-999.0,-999.0,-999.0,-999.0,-999.0,-999.0,-999.0,-999.0,300.0,160.0,SUNDA,Argus et al. (2011),PHILIPPINE_SEA,Argus et al. (2011),DEF_VISAYAS,Simons et al. (2007),53.0,101.0,9.0,52.0,35.0,103.0,117.0,25.0,94.0,54.0,133.0,41.0,41.0,99.0,297.0,87.0,90.0,4.0,116.0,24.0,4.0,50.0,279.0,173.0,49.0,88.0,302.0,61.0,76.0,18.0,89.0,3.0,18.0,36.0,286.0,166.0,35.0,88.0,301.0,62.0,77.0,17.0,95.0,3.0,17.0,37.0,282.0,170.0,36.0,69.0,298.0,84.0,62.0,35.0,114.0,22.0,32.0,22.0,257.0,165.0,21.0,SULU,Rangin et al. (1999),PHILIPPINE_SEA,Gripp & Gordon (2002),VISAYAS,Rangin et al. (1999),43.0,146.0,53.0,25.0,17.0,104.0,113.0,21.0,97.0,-999.0,-999.0,-999.0,72.0,105.0,299.0,27.0,94.0,9.0,338.0,67.0,-4.0,50.0,337.0,66.0,20.0,70.0,301.0,32.0,59.0,31.0,109.0,4.0,31.0,37.0,301.0,69.0,-13.0,75.0,301.0,33.0,63.0,27.0,109.0,4.0,27.0,40.0,44.0,77.0,-9.0,80.0,301.0,29.0,70.0,20.0,96.0,4.0,20.0,36.0,6.0,86.0,-2.0,57.0,301.0,29.0,50.0,42.0,109.0,17.0,40.0,34.0,44.0,48.0,-22.0,-999.0,-999.0,-999.0,-999.0,-999.0,-999.0,-999.0,-999.0,-999.0,-999.0,-999.0,-999.0,1.0,3.0,15.0,13.0,0.0,23.63,0.0,8.2,0.0,8.1,0.0,-999.0,-999.0
SEA52,SEA51,SEA53,SEA,52,Sulu,121.6,7.5,119.3,9.0,128.3,2.9,124.0,5.0,-999.0,-999.0,-999.0,-999.0,-999.0,-999.0,-999.0,-999.0,-999.0,-999.0,-999.0,-999.0,-999.0,-999.0,-999.0,-999.0,-999,1,1,Undefined,-999,-999.0,-999.0,-999.0,-999.0,-999.0,-999.0,12.0,-999.0,32.0,15.0,-999.0,-999.0,-999.0,250.0,-999.0,SUNDA,Argus et al. (2011),-999,-999,UNDEF_SULU ARC,Simons et al. (2007),28.0,106.0,18.0,27.0,-999.0,-999.0,-999.0,-999.0,-999.0,-999.0,-999.0,-999.0,-999.0,-999.0,-999.0,-999.0,-999.0,4.0,119.0,5.0,4.0,-999.0,-999.0,-999.0,-999.0,-999.0,-999.0,-999.0,-999.0,18.0,89.0,35.0,15.0,-999.0,-999.0,-999.0,-999.0,-999.0,-999.0,-999.0,-999.0,16.0,96.0,28.0,14.0,-999.0,-999.0,-999.0,-999.0,-999.0,-999.0,-999.0,-999.0,34.0,115.0,9.0,34.0,-999.0,-999.0,-999.0,-999.0,SULU,Rangin et al. (1999),PHILIPPINE_SEA,Gripp & Gordon (2002),CELEBES SEA,Rangin et al. (1999),82.0,-999.0,64.0,36.0,-999.0,109.0,-999.0,59.0,56.0,-999.0,-999.0,-999.0,20.0,81.0,-999.0,9.0,80.0,15.0,333.0,17.0,-14.0,93.0,292.0,58.0,49.0,-999.0,-999.0,-999.0,-999.0,-999.0,-999.0,-999.0,-999.0,-999.0,-999.0,-999.0,-999.0,-999.0,-999.0,-999.0,-999.0,-999.0,-999.0,-999.0,-999.0,-999.0,-999.0,-999.0,-999.0,-999.0,-999.0,-999.0,-999.0,-999.0,-999.0,-999.0,-999.0,-999.0,-999.0,-999.0,-999.0,-999.0,-999.0,-999.0,-999.0,-999.0,-999.0,-999.0,-999.0,47.0,286.0,64.0,20.0,-999.0,-999.0,-999.0,-999.0,-999.0,-999.0,-999.0,-999.0,-999.0,-999.0,-999.0,-999.0,0.0,3.0,0.0,13.0,0.0,23.63,0.0,8.2,0.0,8.1,0.0,-999.0,-999.0
SEA53,SEA52,SEA54,SEA,53,Sulu,119.7,6.5,117.6,8.1,126.1,1.5,128.0,4.0,-999.0,-999.0,-999.0,-999.0,-999.0,-999.0,-999.0,-999.0,-999.0,-999.0,-999.0,-999.0,-999.0,-999.0,-999.0,-999.0,-999,1,1,Undefined,-999,-999.0,-999.0,-999.0,-999.0,-999.0,-999.0,12.0,-999.0,32.0,15.0,-999.0,-999.0,-999.0,100.0,-999.0,SUNDA,Argus et al. (2011),-999,-999,UNDEF_SULU ARC,Simons et al. (2007),11.0,114.0,14.0,11.0,-999.0,-999.0,-999.0,-999.0,-999.0,-999.0,-999.0,-999.0,-999.0,-999.0,-999.0,-999.0,-999.0,3.0,115.0,13.0,3.0,-999.0,-999.0,-999.0,-999.0,-999.0,-999.0,-999.0,-999.0,18.0,88.0,40.0,13.0,-999.0,-999.0,-999.0,-999.0,-999.0,-999.0,-999.0,-999.0,16.0,94.0,34.0,14.0,-999.0,-999.0,-999.0,-999.0,-999.0,-999.0,-999.0,-999.0,34.0,114.0,14.0,33.0,-999.0,-999.0,-999.0,-999.0,SULU,Rangin et al. (1999),PHILIPPINE_SEA,Gripp & Gordon (2002),CELEBES SEA,Rangin et al. (1999),28.0,100.0,28.0,25.0,-999.0,107.0,113.0,17.0,102.0,-999.0,-999.0,-999.0,78.0,110.0,298.0,10.0,108.0,11.0,331.0,27.0,-10.0,38.0,295.0,13.0,37.0,76.0,299.0,5.0,75.0,28.0,107.0,36.0,23.0,5.0,299.0,40.0,4.0,80.0,299.0,4.0,80.0,25.0,107.0,44.0,18.0,10.0,120.0,27.0,9.0,85.0,300.0,8.0,84.0,18.0,89.0,39.0,14.0,13.0,300.0,8.0,13.0,63.0,299.0,9.0,62.0,39.0,107.0,21.0,36.0,9.0,120.0,8.0,-9.0,-999.0,-999.0,-999.0,-999.0,-999.0,-999.0,-999.0,-999.0,-999.0,-999.0,-999.0,-999.0,0.0,3.0,0.0,13.0,0.0,23.63,0.0,8.2,0.0,8.1,0.0,-999.0,-999.0
SEA54,SEA53,SEA55,SEA,54,Manila,119.2,14.0,116.7,12.8,126.9,17.3,65.0,-999.0,-999.0,-999.0,-999.0,-999.0,-999.0,-999.0,0.4,-999.0,-999.0,-999.0,1.4,-999.0,-999.0,-999.0,0.5,-999.0,-999,1,1,SS-C,-999,92.0,395.0,251.0,32.0,269.0,170.0,23.0,768.0,44.0,20.0,37.0,62.0,-999.0,-999.0,-999.0,SUNDA,Argus et al. (2011),PHILIPPINE_SEA,Argus et al. (2011),DEF_VISAYAS,Hsu YJ (pers. comm. 2023),59.0,106.0,41.0,45.0,-999.0,101.0,118.0,53.0,60.0,45.0,134.0,69.0,16.0,96.0,299.0,126.0,56.0,5.0,107.0,42.0,3.0,54.0,287.0,138.0,40.0,85.0,305.0,78.0,43.0,19.0,88.0,23.0,17.0,41.0,295.0,130.0,27.0,85.0,303.0,86.0,45.0,17.0,94.0,29.0,15.0,42.0,292.0,133.0,29.0,66.0,302.0,105.0,36.0,35.0,112.0,47.0,24.0,24.0,278.0,147.0,20.0,SUNDALAND,Chamot-Rooke et al. (1997),PHILIPPINE_SEA,Gripp & Gordon (2002),LUZON,Rangin et al. (1999),-999.0,-999.0,-999.0,-999.0,34.0,-999.0,-999.0,-999.0,-999.0,-999.0,-999.0,-999.0,-999.0,-999.0,-999.0,-999.0,-999.0,-999.0,-999.0,-999.0,-999.0,-999.0,-999.0,-999.0,-999.0,-999.0,-999.0,-999.0,-999.0,-999.0,-999.0,-999.0,-999.0,-999.0,-999.0,-999.0,-999.0,-999.0,-999.0,-999.0,-999.0,-999.0,-999.0,-999.0,-999.0,-999.0,-999.0,-999.0,-999.0,-999.0,-999.0,-999.0,-999.0,-999.0,-999.0,-999.0,-999.0,-999.0,-999.0,-999.0,-999.0,-999.0,-999.0,-999.0,-999.0,-999.0,-999.0,-999.0,-999.0,-999.0,-999.0,-999.0,-999.0,-999.0,86.0,-999.0,12.0,-999.0,176.0,-999.0,52.0,-999.0,98.0,-999.0,24.0,-999.0,27.0,-999.0,146.0,-999.0,6.95,-999.0,8.0,-999.0,7.5,0.0,37.8571396,24.0221405
SEA55,SEA54,SEA56,SEA,55,Manila,119.2,16.0,116.4,16.2,127.6,15.1,95.0,-999.0,-999.0,-999.0,-999.0,-999.0,-999.0,-999.0,0.3,-999.0,-999.0,-999.0,0.7,-999.0,-999.0,-999.0,0.5,-999.0,-999,1,1,SS-C,-999,209.0,1517.0,830.0,64.0,990.0,556.0,21.0,959.0,42.0,19.0,37.0,58.0,-999.0,-999.0,-999.0,SUNDA,Argus et al. (2011),PHILIPPINE_SEA,Argus et al. (2011),DEF_LUZON,Hsu YJ (pers. comm. 2023),64.0,103.0,8.0,63.0,-999.0,99.0,119.0,24.0,90.0,41.0,144.0,49.0,27.0,94.0,300.0,155.0,85.0,5.0,105.0,10.0,5.0,59.0,283.0,172.0,58.0,83.0,306.0,61.0,72.0,19.0,88.0,7.0,19.0,46.0,289.0,166.0,44.0,83.0,304.0,57.0,73.0,18.0,94.0,1.0,18.0,46.0,287.0,168.0,45.0,63.0,303.0,74.0,56.0,36.0,112.0,17.0,34.0,29.0,272.0,177.0,29.0,SUNDALAND,Chamot-Rooke et al. (1997),PHILIPPINE_SEA,Gripp & Gordon (2002),LUZON,Rangin et al. (1999),-999.0,-999.0,-999.0,-999.0,56.0,-999.0,-999.0,-999.0,-999.0,-999.0,-999.0,-999.0,-999.0,-999.0,-999.0,-999.0,-999.0,-999.0,-999.0,-999.0,-999.0,-999.0,-999.0,-999.0,-999.0,-999.0,-999.0,-999.0,-999.0,-999.0,-999.0,-999.0,-999.0,-999.0,-999.0,-999.0,-999.0,-999.0,-999.0,-999.0,-999.0,-999.0,-999.0,-999.0,-999.0,-999.0,-999.0,-999.0,-999.0,-999.0,-999.0,-999.0,-999.0,-999.0,-999.0,-999.0,-999.0,-999.0,-999.0,-999.0,-999.0,-999.0,-999.0,-999.0,-999.0,-999.0,-999.0,-999.0,-999.0,-999.0,-999.0,-999.0,-999.0,-999.0,86.0,-999.0,12.0,-999.0,176.0,-999.0,52.0,-999.0,98.0,-999.0,24.0,-999.0,27.0,-999.0,146.0,-999.0,6.95,-999.0,8.0,-999.0,7.5,0.0,47.5499992,38.6768532
SEA56,SEA55,SEA57,SEA,56,Manila,119.2,17.5,116.4,17.4,127.7,17.6,88.0,4.2,197.0,-999.0,-999.0,-999.0,-999.0,-999.0,1.0,-999.0,-999.0,-999.0,1.8,-999.0,-999.0,-999.0,0.3,-999.0,-999,1,1,SS-C,-999,124.0,826.0,396.0,80.0,837.0,398.0,22.0,1095.0,43.0,20.0,33.0,55.0,310.0,670.0,155.0,SUNDA,Argus et al. (2011),PHILIPPINE_SEA,Argus et al. (2011),DEF_LUZON,Hsu YJ (pers. comm. 2023),77.0,106.0,18.0,73.0,48.0,97.0,120.0,32.0,83.0,29.0,160.0,72.0,9.0,92.0,301.0,147.0,78.0,5.0,105.0,17.0,5.0,72.0,286.0,162.0,69.0,82.0,307.0,53.0,64.0,19.0,88.0,0.0,19.0,60.0,291.0,157.0,55.0,82.0,305.0,61.0,65.0,18.0,94.0,6.0,18.0,60.0,289.0,159.0,56.0,62.0,304.0,80.0,50.0,36.0,112.0,24.0,33.0,42.0,280.0,168.0,41.0,SUNDALAND,Chamot-Rooke et al. (1997),PHILIPPINE_SEA,Gripp & Gordon (2002),LUZON,Rangin et al. (1999),87.0,96.0,8.0,86.0,63.0,98.0,116.0,28.0,87.0,-999.0,-999.0,-999.0,0.0,98.0,303.0,35.0,80.0,15.0,33.0,55.0,9.0,85.0,285.0,17.0,81.0,63.0,311.0,44.0,45.0,44.0,99.0,0.0,44.0,48.0,311.0,15.0,46.0,69.0,311.0,45.0,49.0,40.0,99.0,7.0,40.0,53.0,272.0,19.0,50.0,72.0,307.0,39.0,56.0,33.0,85.0,3.0,33.0,59.0,282.0,14.0,57.0,50.0,311.0,43.0,37.0,53.0,99.0,11.0,52.0,38.0,272.0,4.0,38.0,-999.0,86.0,-999.0,12.0,-999.0,176.0,-999.0,52.0,-999.0,98.0,-999.0,24.0,3.0,27.0,44.0,146.0,0.0,6.95,-999.0,8.0,0.0,7.5,0.04,34.046524,18.9320221
SEA57,SEA56,SEA58,SEA,57,Manila,119.8,19.0,117.3,20.3,127.1,14.9,119.0,4.2,219.0,-999.0,-999.0,-999.0,-999.0,-999.0,1.8,-999.0,-999.0,-999.0,2.0,-999.0,-999.0,-999.0,0.0,-999.0,-999,1,1,SS-C,-999,83.0,324.0,212.0,37.0,159.0,127.0,25.0,1384.0,46.0,21.0,31.0,55.0,280.0,670.0,143.0,SUNDA,Argus et al. (2011),PHILIPPINE_SEA,Argus et al. (2011),DEF_LUZON,Hsu YJ (pers. comm. 2023),85.0,108.0,11.0,83.0,63.0,95.0,120.0,1.0,95.0,21.0,176.0,57.0,12.0,90.0,301.0,178.0,90.0,6.0,105.0,14.0,5.0,80.0,288.0,169.0,78.0,80.0,307.0,84.0,79.0,19.0,88.0,31.0,16.0,68.0,293.0,174.0,67.0,80.0,306.0,79.0,79.0,18.0,94.0,25.0,16.0,68.0,292.0,173.0,67.0,59.0,305.0,62.0,59.0,36.0,112.0,7.0,36.0,49.0,285.0,166.0,48.0,SUNDALAND,Chamot-Rooke et al. (1997),PHILIPPINE_SEA,Gripp & Gordon (2002),LUZON,Rangin et al. (1999),103.0,99.0,20.0,97.0,80.0,96.0,116.0,3.0,96.0,-999.0,-999.0,-999.0,-1.0,96.0,303.0,4.0,96.0,15.0,35.0,84.0,2.0,100.0,286.0,20.0,94.0,61.0,311.0,14.0,60.0,44.0,99.0,31.0,38.0,63.0,311.0,14.0,61.0,66.0,311.0,14.0,64.0,41.0,99.0,37.0,33.0,67.0,278.0,11.0,66.0,70.0,307.0,8.0,70.0,33.0,85.0,34.0,28.0,74.0,284.0,15.0,71.0,48.0,311.0,12.0,47.0,54.0,99.0,20.0,50.0,52.0,278.0,21.0,49.0,110.0,86.0,21.0,12.0,141.0,176.0,52.0,52.0,44.0,98.0,44.0,24.0,18.0,27.0,265.0,146.0,0.12,6.95,7.4,8.0,6.0,7.5,0.0,33.3849945,-999.0
SEA58,SEA57,SEA59,SEA,58,Manila,120.2,20.5,117.4,19.7,128.6,22.5,74.0,3.9,166.0,-999.0,-999.0,-999.0,-999.0,-999.0,1.7,-999.0,1.8,-999.0,-999.0,-999.0,0.0,-999.0,-999.0,-999.0,1,-999,2,SS,-999,97.0,371.0,257.0,29.0,142.0,146.0,31.0,1353.0,51.0,23.0,35.0,65.0,220.0,670.0,213.0,SUNDA,Argus et al. (2011),PHILIPPINE_SEA,Argus et al. (2011),DEF_LUZON,Hsu YJ (pers. comm. 2023),70.0,106.0,32.0,59.0,-999.0,93.0,121.0,47.0,64.0,31.0,157.0,83.0,4.0,88.0,302.0,132.0,59.0,6.0,105.0,0.0,5.0,65.0,285.0,149.0,55.0,78.0,308.0,67.0,46.0,20.0,89.0,15.0,19.0,52.0,291.0,143.0,42.0,78.0,306.0,75.0,47.0,18.0,95.0,21.0,17.0,53.0,289.0,145.0,43.0,57.0,306.0,92.0,36.0,37.0,112.0,38.0,29.0,34.0,278.0,156.0,31.0,SUNDALAND,Chamot-Rooke et al. (1997),PHILIPPINE_SEA,Gripp & Gordon (2002),-999,-999,94.0,116.0,42.0,70.0,62.0,94.0,116.0,42.0,70.0,-999.0,-999.0,-999.0,0.0,93.0,304.0,50.0,60.0,15.0,37.0,37.0,12.0,93.0,304.0,50.0,60.0,59.0,314.0,61.0,29.0,44.0,99.0,15.0,43.0,59.0,314.0,61.0,29.0,64.0,314.0,61.0,31.0,42.0,99.0,9.0,41.0,64.0,314.0,61.0,31.0,68.0,309.0,55.0,39.0,34.0,86.0,12.0,33.0,68.0,309.0,55.0,39.0,45.0,314.0,60.0,23.0,54.0,99.0,25.0,49.0,45.0,314.0,60.0,23.0,-999.0,86.0,-999.0,12.0,-999.0,176.0,-999.0,52.0,-999.0,98.0,-999.0,24.0,9.0,27.0,131.0,146.0,0.0,6.95,0.0,8.0,0.0,7.5,0.0,34.046524,-999.0
SEA59,SEA58,SEA60,SEA,59,Manila,119.9,22.5,117.2,23.5,127.8,19.3,112.0,1.0,-999.0,-999.0,-999.0,-999.0,-999.0,-999.0,3.0,-999.0,-999.0,-999.0,2.5,-999.0,-999.0,-999.0,-999.0,-999.0,-999,1,1,C-SS,-999,86.0,347.0,509.0,80.0,360.0,354.0,-999.0,-999.0,-999.0,-999.0,46.0,67.0,-999.0,-999.0,-999.0,YANGTZE,Argus et al. (2011),PHILIPPINE_SEA,Argus et al. (2011),DEF_TAIWAN,Hsu YJ (pers. comm. 2023),47.0,103.0,9.0,46.0,-999.0,91.0,122.0,10.0,90.0,49.0,140.0,28.0,43.0,85.0,303.0,169.0,84.0,6.0,106.0,6.0,6.0,41.0,282.0,170.0,41.0,76.0,309.0,74.0,72.0,19.0,89.0,23.0,18.0,29.0,291.0,179.0,29.0,76.0,308.0,69.0,73.0,18.0,95.0,17.0,17.0,30.0,287.0,175.0,30.0,55.0,308.0,52.0,53.0,37.0,112.0,0.0,37.0,13.0,253.0,141.0,10.0,SUNDALAND,Chamot-Rooke et al. (1997),PHILIPPINE_SEA,Gripp & Gordon (2002),-999,-999,-999.0,-999.0,-999.0,-999.0,80.0,-999.0,-999.0,-999.0,-999.0,-999.0,-999.0,-999.0,-999.0,-999.0,-999.0,-999.0,-999.0,-999.0,-999.0,-999.0,-999.0,-999.0,-999.0,-999.0,-999.0,-999.0,-999.0,-999.0,-999.0,-999.0,-999.0,-999.0,-999.0,-999.0,-999.0,-999.0,-999.0,-999.0,-999.0,-999.0,-999.0,-999.0,-999.0,-999.0,-999.0,-999.0,-999.0,-999.0,-999.0,-999.0,-999.0,-999.0,-999.0,-999.0,-999.0,-999.0,-999.0,-999.0,-999.0,-999.0,-999.0,-999.0,-999.0,-999.0,-999.0,-999.0,-999.0,-999.0,-999.0,-999.0,-999.0,-999.0,-999.0,-999.0,86.0,-999.0,12.0,-999.0,176.0,-999.0,52.0,-999.0,98.0,-999.0,24.0,-999.0,27.0,-999.0,146.0,-999.0,6.95,-999.0,8.0,-999.0,7.5,0.0,30.8533783,-999.0
SEA6,SEA5,SEA7,SEA,6,Sumatra,93.0,4.0,90.6,2.7,100.1,7.9,60.8,4.5,337.0,-999.0,119.0,11.0,-999.0,-999.0,0.6,-999.0,4.3,-999.0,-999.0,-999.0,-999.0,-999.0,-999.0,-999.0,-999,1,1,SS-E,-999,48.0,200.0,246.0,24.0,160.0,263.0,60.0,1716.0,71.0,32.0,21.0,54.0,530.0,670.0,221.0,INDIA,Argus et al. (2011),SUNDA,Argus et al. (2011),BURMA,Argus et al. (2011),56.0,90.0,29.0,49.0,34.0,45.0,22.0,39.0,35.0,57.0,316.0,105.0,-15.0,5.0,33.0,28.0,-4.0,49.0,23.0,38.0,39.0,59.0,321.0,100.0,10.0,18.0,73.0,12.0,-17.0,58.0,36.0,25.0,52.0,52.0,334.0,87.0,-3.0,16.0,77.0,16.0,-16.0,56.0,35.0,25.0,50.0,51.0,332.0,89.0,-1.0,31.0,96.0,36.0,-25.0,60.0,51.0,10.0,60.0,39.0,346.0,75.0,-10.0,INDIA,Gripp & Gordon (2002),SUNDALAND,Chamot-Rooke et al. (1997),ANDAMAN_ARC,Chamot-Rooke et al. (2001),20.0,53.0,8.0,20.0,15.0,34.0,357.0,64.0,15.0,-999.0,-999.0,-999.0,-5.0,20.0,10.0,51.0,-13.0,53.0,2.0,59.0,27.0,36.0,342.0,79.0,-7.0,40.0,79.0,4.0,-40.0,61.0,46.0,26.0,55.0,39.0,79.0,26.0,-35.0,38.0,79.0,3.0,-38.0,62.0,46.0,31.0,53.0,40.0,53.0,34.0,-33.0,31.0,59.0,2.0,-31.0,55.0,27.0,34.0,46.0,33.0,22.0,39.0,-25.0,47.0,79.0,18.0,-45.0,61.0,46.0,14.0,60.0,39.0,53.0,8.0,-39.0,205.0,6.0,29.0,11.0,245.0,245.0,53.0,50.0,47.0,243.0,31.0,9.0,26.0,67.0,378.0,128.0,0.2,408.9,7.6,8.8,6.0,9.0,4.63,25.4889984,-999.0
SEA60,SEA59,SEA61,SEA,60,Manila,120.5,24.0,117.7,25.0,128.5,20.8,112.0,-0.5,-999.0,-999.0,-999.0,-999.0,-999.0,-999.0,3.0,-999.0,-999.0,-999.0,2.5,-999.0,-999.0,-999.0,-999.0,-999.0,-999,1,1,C-SS,-999,156.0,430.0,607.0,90.0,537.0,329.0,-999.0,-999.0,-999.0,-999.0,-999.0,-999.0,-999.0,-999.0,-999.0,YANGTZE,Argus et al. (2011),PHILIPPINE_SEA,Argus et al. (2011),DEF_TAIWAN,Hsu YJ (pers. comm. 2022),35.0,121.0,9.0,35.0,-999.0,89.0,122.0,10.0,88.0,54.0,123.0,11.0,53.0,83.0,303.0,63.0,81.0,6.0,106.0,6.0,6.0,29.0,304.0,168.0,28.0,74.0,310.0,73.0,70.0,19.0,89.0,23.0,18.0,21.0,329.0,143.0,17.0,73.0,309.0,68.0,70.0,18.0,95.0,17.0,17.0,20.0,324.0,149.0,17.0,53.0,309.0,52.0,51.0,37.0,113.0,1.0,37.0,5.0,47.0,65.0,-2.0,SUNDALAND,Chamot-Rooke et al. (1997),PHILIPPINE_SEA,Gripp & Gordon (2002),-999,-999,-999.0,-999.0,-999.0,-999.0,70.0,-999.0,-999.0,-999.0,-999.0,-999.0,-999.0,-999.0,-999.0,-999.0,-999.0,-999.0,-999.0,-999.0,-999.0,-999.0,-999.0,-999.0,-999.0,-999.0,-999.0,-999.0,-999.0,-999.0,-999.0,-999.0,-999.0,-999.0,-999.0,-999.0,-999.0,-999.0,-999.0,-999.0,-999.0,-999.0,-999.0,-999.0,-999.0,-999.0,-999.0,-999.0,-999.0,-999.0,-999.0,-999.0,-999.0,-999.0,-999.0,-999.0,-999.0,-999.0,-999.0,-999.0,-999.0,-999.0,-999.0,-999.0,-999.0,-999.0,-999.0,-999.0,-999.0,-999.0,-999.0,-999.0,-999.0,-999.0,-999.0,-999.0,86.0,-999.0,12.0,-999.0,176.0,-999.0,52.0,-999.0,98.0,-999.0,24.0,-999.0,27.0,-999.0,146.0,-999.0,6.95,-999.0,8.0,-999.0,7.5,0.08,30.8533783,-999.0
SEA61,SEA60,SEA62,SEA,61,Ryukyus,122.5,23.2,122.0,20.5,124.1,31.1,10.0,5.0,-999.0,-999.0,-999.0,-999.0,1.5,-999.0,-999.0,-999.0,4.0,-999.0,-999.0,-999.0,0.5,-999.0,-999.0,-999.0,-999,1,1,SS-E,-999,270.0,1273.0,1802.0,138.0,540.0,957.0,131.0,5234.0,105.0,48.0,25.0,52.0,-999.0,-999.0,-999.0,PHILIPPINE_SEA,Argus et al. (2011),YANGTZE,Argus et al. (2011),YONAGUNI,Chen et al. (2022),91.0,354.0,17.0,66.0,-999.0,88.0,301.0,69.0,32.0,79.0,236.0,134.0,-55.0,6.0,107.0,39.0,1.0,82.0,302.0,68.0,31.0,76.0,232.0,138.0,56.0,19.0,89.0,28.0,-4.0,73.0,309.0,61.0,35.0,64.0,226.0,144.0,52.0,18.0,95.0,32.0,-2.0,73.0,307.0,63.0,33.0,66.0,226.0,144.0,54.0,37.0,113.0,49.0,8.0,52.0,306.0,64.0,23.0,67.0,208.0,162.0,63.0,PHILIPPINE_SEA,Gripp & Gordon (2002),EURASIA,Gripp & Gordon (2002),OKINAWA,Yu and Kuo (1996); Mazzotti (1999),-999.0,-999.0,-999.0,-999.0,-999.0,-999.0,-999.0,-999.0,-999.0,-999.0,-999.0,-999.0,-999.0,-999.0,-999.0,-999.0,-999.0,-999.0,-999.0,-999.0,-999.0,-999.0,-999.0,-999.0,-999.0,-999.0,-999.0,-999.0,-999.0,-999.0,-999.0,-999.0,-999.0,-999.0,-999.0,-999.0,-999.0,-999.0,-999.0,-999.0,-999.0,-999.0,-999.0,-999.0,-999.0,-999.0,-999.0,-999.0,-999.0,-999.0,-999.0,-999.0,-999.0,-999.0,-999.0,-999.0,-999.0,-999.0,-999.0,-999.0,-999.0,-999.0,-999.0,-999.0,-999.0,-999.0,-999.0,-999.0,-999.0,-999.0,-999.0,-999.0,-999.0,-999.0,38.0,-999.0,12.0,-999.0,100.0,-999.0,50.0,-999.0,73.0,-999.0,32.0,-999.0,42.0,-999.0,262.0,-999.0,29.92,-999.0,8.4,-999.0,7.9,0.16,26.1731873,15.3268929
SEA62,SEA61,SEA63,SEA,62,Ryukyus,124.0,23.2,124.7,20.6,121.6,31.0,345.0,6.6,-999.0,-999.0,-999.0,-999.0,0.2,-999.0,-999.0,-999.0,1.0,-999.0,-999.0,-999.0,0.0,-999.0,-999.0,-999.0,2,-999,1,E-SS,-999,186.0,693.0,521.0,44.0,211.0,404.0,49.0,3274.0,64.0,29.0,24.0,55.0,340.0,450.0,291.0,PHILIPPINE_SEA,Argus et al. (2011),YANGTZE,Argus et al. (2011),OKINAWA,Argus et al. (2011),136.0,308.0,37.0,109.0,82.0,87.0,300.0,45.0,62.0,51.0,142.0,157.0,-47.0,6.0,107.0,63.0,3.0,81.0,301.0,44.0,59.0,56.0,139.0,154.0,50.0,19.0,89.0,52.0,5.0,71.0,308.0,37.0,57.0,64.0,128.0,143.0,52.0,18.0,95.0,57.0,6.0,71.0,307.0,38.0,56.0,64.0,130.0,145.0,53.0,37.0,114.0,74.0,23.0,51.0,305.0,40.0,39.0,85.0,130.0,145.0,70.0,PHILIPPINE_SEA,Gripp & Gordon (2002),EURASIA,Gripp & Gordon (2002),OKINAWA,Yu and Kuo (1996); Mazzotti (1999),104.0,322.0,23.0,96.0,76.0,63.0,309.0,36.0,51.0,-999.0,-999.0,-999.0,-45.0,23.0,291.0,53.0,-14.0,86.0,304.0,42.0,64.0,35.0,195.0,30.0,30.0,14.0,122.0,59.0,7.0,51.0,313.0,30.0,44.0,53.0,122.0,14.0,51.0,11.0,122.0,76.0,2.0,56.0,313.0,29.0,49.0,48.0,148.0,14.0,46.0,4.0,131.0,34.0,3.0,60.0,308.0,37.0,48.0,47.0,161.0,4.0,47.0,26.0,122.0,43.0,19.0,38.0,313.0,32.0,32.0,66.0,148.0,17.0,63.0,-999.0,38.0,-999.0,12.0,-999.0,100.0,-999.0,50.0,-999.0,73.0,-999.0,32.0,1.0,42.0,16.0,262.0,0.0,29.92,0.0,8.4,0.0,7.9,0.0,42.4649963,-999.0
SEA63,SEA62,SEA64,SEA,63,Ryukyus,127.0,24.2,128.7,22.0,121.6,30.7,325.0,7.2,-999.0,-999.0,-999.0,-999.0,-999.0,-999.0,0.2,-999.0,0.0,-999.0,-999.0,-999.0,0.0,-999.0,-999.0,-999.0,2,-999,1,E,-999,228.0,497.0,375.0,74.0,210.0,200.0,50.0,3405.0,65.0,30.0,24.0,52.0,380.0,450.0,238.0,PHILIPPINE_SEA,Argus et al. (2011),YANGTZE,Argus et al. (2011),OKINAWA,Argus et al. (2011),121.0,305.0,20.0,114.0,80.0,84.0,299.0,26.0,75.0,39.0,136.0,171.0,-39.0,6.0,108.0,83.0,5.0,78.0,300.0,25.0,70.0,44.0,133.0,168.0,43.0,19.0,89.0,71.0,11.0,68.0,307.0,18.0,65.0,54.0,121.0,156.0,49.0,18.0,95.0,76.0,11.0,68.0,306.0,19.0,64.0,54.0,124.0,159.0,50.0,37.0,114.0,92.0,31.0,47.0,303.0,22.0,44.0,74.0,126.0,161.0,70.0,PHILIPPINE_SEA,Gripp & Gordon (2002),EURASIA,Gripp & Gordon (2002),OKINAWA,Yu and Kuo (1996); Mazzotti (1999),91.0,304.0,21.0,85.0,63.0,60.0,304.0,21.0,56.0,-999.0,-999.0,-999.0,-29.0,23.0,292.0,40.0,-18.0,83.0,303.0,22.0,77.0,9.0,142.0,3.0,9.0,14.0,123.0,38.0,11.0,48.0,310.0,12.0,47.0,45.0,123.0,29.0,39.0,11.0,123.0,55.0,6.0,53.0,310.0,11.0,52.0,41.0,122.0,32.0,34.0,4.0,132.0,13.0,4.0,57.0,307.0,18.0,54.0,35.0,122.0,23.0,32.0,26.0,123.0,22.0,24.0,34.0,310.0,15.0,33.0,57.0,122.0,23.0,53.0,-999.0,70.0,-999.0,20.0,-999.0,187.0,-999.0,53.0,-999.0,122.0,-999.0,16.0,0.0,35.0,0.0,94.0,0.0,24.63,0.0,8.1,0.0,7.7,0.0,-999.0,-999.0
SEA64,SEA63,SEA65,SEA,64,Ryukyus,129.0,25.7,130.9,23.6,122.9,31.8,320.0,7.1,-999.0,-999.0,-999.0,-999.0,-999.0,-999.0,0.2,-999.0,-999.0,-999.0,0.4,-999.0,-999.0,-999.0,0.0,-999.0,-999,2,1,E,-999,199.0,613.0,660.0,65.0,220.0,353.0,52.0,3168.0,66.0,30.0,24.0,52.0,400.0,350.0,300.0,PHILIPPINE_SEA,Argus et al. (2011),YANGTZE,Argus et al. (2011),OKINAWA,Argus et al. (2011),107.0,303.0,17.0,102.0,72.0,80.0,299.0,21.0,75.0,28.0,136.0,176.0,-28.0,6.0,108.0,88.0,5.0,74.0,300.0,20.0,70.0,33.0,131.0,171.0,33.0,19.0,89.0,77.0,12.0,64.0,308.0,12.0,63.0,43.0,117.0,157.0,40.0,18.0,95.0,81.0,12.0,64.0,306.0,14.0,62.0,43.0,120.0,160.0,40.0,36.0,115.0,98.0,33.0,44.0,303.0,17.0,42.0,63.0,124.0,164.0,61.0,PHILIPPINE_SEA,Gripp & Gordon (2002),EURASIA,Gripp & Gordon (2002),OKINAWA,Yu and Kuo (1996); Mazzotti (1999),90.0,304.0,16.0,87.0,62.0,56.0,309.0,11.0,55.0,-999.0,-999.0,-999.0,-32.0,23.0,293.0,27.0,-21.0,79.0,303.0,17.0,76.0,12.0,129.0,11.0,12.0,14.0,124.0,32.0,12.0,43.0,309.0,7.0,43.0,49.0,124.0,25.0,44.0,11.0,124.0,49.0,7.0,48.0,309.0,6.0,48.0,44.0,121.0,28.0,39.0,4.0,134.0,6.0,4.0,53.0,307.0,13.0,51.0,38.0,120.0,20.0,36.0,26.0,124.0,16.0,25.0,30.0,309.0,11.0,30.0,61.0,121.0,19.0,58.0,-999.0,70.0,-999.0,20.0,-999.0,187.0,-999.0,53.0,-999.0,122.0,-999.0,16.0,7.0,35.0,108.0,94.0,0.0,24.63,0.0,8.1,0.0,7.7,0.0,54.3187523,-999.0
SEA65,SEA64,SEA66,SEA,65,Ryukyus,130.5,27.5,132.8,25.7,123.1,32.5,310.0,5.0,196.0,-999.0,-999.0,-999.0,0.2,-999.0,-999.0,-999.0,0.0,-999.0,-999.0,-999.0,0.0,-999.0,-999.0,-999.0,2,-999,1,E-SS,-999,353.0,1316.0,1082.0,75.0,288.0,399.0,52.0,2996.0,66.0,30.0,27.0,53.0,360.0,325.0,320.0,PHILIPPINE_SEA,Argus et al. (2011),YANGTZE,Argus et al. (2011),OKINAWA,Argus et al. (2011),92.0,304.0,6.0,92.0,67.0,76.0,299.0,11.0,75.0,18.0,142.0,168.0,-18.0,6.0,108.0,98.0,6.0,70.0,300.0,10.0,69.0,23.0,134.0,176.0,23.0,18.0,89.0,87.0,14.0,61.0,308.0,2.0,61.0,32.0,115.0,165.0,31.0,17.0,95.0,91.0,14.0,61.0,306.0,4.0,60.0,32.0,119.0,169.0,31.0,36.0,116.0,109.0,35.0,40.0,303.0,7.0,40.0,52.0,124.0,174.0,52.0,PHILIPPINE_SEA,Gripp & Gordon (2002),EURASIA,Gripp & Gordon (2002),OKINAWA,Yu and Kuo (1996); Mazzotti (1999),83.0,301.0,9.0,82.0,60.0,53.0,309.0,1.0,53.0,-999.0,-999.0,-999.0,-29.0,22.0,294.0,16.0,-21.0,75.0,303.0,7.0,74.0,8.0,95.0,35.0,7.0,15.0,123.0,21.0,14.0,39.0,310.0,3.0,39.0,45.0,123.0,21.0,42.0,11.0,123.0,37.0,9.0,44.0,310.0,5.0,44.0,41.0,116.0,25.0,37.0,4.0,123.0,7.0,4.0,50.0,307.0,3.0,49.0,33.0,111.0,19.0,32.0,26.0,123.0,7.0,26.0,27.0,310.0,0.0,27.0,55.0,116.0,14.0,54.0,-999.0,70.0,-999.0,20.0,-999.0,187.0,-999.0,53.0,-999.0,122.0,-999.0,16.0,5.0,35.0,76.0,94.0,0.0,24.63,0.0,8.1,0.0,7.7,0.03,-999.0,-999.0
SEA66,SEA65,SEA67,SEA,66,Ryukyus,132.0,29.5,134.6,28.1,123.6,33.3,300.0,6.0,189.0,-999.0,105.0,12.0,0.3,-999.0,-999.0,-999.0,0.5,-999.0,-999.0,-999.0,0.0,-999.0,-999.0,-999.0,-999,2,1,SS-E,-999,220.0,1095.0,1067.0,54.0,337.0,321.0,-999.0,-999.0,-999.0,-999.0,26.0,53.0,300.0,300.0,281.0,PHILIPPINE_SEA,Argus et al. (2011),YANGTZE,Argus et al. (2011),OKINAWA,Argus et al. (2011),75.0,305.0,5.0,75.0,57.0,71.0,300.0,0.0,71.0,8.0,181.0,119.0,-4.0,6.0,109.0,108.0,6.0,65.0,301.0,1.0,65.0,11.0,151.0,149.0,10.0,18.0,89.0,79.0,16.0,56.0,310.0,10.0,56.0,20.0,113.0,173.0,19.0,17.0,95.0,88.0,15.0,56.0,307.0,7.0,56.0,19.0,119.0,179.0,19.0,35.0,116.0,112.0,35.0,36.0,304.0,4.0,36.0,39.0,127.0,173.0,39.0,PHILIPPINE_SEA,Gripp & Gordon (2002),EURASIA,Gripp & Gordon (2002),OKINAWA,Yu and Kuo (1996); Mazzotti (1999),76.0,317.0,17.0,73.0,55.0,48.0,306.0,4.0,48.0,-999.0,-999.0,-999.0,-25.0,22.0,294.0,21.0,-21.0,70.0,304.0,4.0,70.0,9.0,123.0,3.0,9.0,15.0,125.0,8.0,15.0,34.0,313.0,16.0,33.0,46.0,125.0,5.0,46.0,11.0,125.0,24.0,10.0,39.0,313.0,17.0,38.0,42.0,120.0,9.0,41.0,4.0,131.0,11.0,4.0,44.0,308.0,8.0,44.0,35.0,118.0,2.0,35.0,26.0,125.0,5.0,26.0,22.0,313.0,13.0,22.0,57.0,120.0,0.0,57.0,-999.0,70.0,-999.0,20.0,-999.0,187.0,-999.0,53.0,-999.0,122.0,-999.0,16.0,9.0,35.0,135.0,94.0,0.0,24.63,0.0,8.1,0.0,7.7,0.0,51.8750038,-999.0
SEA67,SEA66,SEA68,SEA,67,Ryukyus,133.0,31.1,135.1,29.1,126.2,36.9,317.5,5.3,284.0,-999.0,105.0,12.0,-999.0,-999.0,0.2,-999.0,-999.0,-999.0,0.1,-999.0,-999.0,-999.0,0.0,-999.0,-999,2,1,C-SS,-999,136.0,596.0,639.0,82.0,472.0,560.0,25.0,660.0,46.0,21.0,27.0,46.0,550.0,200.0,193.0,PHILIPPINE_SEA,Argus et al. (2011),AMUR,Argus et al. (2011),SHIKOKU,Nishimura et al. (2018),45.0,309.0,8.0,45.0,-999.0,64.0,301.0,16.0,61.0,20.0,285.0,33.0,17.0,1.0,115.0,99.0,1.0,63.0,302.0,16.0,60.0,19.0,284.0,34.0,-16.0,14.0,83.0,76.0,8.0,54.0,311.0,7.0,53.0,9.0,318.0,0.0,-9.0,12.0,91.0,82.0,9.0,54.0,308.0,9.0,53.0,9.0,304.0,14.0,-8.0,31.0,118.0,105.0,29.0,33.0,305.0,13.0,32.0,12.0,141.0,176.0,12.0,PHILIPPINE_SEA,Gripp & Gordon (2002),EURASIA,Gripp & Gordon (2002),OKINAWA,Yu and Kuo (1996); Mazzotti (1999),65.0,315.0,22.0,60.0,-999.0,51.0,310.0,15.0,48.0,-999.0,-999.0,-999.0,-12.0,18.0,295.0,33.0,-15.0,68.0,305.0,17.0,63.0,2.0,209.0,24.0,0.0,20.0,124.0,26.0,16.0,32.0,314.0,15.0,31.0,35.0,124.0,24.0,32.0,16.0,124.0,37.0,12.0,37.0,314.0,16.0,35.0,31.0,122.0,29.0,27.0,9.0,126.0,23.0,8.0,42.0,309.0,17.0,40.0,24.0,119.0,18.0,23.0,31.0,124.0,18.0,28.0,20.0,314.0,16.0,19.0,46.0,122.0,16.0,43.0,-999.0,70.0,-999.0,20.0,-999.0,187.0,-999.0,53.0,-999.0,122.0,-999.0,16.0,-999.0,35.0,0.0,94.0,-999.0,24.63,-999.0,8.1,-999.0,7.7,0.39,63.2749977,-999.0
SEA68,SEA67,SEA69,SEA,68,Nankai,134.0,31.8,135.3,29.3,129.6,39.1,335.0,4.9,378.0,-999.0,-999.0,-999.0,-999.0,-999.0,0.7,-999.0,1.2,-999.0,-999.0,-999.0,-999.0,-999.0,0.2,-999.0,-999,1,1,C-SS,-999,126.0,401.0,321.0,77.0,277.0,304.0,22.0,514.0,43.0,20.0,20.0,67.0,800.0,100.0,105.0,PHILIPPINE_SEA,Argus et al. (2011),AMUR,Argus et al. (2011),SHIKOKU,Nishimura et al. (2018),41.0,309.0,27.0,37.0,-999.0,62.0,301.0,34.0,52.0,22.0,288.0,47.0,15.0,1.0,114.0,81.0,1.0,61.0,302.0,33.0,51.0,20.0,287.0,48.0,-14.0,14.0,83.0,59.0,4.0,52.0,311.0,24.0,47.0,11.0,318.0,16.0,-11.0,12.0,91.0,64.0,5.0,52.0,308.0,27.0,46.0,11.0,308.0,28.0,-10.0,31.0,118.0,87.0,24.0,32.0,304.0,31.0,27.0,10.0,142.0,176.0,10.0,PHILIPPINE_SEA,Gripp & Gordon (2002),AMUR,Heki et al. (1999),-999,-999,53.0,313.0,26.0,48.0,8.0,53.0,313.0,26.0,48.0,-999.0,-999.0,-999.0,0.0,13.0,295.0,44.0,-9.0,65.0,305.0,30.0,56.0,13.0,295.0,44.0,-9.0,24.0,123.0,43.0,18.0,30.0,316.0,15.0,29.0,24.0,123.0,43.0,18.0,20.0,123.0,50.0,13.0,34.0,316.0,15.0,33.0,20.0,123.0,50.0,13.0,13.0,120.0,35.0,11.0,39.0,310.0,25.0,35.0,13.0,120.0,35.0,11.0,35.0,123.0,32.0,30.0,17.0,316.0,19.0,16.0,35.0,123.0,32.0,30.0,-999.0,30.0,-999.0,12.0,-999.0,160.0,-999.0,35.0,-999.0,132.0,-999.0,10.0,0.0,6.0,0.0,20.0,0.0,265.42,0.0,8.6,0.0,8.6,0.4,39.9333267,27.729084
SEA69,SEA68,SEA70,SEA,69,Nankai,135.5,32.6,136.6,30.1,131.9,40.2,340.0,4.7,442.0,-999.0,-999.0,-999.0,-999.0,-999.0,0.7,-999.0,1.6,-999.0,-999.0,-999.0,0.2,-999.0,-999.0,-999.0,1,-999,1,SS-C,-999,153.0,527.0,320.0,73.0,261.0,168.0,14.0,222.0,34.0,16.0,22.0,36.0,750.0,100.0,75.0,PHILIPPINE_SEA,Argus et al. (2011),AMUR,Argus et al. (2011),CHUBU,Nishimura et al. (2018),35.0,321.0,19.0,33.0,-999.0,59.0,301.0,39.0,46.0,29.0,277.0,63.0,13.0,1.0,113.0,74.0,1.0,58.0,301.0,39.0,45.0,28.0,276.0,64.0,-12.0,13.0,83.0,54.0,3.0,50.0,311.0,29.0,43.0,16.0,288.0,52.0,-10.0,12.0,91.0,59.0,4.0,49.0,308.0,32.0,42.0,17.0,281.0,59.0,-9.0,30.0,119.0,82.0,23.0,29.0,303.0,37.0,23.0,12.0,192.0,148.0,10.0,PHILIPPINE_SEA,Gripp & Gordon (2002),AMUR,Heki et al. (1999),-999,-999,49.0,313.0,31.0,42.0,9.0,49.0,313.0,31.0,42.0,-999.0,-999.0,-999.0,0.0,13.0,296.0,46.0,-9.0,62.0,305.0,35.0,51.0,13.0,296.0,46.0,-9.0,24.0,124.0,47.0,16.0,27.0,314.0,20.0,25.0,24.0,124.0,47.0,16.0,20.0,124.0,56.0,11.0,32.0,314.0,18.0,30.0,20.0,124.0,56.0,11.0,13.0,122.0,38.0,10.0,37.0,309.0,31.0,32.0,13.0,122.0,38.0,10.0,34.0,124.0,36.0,28.0,15.0,314.0,26.0,14.0,34.0,124.0,36.0,28.0,-999.0,30.0,-999.0,12.0,-999.0,160.0,-999.0,35.0,-999.0,132.0,-999.0,10.0,0.0,6.0,0.0,20.0,0.0,265.42,0.0,8.6,0.0,8.6,0.43,36.1468697,24.4396152
SEA7,SEA6,SEA8,SEA,7,Sumatra,95.0,2.0,93.9,-0.4,98.4,9.3,25.0,4.6,368.0,-999.0,115.0,9.0,-999.0,-999.0,0.5,-999.0,3.5,-999.0,-999.0,-999.0,-999.0,-999.0,-999.0,-999.0,-999,1,1,SS-C,-999,34.0,138.0,133.0,22.0,99.0,106.0,50.0,1152.0,65.0,30.0,19.0,53.0,530.0,1200.0,221.0,CAPRICORN,Argus et al. (2011),SUNDA,Argus et al. (2011),SUMATRA FOREARC,Bradley et al. (2017),42.0,37.0,12.0,41.0,23.0,53.0,19.0,6.0,53.0,18.0,335.0,50.0,12.0,4.0,31.0,6.0,-4.0,57.0,20.0,5.0,57.0,21.0,345.0,41.0,-16.0,17.0,74.0,49.0,-11.0,65.0,32.0,7.0,64.0,23.0,23.0,2.0,-23.0,16.0,78.0,53.0,-10.0,63.0,32.0,7.0,62.0,21.0,22.0,3.0,-21.0,30.0,98.0,73.0,-9.0,66.0,46.0,21.0,61.0,25.0,61.0,36.0,-20.0,AUSTRALIA,Gripp & Gordon (2002),SUNDALAND,Chamot-Rooke et al. (1997),-999,-999,45.0,1.0,24.0,41.0,25.0,45.0,1.0,24.0,41.0,-999.0,-999.0,-999.0,0.0,19.0,9.0,14.0,-18.0,64.0,358.0,27.0,57.0,19.0,9.0,14.0,-18.0,39.0,81.0,41.0,-30.0,68.0,37.0,2.0,68.0,39.0,81.0,41.0,-30.0,37.0,81.0,34.0,-31.0,70.0,37.0,2.0,70.0,37.0,81.0,34.0,-31.0,29.0,60.0,35.0,-24.0,63.0,19.0,6.0,62.0,29.0,60.0,35.0,-24.0,45.0,81.0,56.0,-25.0,65.0,37.0,12.0,64.0,45.0,81.0,56.0,-25.0,44.0,6.0,9.0,11.0,161.0,245.0,35.0,50.0,119.0,243.0,13.0,9.0,22.0,67.0,319.0,128.0,400.0,408.9,9.8,8.8,9.0,9.0,2.48,27.446764,-999.0
SEA70,SEA69,SEA71,SEA,70,Nankai,137.0,33.1,137.8,30.5,134.2,40.9,345.0,4.3,333.0,-999.0,-999.0,-999.0,0.7,-999.0,-999.0,-999.0,1.3,-999.0,-999.0,-999.0,0.6,-999.0,-999.0,-999.0,1,-999,1,SS-C,-999,150.0,557.0,404.0,81.0,247.0,236.0,19.0,317.0,40.0,18.0,24.0,45.0,750.0,100.0,70.0,PHILIPPINE_SEA,Argus et al. (2011),AMUR,Argus et al. (2011),CHUBU,Nishimura et al. (2018),33.0,321.0,24.0,30.0,-999.0,57.0,300.0,45.0,41.0,29.0,276.0,69.0,10.0,1.0,112.0,67.0,1.0,56.0,300.0,45.0,40.0,28.0,276.0,69.0,-10.0,13.0,83.0,48.0,2.0,47.0,310.0,35.0,39.0,16.0,288.0,57.0,-9.0,12.0,90.0,52.0,3.0,47.0,307.0,38.0,38.0,17.0,281.0,64.0,-7.0,30.0,119.0,75.0,21.0,27.0,301.0,44.0,20.0,12.0,192.0,153.0,11.0,PHILIPPINE_SEA,Gripp & Gordon (2002),AMUR,Heki et al. (1999),-999,-999,47.0,312.0,38.0,37.0,10.0,47.0,312.0,38.0,37.0,-999.0,-999.0,-999.0,0.0,13.0,296.0,51.0,-8.0,60.0,304.0,41.0,45.0,13.0,296.0,51.0,-8.0,24.0,124.0,51.0,15.0,24.0,311.0,27.0,21.0,24.0,124.0,51.0,15.0,20.0,124.0,59.0,10.0,29.0,311.0,25.0,26.0,20.0,124.0,59.0,10.0,13.0,121.0,44.0,9.0,35.0,308.0,37.0,28.0,13.0,121.0,44.0,9.0,34.0,124.0,41.0,26.0,13.0,311.0,34.0,11.0,34.0,124.0,41.0,26.0,-999.0,30.0,-999.0,12.0,-999.0,160.0,-999.0,35.0,-999.0,132.0,-999.0,10.0,2.0,6.0,34.0,20.0,0.0,265.42,0.0,8.6,0.0,8.6,0.48,37.8663406,23.678442
SEA71,SEA70,SEA72,SEA,71,Suruga,138.5,34.1,138.6,31.4,138.1,42.2,357.5,3.7,-333.0,-999.0,-999.0,-999.0,0.0,-999.0,-999.0,-999.0,2.8,-999.0,-999.0,-999.0,0.0,-999.0,-999.0,-999.0,-999,-999,1,SS-C,-999,273.0,1201.0,1333.0,125.0,650.0,875.0,24.0,238.0,45.0,21.0,36.0,31.0,-999.0,100.0,-999.0,PHILIPPINE_SEA,Argus et al. (2011),AMUR,Argus et al. (2011),IZU,Nishimura (2011),18.0,350.0,7.0,18.0,-999.0,54.0,300.0,57.0,29.0,44.0,282.0,76.0,11.0,1.0,111.0,54.0,0.0,53.0,300.0,57.0,29.0,43.0,282.0,76.0,-11.0,13.0,82.0,35.0,-1.0,44.0,311.0,47.0,30.0,32.0,290.0,68.0,-12.0,12.0,90.0,40.0,1.0,44.0,308.0,50.0,29.0,33.0,286.0,72.0,-11.0,30.0,120.0,63.0,16.0,24.0,300.0,57.0,13.0,19.0,253.0,105.0,5.0,PHILIPPINE_SEA,Gripp & Gordon (2002),AMUR,Heki et al. (1999),-999,-999,37.0,312.0,40.0,28.0,-999.0,37.0,-999.0,40.0,28.0,-999.0,-999.0,-999.0,0.0,22.0,-999.0,67.0,-6.0,58.0,304.0,54.0,33.0,22.0,292.0,67.0,-6.0,-999.0,-999.0,-999.0,-999.0,-999.0,-999.0,-999.0,-999.0,-999.0,-999.0,-999.0,-999.0,-999.0,-999.0,-999.0,-999.0,-999.0,-999.0,-999.0,-999.0,-999.0,-999.0,-999.0,-999.0,-999.0,-999.0,-999.0,-999.0,-999.0,-999.0,-999.0,-999.0,-999.0,-999.0,-999.0,-999.0,-999.0,-999.0,-999.0,-999.0,-999.0,-999.0,-999.0,-999.0,26.0,139.0,39.0,20.0,-999.0,30.0,-999.0,12.0,-999.0,160.0,-999.0,35.0,-999.0,132.0,-999.0,10.0,-999.0,6.0,-999.0,20.0,-999.0,265.42,-999.0,8.6,-999.0,8.6,0.27,29.6595497,-999.0
SEA72,SEA71,SEA73,SEA,72,Sagami,140.0,34.7,139.4,32.0,141.9,42.6,10.0,2.4,-999.0,-999.0,-999.0,-999.0,-999.0,-999.0,0.0,-999.0,-999.0,-999.0,1.6,-999.0,-999.0,-999.0,-999.0,-999.0,-999,-999,1,SS,-999,354.0,1615.0,1919.0,104.0,573.0,753.0,-999.0,-999.0,-999.0,-999.0,-999.0,-999.0,-999.0,100.0,-999.0,PHILIPPINE_SEA,Argus et al. (2011),OKHOTSK,Argus et al. (2011),KANTO,Nishimura (2011),31.0,317.0,53.0,19.0,-999.0,48.0,306.0,64.0,21.0,18.0,286.0,84.0,2.0,7.0,244.0,173.0,4.0,51.0,299.0,71.0,17.0,23.0,275.0,95.0,2.0,6.0,97.0,37.0,0.0,42.0,310.0,60.0,21.0,12.0,290.0,80.0,-2.0,5.0,119.0,56.0,2.0,42.0,307.0,63.0,19.0,13.0,281.0,89.0,0.0,25.0,134.0,61.0,14.0,23.0,297.0,73.0,7.0,13.0,175.0,165.0,12.0,PHILIPPINE_SEA,Gripp & Gordon (2002),AMUR,Heki et al. (1999),-999,-999,26.0,-999.0,42.0,19.0,-999.0,26.0,-999.0,42.0,19.0,-999.0,-999.0,-999.0,0.0,31.0,-999.0,83.0,-4.0,55.0,303.0,67.0,22.0,31.0,287.0,83.0,-4.0,-999.0,-999.0,-999.0,-999.0,-999.0,-999.0,-999.0,-999.0,-999.0,-999.0,-999.0,-999.0,-999.0,-999.0,-999.0,-999.0,-999.0,-999.0,-999.0,-999.0,-999.0,-999.0,-999.0,-999.0,-999.0,-999.0,-999.0,-999.0,-999.0,-999.0,-999.0,-999.0,-999.0,-999.0,-999.0,-999.0,-999.0,-999.0,-999.0,-999.0,-999.0,-999.0,-999.0,-999.0,19.0,153.0,37.0,15.0,-999.0,30.0,-999.0,12.0,-999.0,160.0,-999.0,35.0,-999.0,132.0,-999.0,10.0,4.0,6.0,70.0,20.0,0.0,265.42,0.0,8.6,0.0,8.6,0.41,36.1468697,-999.0
SEA73,SEA72,SEA74,SEA,73,Izu-Bonin,142.1,33.0,145.3,33.4,132.7,31.4,260.9,9.2,220.0,-999.0,117.0,6.0,-999.0,-999.0,0.2,-999.0,-999.0,-999.0,0.2,-999.0,-999.0,-999.0,-999.0,-999.0,-999,2,2,E-SS,-999,234.0,1157.0,658.0,87.0,875.0,473.0,135.0,4072.0,107.0,49.0,24.0,47.0,400.0,670.0,448.0,PACIFIC,Argus et al. (2011),PHILIPPINE_SEA,Argus et al. (2011),IZU_BONIN_ARC,Nishimura (2011),55.0,279.0,18.0,53.0,33.0,47.0,278.0,17.0,45.0,8.0,101.0,160.0,-7.0,52.0,295.0,35.0,-43.0,99.0,287.0,26.0,88.0,45.0,298.0,37.0,-36.0,43.0,305.0,44.0,-31.0,88.0,291.0,30.0,76.0,36.0,310.0,49.0,-24.0,43.0,302.0,41.0,-32.0,89.0,290.0,29.0,78.0,36.0,307.0,46.0,-25.0,24.0,289.0,28.0,-21.0,71.0,282.0,21.0,67.0,17.0,293.0,32.0,-14.0,PACIFIC,Gripp & Gordon (2002),PHILIPPINE_SEA,Gripp & Gordon (2002),-999,-999,59.0,281.0,20.0,55.0,38.0,59.0,281.0,20.0,55.0,-999.0,-999.0,-999.0,0.0,59.0,305.0,44.0,-42.0,115.0,293.0,32.0,97.0,59.0,305.0,44.0,-42.0,23.0,309.0,57.0,-12.0,78.0,286.0,30.0,68.0,23.0,309.0,57.0,-12.0,28.0,309.0,60.0,-14.0,82.0,286.0,33.0,69.0,28.0,309.0,60.0,-14.0,33.0,308.0,47.0,-23.0,89.0,291.0,30.0,78.0,33.0,308.0,47.0,-23.0,12.0,309.0,48.0,-8.0,69.0,286.0,25.0,63.0,12.0,309.0,48.0,-8.0,27.0,15.0,16.0,10.0,82.0,113.0,44.0,45.0,62.0,104.0,27.0,20.0,12.0,54.0,176.0,127.0,0.16,20.23,7.5,8.0,6.5,7.9,0.08,60.0999985,-999.0
SEA74,SEA73,SEA75,SEA,74,Izu-Bonin,142.3,31.0,145.4,31.5,133.2,29.0,258.0,9.0,198.0,-999.0,117.0,6.0,0.3,-999.0,-999.0,-999.0,0.3,-999.0,0.4,-999.0,-999.0,-999.0,-999.0,-999.0,-999,2,2,E-SS,-999,118.0,244.0,196.0,55.0,91.0,41.0,138.0,4112.0,108.0,49.0,26.0,59.0,360.0,670.0,533.0,PACIFIC,Argus et al. (2011),PHILIPPINE_SEA,Argus et al. (2011),IZU_BONIN_ARC,Nishimura (2011),50.0,280.0,22.0,46.0,32.0,44.0,279.0,21.0,41.0,6.0,108.0,150.0,-5.0,56.0,294.0,36.0,-45.0,99.0,287.0,29.0,87.0,50.0,294.0,36.0,-41.0,46.0,302.0,44.0,-33.0,88.0,291.0,33.0,74.0,40.0,304.0,46.0,-28.0,46.0,300.0,42.0,-34.0,89.0,290.0,32.0,76.0,41.0,301.0,43.0,-30.0,28.0,286.0,28.0,-24.0,72.0,282.0,24.0,66.0,22.0,286.0,28.0,-20.0,PACIFIC,Gripp & Gordon (2002),PHILIPPINE_SEA,Gripp & Gordon (2002),-999,-999,56.0,282.0,24.0,51.0,40.0,56.0,282.0,24.0,51.0,-999.0,-999.0,-999.0,0.0,62.0,303.0,45.0,-44.0,116.0,293.0,35.0,95.0,62.0,303.0,45.0,-44.0,25.0,300.0,54.0,-15.0,79.0,286.0,33.0,66.0,25.0,300.0,54.0,-15.0,30.0,300.0,57.0,-16.0,83.0,286.0,35.0,68.0,30.0,300.0,57.0,-16.0,36.0,304.0,46.0,-25.0,91.0,291.0,33.0,76.0,36.0,304.0,46.0,-25.0,15.0,300.0,42.0,-11.0,70.0,286.0,28.0,62.0,15.0,300.0,42.0,-11.0,17.0,15.0,9.0,10.0,69.0,113.0,44.0,45.0,62.0,104.0,34.0,20.0,18.0,54.0,265.0,127.0,0.14,20.23,7.5,8.0,6.1,7.9,0.0,57.0583305,-999.0
SEA75,SEA74,SEA76,SEA,75,Izu-Bonin,142.9,29.0,145.9,29.8,134.3,26.2,252.3,8.9,219.0,-999.0,117.0,6.0,-999.0,-999.0,0.3,-999.0,-999.0,-999.0,0.3,-999.0,-999.0,-999.0,-999.0,-999.0,-999,2,2,SS-E,-999,111.0,226.0,239.0,40.0,76.0,60.0,142.0,3585.0,110.0,50.0,25.0,65.0,340.0,670.0,556.0,PACIFIC,Argus et al. (2011),PHILIPPINE_SEA,Argus et al. (2011),IZU_BONIN_ARC,Nishimura (2011),45.0,284.0,32.0,38.0,28.0,41.0,281.0,29.0,36.0,4.0,128.0,124.0,-2.0,59.0,292.0,39.0,-46.0,100.0,287.0,35.0,82.0,55.0,290.0,38.0,-44.0,48.0,300.0,47.0,-33.0,89.0,291.0,39.0,69.0,45.0,299.0,47.0,-31.0,49.0,297.0,45.0,-35.0,89.0,290.0,38.0,71.0,45.0,296.0,44.0,-33.0,31.0,283.0,31.0,-26.0,72.0,282.0,30.0,62.0,27.0,280.0,28.0,-24.0,PACIFIC,Gripp & Gordon (2002),PHILIPPINE_SEA,Gripp & Gordon (2002),-999,-999,53.0,284.0,32.0,45.0,37.0,53.0,284.0,32.0,45.0,-999.0,-999.0,-999.0,0.0,64.0,300.0,48.0,-43.0,116.0,293.0,41.0,88.0,64.0,300.0,48.0,-43.0,27.0,289.0,52.0,-17.0,79.0,286.0,39.0,62.0,27.0,289.0,52.0,-17.0,32.0,289.0,56.0,-18.0,83.0,286.0,41.0,63.0,32.0,289.0,56.0,-18.0,38.0,299.0,47.0,-26.0,91.0,291.0,38.0,71.0,38.0,299.0,47.0,-26.0,17.0,289.0,37.0,-14.0,70.0,286.0,33.0,59.0,17.0,289.0,37.0,-14.0,-999.0,15.0,-999.0,10.0,-999.0,113.0,-999.0,45.0,-999.0,104.0,-999.0,20.0,8.0,54.0,118.0,127.0,0.0,20.23,0.0,8.0,0.0,7.9,0.0,57.0583305,-999.0
SEA76,SEA75,SEA77,SEA,76,Izu-Bonin,143.3,27.0,146.3,26.9,134.2,27.0,272.0,8.8,228.0,-999.0,-999.0,-999.0,-999.0,-999.0,0.3,-999.0,-999.0,-999.0,0.3,-999.0,-999.0,-999.0,-999.0,-999.0,-999,2,2,SS-E,-999,340.0,1977.0,1870.0,94.0,1011.0,896.0,133.0,3434.0,106.0,48.0,26.0,67.0,320.0,670.0,582.0,PACIFIC,Argus et al. (2011),PHILIPPINE_SEA,Argus et al. (2011),IZU_BONIN_ARC,Nishimura (2011),40.0,287.0,15.0,38.0,29.0,39.0,283.0,11.0,38.0,3.0,168.0,104.0,-1.0,62.0,290.0,18.0,-59.0,100.0,287.0,15.0,97.0,61.0,288.0,16.0,-59.0,51.0,297.0,25.0,-46.0,89.0,291.0,19.0,84.0,49.0,295.0,23.0,-46.0,52.0,295.0,23.0,-47.0,90.0,290.0,18.0,85.0,50.0,292.0,20.0,-47.0,34.0,281.0,9.0,-33.0,72.0,282.0,10.0,71.0,33.0,277.0,5.0,-33.0,PACIFIC,Gripp & Gordon (2002),PHILIPPINE_SEA,Gripp & Gordon (2002),-999,-999,50.0,286.0,14.0,49.0,41.0,50.0,286.0,14.0,49.0,-999.0,-999.0,-999.0,0.0,67.0,298.0,26.0,-60.0,117.0,293.0,21.0,109.0,67.0,298.0,26.0,-60.0,30.0,286.0,27.0,-27.0,80.0,286.0,19.0,76.0,30.0,286.0,27.0,-27.0,34.0,286.0,32.0,-29.0,84.0,286.0,21.0,78.0,34.0,286.0,32.0,-29.0,41.0,297.0,25.0,-37.0,91.0,291.0,19.0,86.0,41.0,297.0,25.0,-37.0,20.0,286.0,14.0,-19.0,70.0,286.0,14.0,68.0,20.0,286.0,14.0,-19.0,-999.0,15.0,-999.0,10.0,-999.0,113.0,-999.0,45.0,-999.0,104.0,-999.0,20.0,5.0,54.0,73.0,127.0,0.0,20.23,0.0,8.0,0.0,7.9,0.0,57.0583305,-999.0
SEA77,SEA76,SEA78,SEA,77,Izu-Bonin,143.2,25.0,146.2,25.2,134.4,23.9,264.0,5.8,187.0,-999.0,124.0,8.0,-999.0,-999.0,0.3,-999.0,-999.0,-999.0,0.3,-999.0,-999.0,-999.0,-999.0,-999.0,-999,2,2,SS-C,-999,229.0,1165.0,1446.0,138.0,821.0,1076.0,136.0,3120.0,107.0,49.0,35.0,65.0,260.0,670.0,650.0,PACIFIC,Argus et al. (2011),PHILIPPINE_SEA,Argus et al. (2011),IZU_BONIN_ARC,Nishimura (2011),34.0,289.0,25.0,31.0,25.0,35.0,284.0,20.0,33.0,3.0,214.0,50.0,2.0,66.0,289.0,25.0,-59.0,101.0,287.0,23.0,93.0,67.0,286.0,22.0,-62.0,54.0,296.0,32.0,-46.0,89.0,291.0,27.0,79.0,55.0,292.0,28.0,-48.0,55.0,293.0,29.0,-48.0,90.0,290.0,26.0,81.0,55.0,202.0,26.0,-50.0,37.0,280.0,16.0,-36.0,72.0,282.0,18.0,69.0,38.0,276.0,12.0,-38.0,PACIFIC,Gripp & Gordon (2002),PHILIPPINE_SEA,Gripp & Gordon (2002),-999,-999,47.0,286.0,22.0,44.0,39.0,47.0,286.0,22.0,44.0,-999.0,-999.0,-999.0,0.0,71.0,298.0,34.0,-59.0,117.0,293.0,29.0,102.0,71.0,298.0,34.0,-59.0,-999.0,-999.0,-999.0,-999.0,-999.0,-999.0,-999.0,-999.0,-999.0,-999.0,-999.0,-999.0,-999.0,-999.0,-999.0,-999.0,-999.0,-999.0,-999.0,-999.0,-999.0,-999.0,-999.0,-999.0,-999.0,-999.0,-999.0,-999.0,-999.0,-999.0,-999.0,-999.0,-999.0,-999.0,-999.0,-999.0,-999.0,-999.0,-999.0,-999.0,-999.0,-999.0,-999.0,-999.0,24.0,288.0,24.0,-22.0,-999.0,15.0,-999.0,10.0,-999.0,113.0,-999.0,45.0,-999.0,104.0,-999.0,20.0,3.0,54.0,44.0,127.0,0.0,20.23,0.0,8.0,0.0,7.9,0.0,57.0583305,-999.0
SEA78,SEA77,SEA79,SEA,78,Mariana,145.1,23.0,147.2,24.9,139.1,17.2,225.3,7.0,200.0,-999.0,124.0,8.0,-999.0,-999.0,0.3,-999.0,-999.0,-999.0,0.3,-999.0,-999.0,-999.0,-999.0,-999.0,-999,2,2,E,-999,96.0,301.0,218.0,75.0,242.0,157.0,141.0,2942.0,109.0,50.0,30.0,63.0,280.0,900.0,350.0,PACIFIC,Argus et al. (2011),PHILIPPINE_SEA,Argus et al. (2011),MARIANA,Argus et al. (2011),41.0,268.0,42.0,30.0,24.0,33.0,291.0,66.0,14.0,17.0,36.0,171.0,-17.0,68.0,286.0,61.0,-33.0,101.0,288.0,63.0,47.0,64.0,301.0,75.0,-16.0,56.0,292.0,67.0,-22.0,89.0,292.0,67.0,35.0,54.0,310.0,85.0,-5.0,57.0,290.0,65.0,-24.0,90.0,290.0,65.0,38.0,55.0,307.0,82.0,-7.0,40.0,276.0,51.0,-25.0,72.0,283.0,58.0,39.0,35.0,301.0,76.0,-8.0,PACIFIC,Gripp & Gordon (2002),PHILIPPINE_SEA,Gripp & Gordon (2002),MARIANA,Martinez et al. (2000),44.0,292.0,67.0,18.0,15.0,44.0,292.0,67.0,17.0,-999.0,-999.0,-999.0,0.0,73.0,294.0,69.0,-27.0,117.0,293.0,68.0,44.0,73.0,294.0,69.0,-27.0,36.0,278.0,66.0,-15.0,80.0,286.0,66.0,33.0,36.0,278.0,66.0,-15.0,40.0,278.0,70.0,-14.0,84.0,286.0,68.0,32.0,40.0,278.0,70.0,-14.0,47.0,290.0,65.0,-20.0,91.0,291.0,66.0,38.0,47.0,290.0,65.0,-20.0,27.0,278.0,52.0,-16.0,70.0,286.0,61.0,34.0,27.0,278.0,52.0,-16.0,-999.0,31.0,-999.0,8.0,-999.0,114.0,-999.0,51.0,-999.0,93.0,-999.0,28.0,4.0,46.0,61.0,70.0,0.0,9.97,0.0,7.7,0.0,7.5,0.03,57.0583305,-999.0
SEA79,SEA78,SEA80,SEA,79,Mariana,146.9,21.0,149.3,22.5,140.0,16.2,235.0,7.1,204.0,-999.0,130.0,25.0,-999.0,-999.0,0.3,-999.0,-999.0,-999.0,0.3,-999.0,-999.0,-999.0,-999.0,-999.0,-999,2,2,E-SS,-999,203.0,1588.0,1048.0,89.0,935.0,719.0,145.0,4157.0,111.0,51.0,29.0,66.0,300.0,900.0,685.0,PACIFIC,Argus et al. (2011),PHILIPPINE_SEA,Argus et al. (2011),MARIANA,Argus et al. (2011),46.0,263.0,28.0,41.0,32.0,31.0,299.0,64.0,14.0,27.0,42.0,167.0,-26.0,71.0,284.0,49.0,-47.0,101.0,288.0,53.0,60.0,63.0,306.0,71.0,-20.0,58.0,289.0,54.0,-34.0,89.0,293.0,58.0,48.0,54.0,317.0,82.0,-7.0,59.0,287.0,52.0,-36.0,90.0,291.0,56.0,50.0,54.0,315.0,80.0,-10.0,43.0,273.0,38.0,-34.0,72.0,284.0,49.0,48.0,33.0,313.0,78.0,-7.0,PACIFIC,Gripp & Gordon (2002),PHILIPPINE_SEA,Gripp & Gordon (2002),MARIANA,Martinez et al. (2000),45.0,282.0,47.0,31.0,27.0,43.0,298.0,63.0,20.0,-999.0,-999.0,-999.0,-11.0,75.0,292.0,57.0,-41.0,118.0,294.0,59.0,61.0,74.0,298.0,63.0,-34.0,38.0,272.0,51.0,-24.0,81.0,287.0,57.0,44.0,37.0,272.0,63.0,-17.0,42.0,272.0,55.0,-24.0,85.0,287.0,59.0,44.0,41.0,287.0,66.0,-17.0,50.0,287.0,52.0,-31.0,92.0,292.0,57.0,51.0,48.0,296.0,61.0,-24.0,30.0,272.0,37.0,-24.0,71.0,287.0,52.0,44.0,27.0,287.0,52.0,-16.0,-999.0,31.0,-999.0,8.0,-999.0,114.0,-999.0,51.0,-999.0,93.0,-999.0,28.0,0.0,46.0,0.0,70.0,0.0,9.97,0.0,7.7,0.0,7.5,0.0,57.0583305,-999.0
SEA8,SEA7,SEA9,SEA,8,Sumatra,97.0,0.0,94.8,-1.5,103.7,4.5,56.0,5.3,299.0,-999.0,115.0,9.0,-999.0,-999.0,0.3,-999.0,-999.0,-999.0,2.5,-999.0,-999.0,-999.0,-999.0,-999.0,-999,1,1,SS,-999,81.0,535.0,391.0,37.0,298.0,222.0,43.0,1029.0,60.0,28.0,21.0,49.0,540.0,1200.0,268.0,CAPRICORN,Argus et al. (2011),SUNDA,Argus et al. (2011),SUMATRA FOREARC,Bradley et al. (2017),46.0,37.0,19.0,43.0,24.0,55.0,20.0,36.0,44.0,18.0,329.0,87.0,1.0,4.0,29.0,27.0,-3.0,58.0,20.0,36.0,47.0,20.0,338.0,78.0,-4.0,17.0,75.0,19.0,-16.0,66.0,32.0,24.0,60.0,21.0,21.0,35.0,-17.0,15.0,79.0,23.0,-14.0,64.0,32.0,24.0,58.0,19.0,19.0,37.0,-15.0,29.0,100.0,44.0,-21.0,66.0,46.0,10.0,65.0,22.0,63.0,7.0,-22.0,AUSTRALIA,Gripp & Gordon (2002),SUNDALAND,Chamot-Rooke et al. (1997),-999,-999,47.0,3.0,53.0,28.0,17.0,47.0,3.0,53.0,28.0,-999.0,-999.0,-999.0,0.0,19.0,8.0,48.0,-13.0,66.0,1.0,55.0,38.0,19.0,8.0,48.0,-13.0,37.0,81.0,11.0,-37.0,70.0,38.0,28.0,62.0,37.0,81.0,11.0,-37.0,36.0,81.0,3.0,-36.0,72.0,38.0,32.0,61.0,36.0,81.0,3.0,-36.0,28.0,59.0,3.0,-28.0,65.0,20.0,36.0,53.0,28.0,59.0,3.0,-28.0,43.0,81.0,25.0,-39.0,68.0,38.0,18.0,64.0,43.0,81.0,25.0,-39.0,19.0,36.0,16.0,20.0,181.0,207.0,43.0,53.0,164.0,174.0,10.0,11.0,16.0,121.0,233.0,294.0,0.83,517.67,8.0,8.8,7.1,8.8,0.59,30.8533783,-999.0
SEA80,SEA79,SEA81,SEA,80,Mariana,147.6,19.0,150.4,19.4,139.2,17.4,260.0,7.0,207.0,-999.0,130.0,25.0,-999.0,-999.0,0.3,-999.0,-999.0,-999.0,0.3,-999.0,-999.0,-999.0,-999.0,-999.0,-999,2,2,E-SS,-999,205.0,2179.0,1750.0,78.0,775.0,800.0,147.0,5355.0,112.0,51.0,31.0,66.0,280.0,900.0,685.0,PACIFIC,Argus et al. (2011),PHILIPPINE_SEA,Argus et al. (2011),MARIANA,Argus et al. (2011),51.0,263.0,3.0,51.0,40.0,29.0,304.0,44.0,21.0,35.0,49.0,149.0,-30.0,74.0,283.0,23.0,-68.0,101.0,289.0,29.0,89.0,60.0,311.0,51.0,-38.0,61.0,287.0,27.0,-54.0,89.0,293.0,33.0,75.0,52.0,323.0,63.0,-24.0,62.0,286.0,26.0,-56.0,90.0,291.0,31.0,77.0,51.0,320.0,60.0,-26.0,46.0,272.0,12.0,-45.0,72.0,284.0,24.0,66.0,31.0,321.0,61.0,-15.0,PACIFIC,Gripp & Gordon (2002),PHILIPPINE_SEA,Gripp & Gordon (2002),MARIANA,Martinez et al. (2000),47.0,274.0,14.0,46.0,40.0,40.0,302.0,42.0,30.0,-999.0,-999.0,-999.0,-16.0,79.0,290.0,30.0,-68.0,118.0,294.0,34.0,98.0,75.0,301.0,41.0,-57.0,43.0,270.0,23.0,-39.0,81.0,287.0,32.0,69.0,38.0,270.0,44.0,-27.0,46.0,270.0,27.0,-41.0,85.0,287.0,34.0,70.0,42.0,296.0,46.0,-29.0,54.0,284.0,24.0,-49.0,92.0,292.0,32.0,79.0,49.0,300.0,40.0,-37.0,34.0,270.0,10.0,-34.0,71.0,287.0,27.0,63.0,27.0,296.0,36.0,-22.0,60.0,31.0,15.0,8.0,132.0,114.0,62.0,51.0,85.0,93.0,33.0,28.0,10.0,46.0,146.0,70.0,0.08,9.97,7.3,7.7,6.0,7.5,0.06,57.0583305,-999.0
SEA81,SEA80,SEA82,SEA,81,Mariana,147.8,17.0,150.6,16.9,139.3,17.0,271.0,8.4,215.0,-999.0,130.0,25.0,-999.0,-999.0,1.5,-999.0,-999.0,-999.0,0.6,-999.0,-999.0,-999.0,0.6,-999.0,-999,2,2,E-SS,-999,224.0,1906.0,1216.0,67.0,1055.0,796.0,150.0,5670.0,113.0,51.0,27.0,67.0,280.0,900.0,600.0,PACIFIC,Argus et al. (2011),PHILIPPINE_SEA,Argus et al. (2011),MARIANA,Argus et al. (2011),56.0,263.0,8.0,55.0,43.0,27.0,309.0,38.0,21.0,42.0,56.0,145.0,-34.0,77.0,282.0,11.0,-76.0,101.0,289.0,18.0,97.0,57.0,314.0,43.0,-41.0,64.0,286.0,15.0,-62.0,89.0,293.0,22.0,83.0,49.0,327.0,56.0,-27.0,65.0,285.0,14.0,-63.0,90.0,291.0,20.0,84.0,49.0,325.0,54.0,-29.0,49.0,271.0,0.0,-49.0,72.0,284.0,13.0,70.0,29.0,330.0,59.0,-15.0,PACIFIC,Gripp & Gordon (2002),PHILIPPINE_SEA,Gripp & Gordon (2002),MARIANA,Martinez et al. (2000),59.0,272.0,1.0,59.0,51.0,37.0,305.0,34.0,31.0,-999.0,-999.0,-999.0,-28.0,82.0,289.0,18.0,-78.0,118.0,294.0,23.0,109.0,67.0,314.0,43.0,-46.0,46.0,271.0,11.0,-45.0,81.0,288.0,21.0,76.0,33.0,271.0,61.0,-16.0,49.0,271.0,15.0,-48.0,85.0,288.0,23.0,78.0,38.0,339.0,60.0,-19.0,57.0,284.0,13.0,-56.0,92.0,292.0,21.0,86.0,42.0,322.0,51.0,-27.0,37.0,271.0,0.0,-37.0,71.0,288.0,17.0,68.0,22.0,339.0,68.0,-8.0,-999.0,31.0,-999.0,8.0,-999.0,114.0,-999.0,51.0,-999.0,93.0,-999.0,28.0,2.0,46.0,29.0,70.0,0.0,9.97,0.0,7.7,0.0,7.5,0.02,49.6333351,37.0454445
SEA82,SEA81,SEA83,SEA,82,Mariana,147.5,15.0,150.1,14.1,139.5,17.5,289.2,8.5,228.0,-999.0,130.0,25.0,-999.0,-999.0,0.5,-999.0,-999.0,-999.0,0.4,-999.0,-999.0,-999.0,0.5,-999.0,-999,2,2,SS-E,-999,209.0,2263.0,1396.0,56.0,938.0,660.0,152.0,5815.0,113.0,52.0,29.0,65.0,280.0,900.0,598.0,PACIFIC,Argus et al. (2011),PHILIPPINE_SEA,Argus et al. (2011),MARIANA,Argus et al. (2011),60.0,264.0,25.0,55.0,43.0,24.0,313.0,23.0,22.0,48.0,62.0,133.0,-33.0,80.0,282.0,8.0,-80.0,101.0,289.0,1.0,101.0,53.0,317.0,28.0,-47.0,67.0,286.0,3.0,-67.0,89.0,293.0,4.0,89.0,46.0,332.0,43.0,-34.0,68.0,284.0,5.0,-68.0,90.0,291.0,2.0,89.0,46.0,329.0,40.0,-35.0,52.0,272.0,18.0,-50.0,72.0,284.0,5.0,71.0,26.0,338.0,49.0,-17.0,PACIFIC,Gripp & Gordon (2002),PHILIPPINE_SEA,Gripp & Gordon (2002),MARIANA,Martinez et al. (2000),72.0,273.0,16.0,69.0,60.0,34.0,308.0,19.0,32.0,-999.0,-999.0,-999.0,-37.0,86.0,289.0,0.0,-86.0,118.0,294.0,5.0,118.0,57.0,322.0,33.0,-48.0,50.0,272.0,7.0,-49.0,81.0,288.0,3.0,81.0,28.0,272.0,66.0,-11.0,53.0,272.0,3.0,-53.0,85.0,288.0,5.0,85.0,32.0,18.0,62.0,-15.0,60.0,284.0,5.0,-60.0,92.0,292.0,3.0,92.0,34.0,339.0,49.0,-22.0,40.0,272.0,17.0,-38.0,70.0,288.0,1.0,70.0,19.0,18.0,89.0,0.0,-999.0,31.0,-999.0,8.0,-999.0,114.0,-999.0,51.0,-999.0,93.0,-999.0,28.0,2.0,46.0,29.0,70.0,0.0,9.97,0.0,7.7,0.0,7.5,0.0,54.3187523,32.6275139
SEA83,SEA82,SEA84,SEA,83,Mariana,146.5,13.3,148.5,11.4,140.4,18.8,314.4,8.7,230.0,-999.0,130.0,25.0,-999.0,-999.0,0.5,-999.0,-999.0,-999.0,0.3,-999.0,-999.0,-999.0,-999.0,-999.0,-999,2,2,SS-E,-999,249.0,2437.0,1538.0,70.0,882.0,563.0,153.0,4576.0,114.0,52.0,29.0,65.0,270.0,900.0,487.0,PACIFIC,Argus et al. (2011),PHILIPPINE_SEA,Argus et al. (2011),MARIANA,Argus et al. (2011),64.0,266.0,48.0,43.0,34.0,21.0,314.0,0.0,21.0,53.0,69.0,115.0,-22.0,83.0,282.0,32.0,-70.0,101.0,288.0,26.0,91.0,48.0,318.0,4.0,-48.0,70.0,286.0,28.0,-62.0,89.0,293.0,22.0,82.0,42.0,335.0,21.0,-40.0,71.0,285.0,30.0,-61.0,89.0,291.0,23.0,82.0,41.0,332.0,18.0,-39.0,55.0,273.0,42.0,-41.0,71.0,284.0,31.0,61.0,22.0,346.0,32.0,-19.0,PACIFIC,Gripp & Gordon (2002),PHILIPPINE_SEA,Gripp & Gordon (2002),MARIANA,Martinez et al. (2000),84.0,275.0,39.0,65.0,57.0,31.0,309.0,5.0,31.0,-999.0,-999.0,-999.0,-34.0,89.0,288.0,26.0,-80.0,118.0,293.0,21.0,110.0,45.0,327.0,13.0,-44.0,53.0,271.0,33.0,-44.0,81.0,286.0,24.0,74.0,22.0,271.0,67.0,-8.0,56.0,271.0,30.0,-49.0,85.0,286.0,22.0,79.0,25.0,56.0,59.0,-13.0,63.0,283.0,32.0,-54.0,92.0,291.0,24.0,84.0,24.0,356.0,41.0,-18.0,44.0,271.0,43.0,-32.0,70.0,286.0,28.0,62.0,20.0,56.0,78.0,4.0,-999.0,31.0,-999.0,8.0,-999.0,114.0,-999.0,51.0,-999.0,93.0,-999.0,28.0,9.0,46.0,133.0,70.0,0.0,9.97,0.0,7.7,0.0,7.5,0.0,57.0583305,-999.0
SEA84,SEA83,SEA85,SEA,84,Mariana,144.5,12.0,145.6,9.5,141.0,19.4,335.9,9.6,-999.0,-999.0,-999.0,-999.0,-999.0,-999.0,0.5,-999.0,-999.0,-999.0,0.3,-999.0,-999.0,-999.0,-999.0,-999.0,-999,2,2,SS-E,-999,170.0,1399.0,885.0,33.0,485.0,379.0,150.0,2848.0,113.0,51.0,30.0,65.0,220.0,500.0,375.0,PACIFIC,Argus et al. (2011),PHILIPPINE_SEA,Argus et al. (2011),MARIANA,Argus et al. (2011),67.0,270.0,66.0,27.0,23.0,17.0,311.0,25.0,15.0,56.0,78.0,102.0,-12.0,86.0,283.0,53.0,-52.0,101.0,288.0,48.0,67.0,43.0,317.0,19.0,-40.0,73.0,288.0,48.0,-48.0,88.0,292.0,44.0,63.0,37.0,336.0,0.0,-37.0,73.0,286.0,50.0,-47.0,89.0,291.0,45.0,62.0,36.0,333.0,3.0,-35.0,57.0,275.0,61.0,-28.0,71.0,283.0,53.0,43.0,17.0,352.0,16.0,-16.0,PACIFIC,Gripp & Gordon (2002),PHILIPPINE_SEA,Gripp & Gordon (2002),MARIANA,Martinez et al. (2000),93.0,283.0,53.0,56.0,50.0,27.0,305.0,31.0,23.0,-999.0,-999.0,-999.0,-33.0,91.0,289.0,47.0,-62.0,117.0,293.0,43.0,86.0,31.0,328.0,8.0,-31.0,55.0,274.0,52.0,-33.0,80.0,286.0,45.0,57.0,19.0,274.0,84.0,-2.0,58.0,274.0,49.0,-38.0,84.0,286.0,43.0,62.0,19.0,91.0,70.0,-7.0,65.0,284.0,52.0,-40.0,91.0,291.0,45.0,64.0,14.0,26.0,50.0,-9.0,45.0,274.0,62.0,-21.0,69.0,286.0,50.0,45.0,25.0,91.0,65.0,10.0,-999.0,31.0,-999.0,8.0,-999.0,114.0,-999.0,51.0,-999.0,93.0,-999.0,28.0,8.0,46.0,118.0,70.0,0.0,9.97,0.0,7.7,0.0,7.5,0.06,57.0583305,-999.0
SEA85,SEA84,SEA86,SEA,85,Mariana,142.5,11.4,143.0,8.7,141.0,19.4,350.3,10.7,-999.0,-999.0,-999.0,-999.0,-999.0,-999.0,0.5,-999.0,-999.0,-999.0,0.3,-999.0,-999.0,-999.0,-999.0,-999.0,-999,2,2,Undefined,-999,110.0,484.0,555.0,66.0,394.0,329.0,148.0,918.0,112.0,51.0,32.0,58.0,200.0,400.0,204.0,PACIFIC,Argus et al. (2011),PHILIPPINE_SEA,Argus et al. (2011),-999,-999,14.0,303.0,47.0,9.0,7.0,14.0,303.0,47.0,9.0,-999.0,-999.0,-999.0,-999.0,87.0,285.0,66.0,-36.0,101.0,287.0,63.0,45.0,-999.0,-999.0,-999.0,-999.0,74.0,289.0,61.0,-36.0,88.0,291.0,59.0,45.0,-999.0,-999.0,-999.0,-999.0,75.0,287.0,63.0,-34.0,88.0,290.0,60.0,44.0,-999.0,-999.0,-999.0,-999.0,58.0,277.0,73.0,-17.0,71.0,282.0,68.0,26.0,-999.0,-999.0,-999.0,-999.0,PACIFIC,Gripp & Gordon (2002),PHILIPPINE_SEA,Gripp & Gordon (2002),-999,-999,24.0,300.0,50.0,15.0,13.0,24.0,300.0,50.0,15.0,-999.0,-999.0,-999.0,0.0,94.0,290.0,60.0,-47.0,117.0,292.0,58.0,62.0,94.0,290.0,60.0,-47.0,57.0,278.0,64.0,-25.0,80.0,285.0,60.0,40.0,57.0,278.0,64.0,-25.0,62.0,278.0,61.0,-30.0,85.0,285.0,58.0,45.0,62.0,278.0,61.0,-30.0,68.0,286.0,64.0,-30.0,91.0,290.0,61.0,45.0,68.0,286.0,64.0,-30.0,47.0,278.0,73.0,-14.0,69.0,285.0,65.0,29.0,47.0,278.0,73.0,-14.0,-999.0,31.0,-999.0,8.0,-999.0,114.0,-999.0,51.0,-999.0,93.0,-999.0,28.0,9.0,46.0,133.0,70.0,0.0,9.97,0.0,7.7,0.0,7.5,0.0,57.0583305,-999.0
SEA86,SEA85,SEA87,SEA,86,Mariana,140.5,10.8,140.5,8.1,140.3,18.9,359.0,5.6,-999.0,-999.0,-999.0,-999.0,-999.0,-999.0,0.5,-999.0,-999.0,-999.0,0.3,-999.0,-999.0,-999.0,-999.0,-999.0,-999,2,2,Undefined,-999,312.0,1247.0,1421.0,91.0,638.0,309.0,145.0,-999.0,111.0,51.0,-999.0,-999.0,180.0,350.0,160.0,PACIFIC,Argus et al. (2011),PHILIPPINE_SEA,Argus et al. (2011),-999,-999,11.0,291.0,68.0,4.0,-999.0,11.0,291.0,68.0,4.0,-999.0,-999.0,-999.0,-999.0,89.0,286.0,73.0,-26.0,100.0,286.0,73.0,30.0,-999.0,-999.0,-999.0,-999.0,76.0,290.0,69.0,-28.0,87.0,291.0,68.0,32.0,-999.0,-999.0,-999.0,-999.0,77.0,289.0,70.0,-26.0,88.0,289.0,70.0,30.0,-999.0,-999.0,-999.0,-999.0,59.0,280.0,79.0,-11.0,71.0,281.0,78.0,15.0,-999.0,-999.0,-999.0,-999.0,PACIFIC,Gripp & Gordon (2002),PHILIPPINE_SEA,Gripp & Gordon (2002),-999,-999,21.0,292.0,67.0,8.0,6.0,21.0,292.0,67.0,8.0,-999.0,-999.0,-999.0,0.0,96.0,292.0,67.0,-38.0,117.0,292.0,67.0,46.0,96.0,292.0,67.0,-38.0,59.0,282.0,70.0,-21.0,80.0,285.0,69.0,29.0,59.0,282.0,70.0,-21.0,64.0,282.0,67.0,-25.0,85.0,285.0,67.0,33.0,64.0,282.0,67.0,-25.0,70.0,289.0,70.0,-24.0,91.0,290.0,69.0,32.0,70.0,289.0,70.0,-24.0,48.0,282.0,77.0,-11.0,69.0,285.0,74.0,19.0,48.0,282.0,77.0,-11.0,-999.0,31.0,-999.0,8.0,-999.0,114.0,-999.0,51.0,-999.0,93.0,-999.0,28.0,2.0,46.0,29.0,70.0,0.0,9.97,0.0,7.7,0.0,7.5,0.0,57.0583305,-999.0
SEA87,SEA86,SEA88,SEA,87,Yap,138.6,10.0,141.2,9.1,130.8,12.7,290.0,7.7,-999.0,-999.0,-999.0,-999.0,0.2,-999.0,-999.0,-999.0,0.2,-999.0,-999.0,-999.0,-999.0,-999.0,-999.0,-999.0,2,-999,2,Neutral,-999,-999.0,-999.0,-999.0,-999.0,-999.0,-999.0,143.0,-999.0,110.0,50.0,-999.0,-999.0,-999.0,100.0,50.0,PACIFIC,Argus et al. (2011),PHILIPPINE_SEA,Argus et al. (2011),-999,-999,9.0,275.0,15.0,9.0,-999.0,9.0,275.0,15.0,9.0,0.0,-999.0,-999.0,0.0,91.0,287.0,3.0,-91.0,100.0,286.0,4.0,100.0,91.0,287.0,3.0,-91.0,78.0,292.0,2.0,-78.0,87.0,290.0,0.0,87.0,78.0,292.0,2.0,-78.0,79.0,290.0,0.0,-79.0,88.0,288.0,2.0,88.0,79.0,290.0,0.0,-79.0,61.0,282.0,8.0,-60.0,70.0,281.0,9.0,69.0,61.0,282.0,8.0,-60.0,PACIFIC,Gripp & Gordon (2002),PHILIPPINE_SEA,Gripp & Gordon (2002),-999,-999,4.0,319.0,29.0,4.0,-999.0,4.0,319.0,29.0,4.0,-999.0,-999.0,-999.0,0.0,97.0,293.0,3.0,-97.0,100.0,294.0,4.0,100.0,97.0,293.0,3.0,-97.0,60.0,285.0,2.0,-60.0,63.0,287.0,3.0,63.0,60.0,285.0,2.0,-60.0,65.0,285.0,4.0,-65.0,68.0,287.0,5.0,68.0,65.0,285.0,4.0,-65.0,71.0,291.0,1.0,-71.0,74.0,292.0,2.0,74.0,71.0,291.0,1.0,-71.0,49.0,285.0,5.0,-49.0,52.0,287.0,3.0,52.0,49.0,285.0,5.0,-49.0,-999.0,-999.0,-999.0,-999.0,-999.0,-999.0,-999.0,-999.0,-999.0,-999.0,-999.0,-999.0,1.0,4.0,15.0,19.0,0.0,4.7,0.0,7.8,0.0,7.7,0.0,60.0999985,-999.0
SEA88,SEA87,SEA89,SEA,88,Yap,138.0,8.6,140.2,7.0,131.2,13.1,305.0,7.9,-999.0,-999.0,-999.0,-999.0,-999.0,-999.0,0.2,-999.0,-999.0,-999.0,0.2,-999.0,-999.0,-999.0,-999.0,-999.0,-999,2,2,Neutral,-999,-999.0,-999.0,-999.0,-999.0,-999.0,-999.0,145.0,-999.0,111.0,50.0,-999.0,-999.0,-999.0,100.0,79.0,CAROLINE,Argus et al. (2011),PHILIPPINE_SEA,Argus et al. (2011),-999,-999,6.0,328.0,23.0,6.0,-999.0,6.0,328.0,23.0,6.0,0.0,-999.0,-999.0,0.0,93.0,287.0,18.0,-88.0,98.0,289.0,16.0,94.0,93.0,287.0,18.0,-88.0,80.0,292.0,13.0,-78.0,85.0,294.0,11.0,84.0,80.0,292.0,13.0,-78.0,81.0,290.0,15.0,-78.0,86.0,293.0,12.0,84.0,81.0,290.0,15.0,-78.0,63.0,282.0,23.0,-58.0,67.0,286.0,19.0,64.0,63.0,282.0,23.0,-58.0,PACIFIC,Gripp & Gordon (2002),PHILIPPINE_SEA,Gripp & Gordon (2002),-999,-999,3.0,328.0,23.0,3.0,2.0,3.0,328.0,23.0,3.0,-999.0,-999.0,-999.0,0.0,95.0,293.0,12.0,-93.0,98.0,294.0,11.0,96.0,95.0,293.0,12.0,-93.0,58.0,285.0,13.0,-56.0,61.0,287.0,12.0,60.0,58.0,285.0,13.0,-56.0,63.0,285.0,11.0,-62.0,66.0,287.0,10.0,65.0,63.0,285.0,11.0,-62.0,69.0,291.0,14.0,-67.0,72.0,292.0,13.0,70.0,69.0,291.0,14.0,-67.0,47.0,285.0,20.0,-44.0,50.0,287.0,18.0,47.0,47.0,285.0,20.0,-44.0,-999.0,-999.0,-999.0,-999.0,-999.0,-999.0,-999.0,-999.0,-999.0,-999.0,-999.0,-999.0,2.0,4.0,29.0,19.0,0.0,4.7,0.0,7.8,0.0,7.7,0.0,60.0999985,-999.0
SEA89,SEA88,SEA90,SEA,89,Yap,136.0,7.3,136.1,4.6,135.7,15.4,358.0,6.2,-999.0,-999.0,-999.0,-999.0,-999.0,-999.0,0.2,-999.0,-999.0,-999.0,0.2,-999.0,-999.0,-999.0,-999.0,-999.0,-999,2,2,Neutral,-999,-999.0,-999.0,-999.0,-999.0,-999.0,-999.0,45.0,-999.0,62.0,28.0,-999.0,-999.0,-999.0,100.0,51.0,CAROLINE,Argus et al. (2011),PHILIPPINE_SEA,Argus et al. (2011),-999,-999,3.0,329.0,29.0,3.0,-999.0,3.0,329.0,29.0,3.0,0.0,-999.0,-999.0,0.0,96.0,288.0,70.0,-33.0,98.0,289.0,69.0,35.0,96.0,288.0,70.0,-33.0,83.0,293.0,65.0,-34.0,85.0,294.0,64.0,37.0,83.0,293.0,65.0,-34.0,83.0,291.0,67.0,-33.0,86.0,292.0,66.0,35.0,83.0,291.0,67.0,-33.0,65.0,284.0,74.0,-18.0,67.0,285.0,73.0,20.0,65.0,284.0,74.0,-18.0,PACIFIC,Gripp & Gordon (2002),PHILIPPINE_SEA,Gripp & Gordon (2002),-999,-999,2.0,329.0,56.0,2.0,-999.0,2.0,329.0,56.0,2.0,-999.0,-999.0,-999.0,0.0,102.0,294.0,64.0,-45.0,104.0,295.0,63.0,47.0,102.0,294.0,64.0,-45.0,66.0,288.0,65.0,-28.0,68.0,290.0,63.0,31.0,66.0,288.0,65.0,-28.0,70.0,288.0,62.0,-33.0,72.0,290.0,61.0,35.0,70.0,288.0,62.0,-33.0,76.0,292.0,66.0,-31.0,78.0,294.0,64.0,34.0,76.0,292.0,66.0,-31.0,54.0,288.0,70.0,-18.0,56.0,290.0,68.0,21.0,54.0,288.0,70.0,-18.0,-999.0,-999.0,-999.0,-999.0,-999.0,-999.0,-999.0,-999.0,-999.0,-999.0,-999.0,-999.0,0.0,4.0,0.0,19.0,0.0,4.7,0.0,7.8,0.0,7.7,0.0,60.0999985,-999.0
SEA9,SEA8,SEA10,SEA,9,Sumatra,98.1,-2.0,96.1,-3.8,104.0,3.5,47.3,5.6,308.0,-999.0,95.0,9.0,0.1,-999.0,-999.0,-999.0,0.8,-999.0,-999.0,-999.0,-999.0,-999.0,-999.0,-999.0,-999,1,1,SS,-999,73.0,487.0,521.0,15.0,131.0,203.0,61.0,1756.0,72.0,33.0,23.0,54.0,540.0,1200.0,230.0,CAPRICORN,Argus et al. (2011),SUNDA,Argus et al. (2011),SUMATRA FOREARC,Bradley et al. (2017),49.0,39.0,9.0,48.0,29.0,56.0,21.0,26.0,50.0,18.0,323.0,84.0,2.0,3.0,25.0,22.0,-3.0,59.0,21.0,26.0,53.0,19.0,332.0,76.0,-5.0,17.0,75.0,28.0,-15.0,67.0,33.0,15.0,65.0,19.0,17.0,30.0,-17.0,15.0,79.0,32.0,-13.0,65.0,32.0,15.0,63.0,17.0,14.0,33.0,-15.0,28.0,101.0,54.0,-17.0,67.0,46.0,2.0,67.0,19.0,64.0,16.0,-19.0,AUSTRALIA,Gripp & Gordon (2002),SUNDALAND,Chamot-Rooke et al. (1997),-999,-999,49.0,6.0,41.0,37.0,25.0,49.0,6.0,41.0,37.0,-999.0,-999.0,-999.0,0.0,19.0,7.0,40.0,-15.0,67.0,1.0,46.0,46.0,19.0,7.0,40.0,-15.0,36.0,82.0,19.0,-34.0,70.0,37.0,20.0,66.0,36.0,82.0,19.0,-34.0,35.0,82.0,11.0,-35.0,73.0,37.0,24.0,67.0,35.0,82.0,11.0,-35.0,28.0,60.0,13.0,-27.0,66.0,20.0,27.0,59.0,28.0,60.0,13.0,-27.0,43.0,82.0,35.0,-35.0,68.0,37.0,10.0,67.0,43.0,82.0,35.0,-35.0,61.0,36.0,20.0,20.0,203.0,207.0,54.0,53.0,147.0,174.0,14.0,11.0,11.0,121.0,159.0,294.0,0.55,517.67,7.9,8.8,7.0,8.8,0.08,45.6624985,-999.0
SEA90,SEA89,,SEA,90,Palau,134.5,6.8,136.4,4.9,128.6,12.5,315.0,6.9,-999.0,-999.0,-999.0,-999.0,-999.0,-999.0,0.2,-999.0,-999.0,-999.0,0.2,-999.0,-999.0,-999.0,-999.0,-999.0,-999,2,2,Neutral,-999,-999.0,-999.0,-999.0,-999.0,-999.0,-999.0,30.0,-999.0,50.0,23.0,-999.0,-999.0,-999.0,350.0,55.0,CAROLINE,Argus et al. (2011),PHILIPPINE_SEA,Argus et al. (2011),-999,-999,1.0,302.0,13.0,1.0,-999.0,1.0,302.0,13.0,1.0,0.0,-999.0,-999.0,0.0,97.0,289.0,26.0,-87.0,98.0,289.0,26.0,88.0,97.0,289.0,26.0,-87.0,84.0,293.0,22.0,-78.0,85.0,294.0,21.0,79.0,84.0,293.0,22.0,-78.0,85.0,292.0,23.0,-78.0,86.0,292.0,23.0,79.0,85.0,292.0,23.0,-78.0,66.0,285.0,30.0,-58.0,67.0,285.0,30.0,59.0,66.0,285.0,30.0,-58.0,PACIFIC,Gripp & Gordon (2002),PHILIPPINE_SEA,Gripp & Gordon (2002),-999,-999,1.0,296.0,23.0,1.0,-999.0,1.0,296.0,23.0,1.0,-999.0,-999.0,-999.0,0.0,104.0,294.0,21.0,-97.0,105.0,294.0,21.0,98.0,104.0,294.0,21.0,-97.0,68.0,288.0,21.0,-63.0,69.0,288.0,21.0,64.0,68.0,288.0,21.0,-63.0,73.0,288.0,19.0,-69.0,74.0,288.0,19.0,70.0,73.0,288.0,19.0,-69.0,79.0,292.0,23.0,-73.0,80.0,292.0,23.0,74.0,79.0,292.0,23.0,-73.0,57.0,288.0,27.0,-51.0,58.0,288.0,27.0,51.0,57.0,288.0,27.0,-51.0,-999.0,-999.0,-999.0,-999.0,-999.0,-999.0,-999.0,-999.0,-999.0,-999.0,-999.0,-999.0,0.0,0.0,0.0,0.0,0.0,0.0,0.0,6.1,0.0,5.7,0.0,60.0999985,-999.0
SWP1,,SWP2,SWP,1,New Britain,148.0,-7.3,147.5,-10.0,149.4,0.7,10.0,3.9,180.0,-999.0,-999.0,-999.0,-999.0,-999.0,-999.0,-999.0,2.5,-999.0,-999.0,-999.0,-999.0,-999.0,-999.0,-999.0,-999,1,2,SS-E,-999,474.0,1425.0,2807.0,253.0,423.0,989.0,30.0,-999.0,50.0,23.0,-999.0,70.0,220.0,670.0,604.0,SOLOMON_SEA,Argus et al. (2011),NORTH_BISMARCK,Argus et al. (2011),SOUTH_BISMARCK,Argus et al. (2011),58.0,20.0,10.0,57.0,45.0,80.0,65.0,55.0,45.0,57.0,113.0,103.0,-13.0,94.0,294.0,76.0,-23.0,72.0,350.0,20.0,68.0,37.0,296.0,74.0,-10.0,81.0,300.0,70.0,-28.0,74.0,1.0,9.0,73.0,26.0,315.0,55.0,-15.0,82.0,298.0,72.0,-26.0,72.0,0.0,10.0,71.0,26.0,311.0,59.0,-13.0,63.0,292.0,78.0,-13.0,58.0,13.0,3.0,58.0,7.0,285.0,85.0,-1.0,WOODLARK,Tregoning et al. (1998),NORTH_BISMARCK,Tregoning (2002),SOUTH_BISMARCK,Tregoning et al. (1998); Tregoning et al. (1999),67.0,25.0,15.0,65.0,56.0,86.0,66.0,56.0,48.0,-999.0,-999.0,-999.0,-17.0,109.0,300.0,70.0,-38.0,92.0,350.0,20.0,86.0,52.0,305.0,65.0,-22.0,74.0,297.0,70.0,-25.0,74.0,20.0,1.0,74.0,17.0,297.0,55.0,-10.0,79.0,297.0,69.0,-29.0,78.0,20.0,2.0,78.0,23.0,317.0,54.0,-13.0,84.0,299.0,71.0,-27.0,77.0,4.0,6.0,76.0,27.0,307.0,63.0,-12.0,61.0,297.0,73.0,-18.0,68.0,20.0,10.0,67.0,4.0,317.0,53.0,-2.0,75.0,27.0,17.0,17.0,154.0,139.0,64.0,63.0,91.0,121.0,31.0,22.0,43.0,202.0,625.0,810.0,3.7,106.9,8.4,8.7,7.3,8.1,0.14,30.8533783,-999.0
SWP10,SWP9,SWP11,SWP,10,New Hebrides,165.7,-12.0,163.2,-13.1,173.2,-8.6,66.0,8.7,-999.0,-999.0,-999.0,-999.0,-999.0,-999.0,1.0,-999.0,-999.0,-999.0,0.3,-999.0,-999.0,-999.0,-999.0,-999.0,-999,2,2,Undefined,-999,112.0,734.0,723.0,61.0,345.0,340.0,40.0,2857.0,58.0,27.0,41.0,66.0,120.0,670.0,350.0,AUSTRALIA,Argus et al. (2011),PACIFIC,Argus et al. (2011),-999,-999,93.0,77.0,11.0,91.0,81.0,93.0,77.0,11.0,91.0,-999.0,-999.0,-999.0,-999.0,95.0,295.0,131.0,63.0,61.0,4.0,62.0,28.0,95.0,295.0,131.0,63.0,83.0,300.0,126.0,49.0,65.0,16.0,50.0,42.0,83.0,300.0,126.0,49.0,83.0,299.0,127.0,50.0,64.0,16.0,50.0,41.0,83.0,299.0,127.0,50.0,64.0,293.0,133.0,44.0,56.0,34.0,32.0,47.0,64.0,293.0,133.0,44.0,AUSTRALIA,Gripp & Gordon (2002),PACIFIC,Gripp & Gordon (2002),NEW_HEBRIDES,Pelletier et al. (1998); Zellmer and Taylor (2001),163.0,62.0,4.0,163.0,151.0,90.0,142.0,14.0,87.0,-999.0,-999.0,-999.0,-75.0,112.0,299.0,53.0,67.0,71.0,353.0,73.0,21.0,154.0,268.0,20.0,145.0,76.0,295.0,51.0,48.0,55.0,37.0,43.0,40.0,126.0,295.0,13.0,123.0,81.0,295.0,52.0,50.0,57.0,37.0,48.0,39.0,129.0,254.0,14.0,125.0,86.0,297.0,51.0,54.0,57.0,13.0,53.0,34.0,134.0,261.0,15.0,129.0,63.0,295.0,49.0,41.0,54.0,37.0,29.0,47.0,118.0,254.0,8.0,117.0,10.0,3.0,4.0,10.0,91.0,87.0,52.0,64.0,94.0,100.0,31.0,33.0,29.0,70.0,423.0,399.0,11.0,31.04,8.7,8.4,7.7,7.7,0.22,57.0583305,-999.0
SWP11,SWP10,SWP12,SWP,11,New Hebrides,166.2,-14.0,163.4,-14.3,174.4,-12.9,83.0,6.1,152.0,-999.0,140.0,30.0,-999.0,-999.0,0.4,-999.0,-999.0,-999.0,1.4,-999.0,-999.0,-999.0,1.4,-999.0,-999,2,2,SS-C,-999,131.0,955.0,1194.0,46.0,404.0,469.0,55.0,1770.0,68.0,31.0,42.0,70.0,140.0,670.0,670.0,AUSTRALIA,Argus et al. (2011),NEW_HEBRIDES,Argus et al. (2011),N-NEW_HEBRIDES,Bergeot et al. (2009),72.0,27.0,56.0,40.0,36.0,93.0,83.0,0.0,93.0,80.0,131.0,48.0,53.0,103.0,298.0,145.0,84.0,60.0,2.0,81.0,10.0,30.0,263.0,180.0,30.0,92.0,304.0,139.0,69.0,65.0,15.0,68.0,24.0,16.0,264.0,179.0,16.0,92.0,303.0,140.0,70.0,63.0,14.0,69.0,23.0,17.0,259.0,176.0,17.0,72.0,299.0,144.0,59.0,54.0,33.0,50.0,35.0,19.0,190.0,107.0,5.0,AUSTRALIA,Gripp & Gordon (2002),PACIFIC,Gripp & Gordon (2002),NEW_HEBRIDES,Pelletier et al. (1998); Zellmer and Taylor (2001),105.0,73.0,10.0,103.0,98.0,88.0,137.0,3.0,88.0,-999.0,-999.0,-999.0,-16.0,112.0,299.0,36.0,91.0,71.0,351.0,88.0,-3.0,118.0,290.0,27.0,105.0,76.0,295.0,34.0,63.0,54.0,34.0,62.0,25.0,83.0,295.0,21.0,78.0,81.0,295.0,35.0,67.0,56.0,34.0,67.0,22.0,88.0,281.0,23.0,81.0,87.0,297.0,34.0,72.0,57.0,10.0,73.0,16.0,94.0,286.0,23.0,86.0,64.0,295.0,32.0,54.0,52.0,34.0,49.0,34.0,72.0,281.0,18.0,69.0,22.0,3.0,18.0,10.0,68.0,87.0,66.0,64.0,67.0,100.0,46.0,33.0,33.0,70.0,481.0,399.0,1.1,31.04,8.1,8.4,7.1,7.7,0.09,37.8571396,29.6606941
SWP12,SWP11,SWP13,SWP,12,New Hebrides,166.6,-16.0,164.1,-17.2,174.0,-12.3,64.0,4.9,145.0,-999.0,140.0,30.0,2.0,-999.0,-999.0,-999.0,-999.0,-999.0,1.8,-999.0,-999.0,-999.0,1.6,-999.0,-999,2,2,C-SS,-999,133.0,1156.0,832.0,55.0,637.0,433.0,46.0,1566.0,62.0,28.0,35.0,65.0,180.0,670.0,659.0,AUSTRALIA,Argus et al. (2011),NEW_HEBRIDES,Argus et al. (2011),C-NEW_HEBRIDES,Bergeot et al. (2009),48.0,77.0,13.0,46.0,39.0,101.0,83.0,19.0,96.0,54.0,87.0,23.0,49.0,110.0,295.0,129.0,69.0,60.0,1.0,63.0,27.0,68.0,317.0,107.0,19.0,98.0,300.0,124.0,55.0,64.0,13.0,51.0,40.0,61.0,329.0,95.0,6.0,99.0,299.0,125.0,57.0,62.0,13.0,51.0,39.0,60.0,327.0,97.0,7.0,79.0,294.0,130.0,51.0,53.0,31.0,33.0,45.0,40.0,332.0,92.0,2.0,AUSTRALIA,Gripp & Gordon (2002),PACIFIC,Gripp & Gordon (2002),NEW_HEBRIDES,Pelletier et al. (1998); Zellmer and Taylor (2001),40.0,-999.0,11.0,38.0,35.0,85.0,-999.0,16.0,82.0,-999.0,-999.0,-999.0,44.0,110.0,-999.0,56.0,62.0,71.0,350.0,74.0,20.0,83.0,321.0,77.0,19.0,-999.0,-999.0,-999.0,-999.0,-999.0,-999.0,-999.0,-999.0,-999.0,-999.0,-999.0,-999.0,-999.0,-999.0,-999.0,-999.0,-999.0,-999.0,-999.0,-999.0,-999.0,-999.0,-999.0,-999.0,-999.0,-999.0,-999.0,-999.0,-999.0,-999.0,-999.0,-999.0,-999.0,-999.0,-999.0,-999.0,-999.0,-999.0,-999.0,-999.0,-999.0,-999.0,-999.0,-999.0,40.0,342.0,82.0,5.0,5.0,20.0,17.0,14.0,87.0,87.0,40.0,42.0,86.0,72.0,16.0,22.0,13.0,80.0,191.0,548.0,0.48,17.65,7.8,8.3,6.9,7.6,0.07,34.046524,27.6416836
SWP13,SWP12,SWP14,SWP,13,New Hebrides,167.4,-18.0,164.6,-18.4,175.8,-16.7,81.5,6.8,127.0,-999.0,140.0,30.0,-999.0,-999.0,0.2,-999.0,-999.0,-999.0,0.4,-999.0,-999.0,-999.0,1.6,-999.0,-999,2,2,SS-E,-999,123.0,873.0,516.0,54.0,404.0,313.0,38.0,3366.0,57.0,26.0,42.0,64.0,160.0,670.0,604.0,AUSTRALIA,Argus et al. (2011),NEW_HEBRIDES,Argus et al. (2011),S-NEW_HEBRIDES,Bergeot et al. (2009),114.0,78.0,4.0,113.0,95.0,109.0,81.0,0.0,109.0,9.0,204.0,122.0,-5.0,117.0,292.0,150.0,101.0,59.0,359.0,82.0,8.0,117.0,287.0,154.0,106.0,105.0,296.0,146.0,87.0,63.0,12.0,70.0,22.0,105.0,291.0,151.0,92.0,105.0,295.0,147.0,88.0,61.0,11.0,70.0,21.0,105.0,290.0,152.0,93.0,87.0,289.0,152.0,77.0,52.0,30.0,52.0,32.0,88.0,284.0,158.0,81.0,AUSTRALIA,Gripp & Gordon (2002),PACIFIC,Gripp & Gordon (2002),NEW_HEBRIDES,Pelletier et al. (1998); Zellmer and Taylor (2001),100.0,60.0,32.0,85.0,77.0,82.0,127.0,2.0,82.0,-999.0,-999.0,-999.0,-3.0,109.0,300.0,39.0,85.0,71.0,349.0,88.0,-3.0,102.0,281.0,20.0,96.0,74.0,297.0,37.0,59.0,52.0,31.0,64.0,23.0,71.0,297.0,8.0,70.0,79.0,297.0,37.0,63.0,55.0,31.0,69.0,19.0,75.0,263.0,11.0,74.0,84.0,299.0,37.0,67.0,56.0,7.0,74.0,15.0,79.0,274.0,12.0,78.0,61.0,297.0,35.0,50.0,50.0,31.0,50.0,32.0,61.0,263.0,2.0,61.0,35.0,20.0,14.0,14.0,86.0,87.0,42.0,42.0,58.0,72.0,29.0,22.0,65.0,80.0,944.0,548.0,2.9,17.65,8.4,8.3,7.2,7.6,0.1,54.3187523,13.6335983
SWP14,SWP13,SWP15,SWP,14,New Hebrides,168.2,-20.0,165.7,-21.3,175.6,-15.9,61.4,6.2,145.0,-999.0,140.0,30.0,-999.0,-999.0,0.2,-999.0,-999.0,-999.0,0.4,-999.0,-999.0,-999.0,-999.0,-999.0,-999,2,2,E,-999,170.0,987.0,1468.0,73.0,460.0,721.0,32.0,3835.0,52.0,24.0,40.0,66.0,160.0,670.0,604.0,AUSTRALIA,Argus et al. (2011),NEW_HEBRIDES,Argus et al. (2011),S-NEW_HEBRIDES,Bergeot et al. (2009),158.0,75.0,14.0,154.0,129.0,117.0,80.0,19.0,110.0,44.0,241.0,180.0,-44.0,124.0,288.0,133.0,84.0,59.0,357.0,64.0,26.0,157.0,277.0,145.0,128.0,112.0,292.0,130.0,71.0,62.0,10.0,51.0,39.0,144.0,278.0,143.0,115.0,112.0,291.0,131.0,73.0,60.0,10.0,52.0,37.0,144.0,277.0,144.0,117.0,94.0,285.0,136.0,68.0,51.0,28.0,33.0,42.0,129.0,272.0,150.0,112.0,AUSTRALIA,Gripp & Gordon (2002),PACIFIC,Gripp & Gordon (2002),NEW_HEBRIDES,Pelletier et al. (1998); Zellmer and Taylor (2001),120.0,62.0,1.0,120.0,106.0,78.0,122.0,17.0,75.0,-999.0,-999.0,-999.0,-46.0,108.0,301.0,58.0,57.0,71.0,347.0,76.0,18.0,121.0,276.0,33.0,101.0,73.0,299.0,58.0,39.0,51.0,29.0,47.0,35.0,92.0,299.0,24.0,83.0,78.0,299.0,59.0,40.0,54.0,29.0,52.0,33.0,95.0,260.0,26.0,85.0,83.0,300.0,58.0,43.0,55.0,5.0,56.0,30.0,100.0,269.0,28.0,88.0,60.0,299.0,57.0,33.0,49.0,29.0,32.0,41.0,82.0,260.0,19.0,78.0,41.0,29.0,10.0,10.0,102.0,100.0,53.0,53.0,75.0,83.0,35.0,31.0,36.0,143.0,532.0,583.0,0.39,37.35,7.8,8.4,6.5,7.9,0.12,54.3187523,-999.0
SWP15,SWP14,SWP16,SWP,15,New Hebrides,169.5,-22.0,167.4,-23.9,175.4,-16.2,44.6,6.1,154.0,-999.0,140.0,30.0,-999.0,-999.0,0.2,-999.0,-999.0,-999.0,0.4,-999.0,-999.0,-999.0,-999.0,-999.0,-999,2,2,Undefined,-999,168.0,944.0,1012.0,49.0,367.0,350.0,26.0,2106.0,47.0,21.0,43.0,63.0,160.0,-999.0,-999.0,AUSTRALIA,Argus et al. (2011),NEW_HEBRIDES,Argus et al. (2011),-999,-999,124.0,78.0,34.0,103.0,41.0,124.0,78.0,34.0,103.0,-999.0,-999.0,-999.0,-999.0,131.0,285.0,120.0,65.0,58.0,355.0,49.0,38.0,131.0,285.0,120.0,65.0,119.0,287.0,117.0,55.0,61.0,8.0,36.0,49.0,119.0,287.0,117.0,55.0,119.0,286.0,118.0,56.0,59.0,8.0,37.0,47.0,119.0,286.0,118.0,56.0,102.0,281.0,124.0,57.0,49.0,27.0,18.0,46.0,102.0,281.0,124.0,57.0,AUSTRALIA,Gripp & Gordon (2002),PACIFIC,Gripp & Gordon (2002),NEW_HEBRIDES,Pelletier et al. (1998); Zellmer and Taylor (2001),80.0,-999.0,9.0,79.0,-999.0,75.0,-999.0,37.0,60.0,-999.0,-999.0,-999.0,-19.0,107.0,-999.0,77.0,23.0,70.0,345.0,59.0,37.0,64.0,272.0,57.0,35.0,-999.0,-999.0,-999.0,-999.0,-999.0,-999.0,-999.0,-999.0,-999.0,-999.0,-999.0,-999.0,-999.0,-999.0,-999.0,-999.0,-999.0,-999.0,-999.0,-999.0,-999.0,-999.0,-999.0,-999.0,-999.0,-999.0,-999.0,-999.0,-999.0,-999.0,-999.0,-999.0,-999.0,-999.0,-999.0,-999.0,-999.0,-999.0,-999.0,-999.0,-999.0,-999.0,-999.0,-999.0,34.0,224.0,0.0,34.0,26.0,29.0,10.0,10.0,87.0,100.0,49.0,53.0,73.0,83.0,32.0,31.0,59.0,143.0,893.0,583.0,4.9,37.35,8.5,8.4,7.4,7.9,0.1,54.3187523,-999.0
SWP16,SWP15,SWP17,SWP,16,New Hebrides,171.0,-23.0,170.5,-25.7,172.4,-15.0,10.0,-999.0,-999.0,-999.0,-999.0,-999.0,-999.0,-999.0,0.2,-999.0,-999.0,-999.0,0.4,-999.0,-999.0,-999.0,-999.0,-999.0,-999,2,2,Undefined,-999,257.0,1444.0,1047.0,52.0,399.0,429.0,26.0,1005.0,47.0,21.0,39.0,59.0,-999.0,-999.0,-999.0,AUSTRALIA,Argus et al. (2011),NEW_HEBRIDES,Argus et al. (2011),-999,-999,129.0,76.0,66.0,52.0,-999.0,129.0,76.0,66.0,52.0,-999.0,-999.0,-999.0,-999.0,134.0,281.0,89.0,-3.0,57.0,354.0,16.0,55.0,134.0,281.0,89.0,-3.0,121.0,283.0,87.0,-7.0,59.0,7.0,3.0,59.0,121.0,283.0,87.0,-7.0,122.0,283.0,87.0,-5.0,58.0,6.0,4.0,58.0,122.0,283.0,87.0,-5.0,105.0,276.0,94.0,7.0,47.0,26.0,16.0,46.0,105.0,276.0,94.0,7.0,AUSTRALIA,Gripp & Gordon (2002),PACIFIC,Gripp & Gordon (2002),NEW_HEBRIDES,Pelletier et al. (1998); Zellmer and Taylor (2001),-999.0,-999.0,-999.0,-999.0,-999.0,-999.0,-999.0,-999.0,-999.0,-999.0,-999.0,-999.0,-999.0,-999.0,-999.0,-999.0,-999.0,-999.0,-999.0,-999.0,-999.0,-999.0,-999.0,-999.0,-999.0,-999.0,-999.0,-999.0,-999.0,-999.0,-999.0,-999.0,-999.0,-999.0,-999.0,-999.0,-999.0,-999.0,-999.0,-999.0,-999.0,-999.0,-999.0,-999.0,-999.0,-999.0,-999.0,-999.0,-999.0,-999.0,-999.0,-999.0,-999.0,-999.0,-999.0,-999.0,-999.0,-999.0,-999.0,-999.0,-999.0,-999.0,-999.0,-999.0,-999.0,-999.0,-999.0,-999.0,-999.0,-999.0,-999.0,-999.0,-999.0,-999.0,29.0,-999.0,10.0,-999.0,100.0,-999.0,53.0,-999.0,83.0,-999.0,31.0,-999.0,143.0,-999.0,583.0,-999.0,37.35,-999.0,8.4,-999.0,7.9,0.07,54.3187523,-999.0
SWP17,SWP16,SWP18,SWP,17,Tonga,187.7,-15.5,190.1,-14.2,180.2,-19.3,241.4,8.1,-999.0,-999.0,-999.0,-999.0,-999.0,-999.0,0.2,-999.0,-999.0,-999.0,0.2,-999.0,-999.0,-999.0,-999.0,-999.0,-999,2,2,SS-E,-999,100.0,307.0,304.0,46.0,122.0,159.0,108.0,10835.0,96.0,44.0,27.0,46.0,-999.0,670.0,511.0,PACIFIC,Argus et al. (2011),AUSTRALIA,Argus et al. (2011),TONGA,Argus et al. (2011),253.0,289.0,47.0,171.0,-999.0,84.0,271.0,30.0,73.0,174.0,117.0,124.0,-97.0,42.0,355.0,113.0,16.0,98.0,296.0,55.0,57.0,156.0,104.0,137.0,115.0,45.0,13.0,131.0,29.0,87.0,301.0,60.0,44.0,169.0,102.0,139.0,128.0,43.0,12.0,131.0,28.0,87.0,300.0,59.0,45.0,168.0,103.0,139.0,126.0,38.0,40.0,158.0,35.0,67.0,297.0,56.0,38.0,186.0,106.0,136.0,133.0,PACIFIC,Gripp & Gordon (2002),AUSTRALIA,Gripp & Gordon (2002),TONGA,Pelletier et al. (1998); Zellmer and Taylor (2001),247.0,284.0,43.0,182.0,-999.0,81.0,242.0,1.0,81.0,-999.0,-999.0,-999.0,-101.0,53.0,340.0,81.0,8.0,116.0,299.0,58.0,62.0,138.0,91.0,30.0,120.0,33.0,44.0,38.0,26.0,79.0,298.0,56.0,44.0,150.0,44.0,37.0,120.0,34.0,44.0,46.0,24.0,84.0,298.0,56.0,46.0,145.0,99.0,36.0,117.0,36.0,7.0,55.0,21.0,90.0,298.0,57.0,49.0,140.0,97.0,35.0,115.0,35.0,44.0,18.0,33.0,67.0,298.0,57.0,37.0,162.0,99.0,38.0,127.0,32.0,24.0,8.0,8.0,112.0,116.0,43.0,42.0,87.0,98.0,24.0,21.0,74.0,129.0,1088.0,568.0,0.85,30.9,8.0,8.3,6.6,8.0,0.0,60.0999985,-999.0
SWP18,SWP17,SWP19,SWP,18,Tonga,187.8,-17.0,190.5,-17.7,179.8,-14.6,286.1,8.6,194.0,-999.0,-999.0,-999.0,-999.0,-999.0,0.2,-999.0,-999.0,-999.0,0.2,-999.0,-999.0,-999.0,-999.0,-999.0,-999,2,2,E-SS,-999,132.0,523.0,436.0,57.0,385.0,234.0,105.0,12300.0,94.0,43.0,27.0,35.0,320.0,670.0,659.0,PACIFIC,Argus et al. (2011),AUSTRALIA,Argus et al. (2011),TONGA,Argus et al. (2011),228.0,291.0,5.0,228.0,156.0,82.0,271.0,15.0,79.0,154.0,122.0,164.0,-148.0,42.0,352.0,66.0,-17.0,98.0,296.0,10.0,96.0,132.0,107.0,179.0,132.0,44.0,11.0,85.0,-4.0,86.0,301.0,15.0,83.0,144.0,105.0,179.0,144.0,43.0,10.0,84.0,-5.0,87.0,300.0,14.0,84.0,144.0,106.0,180.0,144.0,37.0,38.0,112.0,14.0,67.0,297.0,11.0,65.0,162.0,109.0,177.0,162.0,PACIFIC,Gripp & Gordon (2002),AUSTRALIA,Gripp & Gordon (2002),TONGA,Pelletier et al. (1998); Zellmer and Taylor (2001),223.0,283.0,3.0,223.0,136.0,78.0,244.0,13.0,76.0,-999.0,-999.0,-999.0,-147.0,55.0,338.0,50.0,-35.0,116.0,299.0,19.0,110.0,117.0,86.0,14.0,114.0,33.0,39.0,87.0,2.0,79.0,298.0,11.0,77.0,110.0,39.0,9.0,109.0,35.0,39.0,85.0,-3.0,84.0,298.0,12.0,82.0,106.0,99.0,10.0,104.0,37.0,3.0,76.0,-9.0,90.0,298.0,12.0,88.0,100.0,95.0,11.0,99.0,34.0,39.0,67.0,14.0,67.0,298.0,12.0,66.0,122.0,99.0,7.0,121.0,22.0,24.0,5.0,8.0,124.0,116.0,35.0,42.0,106.0,98.0,16.0,21.0,43.0,129.0,630.0,568.0,0.23,30.9,7.6,8.3,6.1,8.0,0.0,60.0999985,-999.0
SWP19,SWP18,SWP20,SWP,19,Tonga,187.2,-19.0,189.9,-19.8,179.1,-16.5,286.8,8.4,194.0,-999.0,88.0,6.0,-999.0,-999.0,0.2,-999.0,-999.0,-999.0,0.2,-999.0,-999.0,-999.0,-999.0,-999.0,-999,2,2,E-SS,-999,113.0,821.0,684.0,85.0,1092.0,911.0,101.0,10929.0,93.0,42.0,26.0,44.0,300.0,670.0,659.0,PACIFIC,Argus et al. (2011),AUSTRALIA,Argus et al. (2011),TONGA,Argus et al. (2011),192.0,292.0,6.0,191.0,130.0,79.0,271.0,16.0,76.0,122.0,126.0,161.0,-115.0,43.0,350.0,63.0,-19.0,96.0,297.0,10.0,95.0,96.0,108.0,179.0,96.0,44.0,8.0,81.0,-7.0,86.0,302.0,15.0,83.0,108.0,105.0,178.0,108.0,43.0,7.0,80.0,-7.0,86.0,301.0,14.0,83.0,108.0,106.0,179.0,108.0,36.0,35.0,108.0,11.0,66.0,298.0,11.0,65.0,127.0,110.0,177.0,126.0,PACIFIC,Gripp & Gordon (2002),AUSTRALIA,Gripp & Gordon (2002),TONGA,Pelletier et al. (1998); Zellmer and Taylor (2001),188.0,300.0,13.0,183.0,134.0,78.0,248.0,13.0,76.0,-999.0,-999.0,-999.0,-107.0,55.0,337.0,50.0,-35.0,115.0,299.0,12.0,112.0,78.0,124.0,18.0,70.0,33.0,39.0,89.0,0.0,78.0,298.0,11.0,77.0,112.0,39.0,3.0,112.0,34.0,39.0,83.0,-4.0,83.0,298.0,11.0,82.0,107.0,105.0,4.0,107.0,37.0,1.0,74.0,-10.0,89.0,298.0,11.0,87.0,102.0,102.0,5.0,102.0,33.0,39.0,68.0,12.0,66.0,298.0,11.0,65.0,124.0,105.0,2.0,124.0,29.0,24.0,10.0,8.0,126.0,116.0,40.0,42.0,102.0,98.0,17.0,21.0,18.0,129.0,263.0,568.0,0.11,30.9,7.4,8.3,5.9,8.0,0.0,60.0999985,-999.0
SWP2,SWP1,SWP3,SWP,2,New Britain,150.0,-7.0,151.0,-9.5,147.1,0.6,339.0,7.0,206.0,-999.0,-999.0,-999.0,-999.0,-999.0,-999.0,-999.0,-999.0,-999.0,0.5,-999.0,-999.0,-999.0,-999.0,-999.0,-999,1,2,E-SS,-999,145.0,837.0,1398.0,47.0,312.0,665.0,30.0,1835.0,50.0,23.0,34.0,72.0,260.0,670.0,604.0,SOLOMON_SEA,Argus et al. (2011),NORTH_BISMARCK,Argus et al. (2011),SOUTH_BISMARCK,Argus et al. (2011),93.0,9.0,30.0,81.0,67.0,81.0,63.0,84.0,9.0,80.0,134.0,155.0,-73.0,95.0,295.0,44.0,-69.0,79.0,350.0,11.0,78.0,32.0,243.0,96.0,4.0,83.0,301.0,38.0,-65.0,80.0,0.0,21.0,74.0,19.0,228.0,111.0,7.0,83.0,299.0,40.0,-64.0,78.0,359.0,20.0,73.0,21.0,227.0,112.0,8.0,65.0,293.0,46.0,-45.0,64.0,11.0,32.0,54.0,30.0,184.0,155.0,27.0,WOODLARK,Tregoning et al. (1998),NORTH_BISMARCK,Tregoning (2002),SOUTH_BISMARCK,Tregoning et al. (1998); Tregoning et al. (1999),101.0,14.0,42.0,75.0,68.0,85.0,63.0,89.0,2.0,-999.0,-999.0,-999.0,-74.0,109.0,309.0,30.0,-94.0,98.0,351.0,19.0,93.0,40.0,268.0,64.0,-18.0,75.0,313.0,26.0,-67.0,81.0,19.0,32.0,69.0,21.0,313.0,48.0,14.0,80.0,313.0,26.0,-72.0,84.0,19.0,29.0,74.0,20.0,180.0,62.0,9.0,84.0,311.0,28.0,-74.0,83.0,4.0,25.0,75.0,24.0,231.0,72.0,8.0,61.0,313.0,26.0,-55.0,74.0,19.0,40.0,57.0,28.0,180.0,21.0,26.0,63.0,27.0,15.0,17.0,150.0,139.0,58.0,63.0,97.0,121.0,27.0,22.0,55.0,202.0,802.0,810.0,3.4,106.9,8.4,8.7,7.3,8.1,0.0,51.8750038,-999.0
SWP20,SWP19,SWP21,SWP,20,Tonga,186.5,-21.0,189.2,-21.9,178.6,-17.9,291.1,9.1,200.0,-999.0,88.0,6.0,-999.0,-999.0,0.2,-999.0,-999.0,-999.0,0.2,-999.0,-999.0,-999.0,-999.0,-999.0,-999,2,2,E-SS,-999,132.0,414.0,218.0,87.0,328.0,145.0,98.0,9053.0,91.0,42.0,25.0,51.0,300.0,670.0,688.0,PACIFIC,Argus et al. (2011),AUSTRALIA,Argus et al. (2011),TONGA,Argus et al. (2011),155.0,294.0,3.0,154.0,110.0,76.0,270.0,21.0,71.0,90.0,133.0,158.0,-83.0,44.0,348.0,57.0,-24.0,95.0,297.0,6.0,95.0,60.0,109.0,178.0,60.0,45.0,5.0,74.0,-12.0,85.0,302.0,11.0,83.0,72.0,104.0,173.0,71.0,44.0,4.0,73.0,-13.0,85.0,301.0,10.0,83.0,71.0,105.0,174.0,71.0,36.0,32.0,100.0,6.0,65.0,298.0,7.0,64.0,90.0,110.0,179.0,90.0,PACIFIC,Gripp & Gordon (2002),AUSTRALIA,Gripp & Gordon (2002),TONGA,Pelletier et al. (1998); Zellmer and Taylor (2001),148.0,287.0,4.0,148.0,113.0,75.0,252.0,17.0,72.0,-999.0,-999.0,-999.0,-76.0,56.0,335.0,44.0,-40.0,114.0,300.0,9.0,113.0,45.0,75.0,26.0,40.0,32.0,36.0,83.0,-4.0,77.0,300.0,8.0,76.0,75.0,36.0,15.0,73.0,34.0,36.0,73.0,-10.0,83.0,300.0,8.0,82.0,70.0,99.0,17.0,67.0,37.0,358.0,67.0,-15.0,88.0,299.0,8.0,87.0,66.0,92.0,19.0,62.0,32.0,36.0,76.0,8.0,65.0,300.0,9.0,64.0,87.0,99.0,13.0,85.0,15.0,30.0,6.0,4.0,83.0,99.0,34.0,45.0,74.0,80.0,22.0,31.0,63.0,151.0,928.0,597.0,12.0,44.78,8.8,8.4,8.0,8.0,0.13,60.0999985,-999.0
SWP21,SWP20,SWP22,SWP,21,Tonga,185.4,-23.0,188.0,-24.2,177.8,-19.0,297.9,10.5,186.0,-999.0,-999.0,-999.0,-999.0,-999.0,0.2,-999.0,-999.0,-999.0,0.2,-999.0,-999.0,-999.0,-999.0,-999.0,-999,2,2,E-SS,-999,113.0,255.0,167.0,64.0,125.0,90.0,92.0,6564.0,88.0,40.0,25.0,56.0,300.0,670.0,682.0,PACIFIC,Argus et al. (2011),AUSTRALIA,Argus et al. (2011),TONGA,Argus et al. (2011),114.0,293.0,5.0,114.0,84.0,72.0,269.0,29.0,63.0,56.0,144.0,154.0,-50.0,45.0,346.0,48.0,-30.0,94.0,297.0,1.0,94.0,22.0,94.0,157.0,20.0,46.0,2.0,65.0,-20.0,83.0,303.0,5.0,83.0,35.0,90.0,152.0,31.0,45.0,2.0,64.0,-20.0,83.0,302.0,4.0,83.0,34.0,92.0,154.0,31.0,36.0,28.0,90.0,0.0,63.0,299.0,1.0,63.0,52.0,106.0,168.0,51.0,PACIFIC,Gripp & Gordon (2002),AUSTRALIA,Gripp & Gordon (2002),TONGA,Pelletier et al. (1998); Zellmer and Taylor (2001),108.0,283.0,15.0,104.0,82.0,72.0,256.0,25.0,65.0,-999.0,-999.0,-999.0,-39.0,58.0,334.0,36.0,-47.0,112.0,300.0,2.0,112.0,33.0,14.0,76.0,-8.0,33.0,32.0,70.0,-11.0,76.0,299.0,1.0,76.0,40.0,32.0,46.0,28.0,35.0,32.0,63.0,-16.0,81.0,299.0,1.0,81.0,37.0,82.0,52.0,23.0,38.0,355.0,57.0,-21.0,86.0,299.0,1.0,86.0,35.0,60.0,58.0,18.0,32.0,32.0,86.0,2.0,63.0,299.0,1.0,63.0,50.0,82.0,36.0,41.0,39.0,30.0,4.0,4.0,94.0,99.0,48.0,45.0,71.0,80.0,38.0,31.0,42.0,151.0,620.0,597.0,0.26,44.78,7.7,8.4,6.1,8.0,0.0,60.0999985,-999.0
SWP22,SWP21,SWP23,SWP,22,Tonga,184.8,-25.0,187.8,-25.3,176.0,-23.9,275.9,8.1,-999.0,-999.0,-999.0,-999.0,-999.0,-999.0,0.2,-999.0,-999.0,-999.0,0.8,-999.0,-999.0,-999.0,0.0,-999.0,-999,2,2,E-SS,-999,122.0,480.0,328.0,63.0,608.0,433.0,87.0,6587.0,86.0,39.0,25.0,53.0,280.0,670.0,645.0,PACIFIC,Argus et al. (2011),AUSTRALIA,Argus et al. (2011),KERMADEC,Argus et al. (2011),124.0,281.0,5.0,124.0,89.0,69.0,269.0,7.0,68.0,59.0,116.0,165.0,-55.0,46.0,344.0,68.0,-17.0,92.0,298.0,22.0,86.0,44.0,65.0,211.0,38.0,46.0,360.0,84.0,-5.0,82.0,303.0,27.0,73.0,56.0,69.0,207.0,50.0,45.0,359.0,83.0,-5.0,82.0,302.0,26.0,74.0,56.0,70.0,206.0,50.0,35.0,25.0,109.0,11.0,62.0,299.0,23.0,57.0,68.0,85.0,191.0,67.0,PACIFIC,Gripp & Gordon (2002),AUSTRALIA,Gripp & Gordon (2002),TONGA,Pelletier et al. (1998); Zellmer and Taylor (2001),70.0,-999.0,2.0,70.0,54.0,68.0,-999.0,3.0,68.0,-999.0,-999.0,-999.0,-2.0,59.0,-999.0,57.0,-32.0,111.0,300.0,24.0,101.0,57.0,334.0,58.0,-30.0,-999.0,-999.0,-999.0,-999.0,-999.0,-999.0,-999.0,-999.0,-999.0,-999.0,-999.0,-999.0,-999.0,-999.0,-999.0,-999.0,-999.0,-999.0,-999.0,-999.0,-999.0,-999.0,-999.0,-999.0,-999.0,-999.0,-999.0,-999.0,-999.0,-999.0,-999.0,-999.0,-999.0,-999.0,-999.0,-999.0,-999.0,-999.0,-999.0,-999.0,-999.0,-999.0,-999.0,-999.0,31.0,31.0,65.0,13.0,32.0,30.0,1.0,4.0,107.0,99.0,45.0,45.0,87.0,80.0,31.0,31.0,27.0,151.0,396.0,597.0,2.1,44.78,8.3,8.4,7.5,8.0,0.0,45.6624985,-999.0
SWP23,SWP22,SWP24,SWP,23,Kermadec,184.5,-27.0,187.5,-27.5,175.7,-25.2,281.2,8.6,188.0,-999.0,93.0,9.0,-999.0,-999.0,0.5,-999.0,-999.0,-999.0,0.4,-999.0,-999.0,-999.0,0.0,-999.0,-999,2,2,E-SS,-999,176.0,1424.0,1177.0,94.0,999.0,828.0,87.0,6387.0,86.0,39.0,30.0,52.0,280.0,1300.0,672.0,PACIFIC,Argus et al. (2011),AUSTRALIA,Argus et al. (2011),KERMADEC,Argus et al. (2011),114.0,282.0,1.0,114.0,83.0,66.0,268.0,13.0,64.0,52.0,119.0,162.0,-49.0,47.0,342.0,61.0,-23.0,91.0,298.0,17.0,87.0,37.0,58.0,137.0,27.0,47.0,357.0,76.0,-11.0,81.0,304.0,22.0,75.0,49.0,64.0,143.0,39.0,46.0,357.0,75.0,-12.0,81.0,303.0,22.0,75.0,48.0,65.0,144.0,38.0,35.0,22.0,100.0,6.0,61.0,300.0,19.0,58.0,59.0,83.0,162.0,56.0,PACIFIC,Gripp & Gordon (2002),AUSTRALIA,Gripp & Gordon (2002),-999,-999,65.0,273.0,9.0,64.0,50.0,65.0,273.0,9.0,64.0,-999.0,-999.0,-999.0,0.0,61.0,331.0,50.0,-39.0,110.0,301.0,20.0,104.0,61.0,331.0,50.0,-39.0,33.0,22.0,80.0,-6.0,74.0,301.0,18.0,70.0,33.0,22.0,79.0,-6.0,37.0,22.0,71.0,-12.0,80.0,301.0,19.0,76.0,37.0,22.0,71.0,-12.0,40.0,348.0,67.0,-16.0,85.0,300.0,19.0,80.0,40.0,348.0,67.0,-16.0,31.0,22.0,79.0,6.0,62.0,301.0,20.0,58.0,31.0,22.0,79.0,6.0,54.0,33.0,10.0,10.0,100.0,136.0,49.0,53.0,60.0,112.0,41.0,23.0,34.0,238.0,498.0,951.0,0.23,60.17,7.6,8.5,6.2,8.0,0.0,54.3187523,-999.0
SWP24,SWP23,SWP25,SWP,24,Kermadec,183.9,-29.0,186.9,-29.7,175.2,-26.5,286.4,8.5,164.0,-999.0,93.0,9.0,-999.0,-999.0,0.2,-999.0,-999.0,-999.0,0.4,-999.0,-999.0,-999.0,-999.0,-999.0,-999,2,2,E-SS,-999,151.0,725.0,498.0,81.0,611.0,512.0,95.0,6353.0,89.0,41.0,28.0,56.0,270.0,1200.0,639.0,PACIFIC,Argus et al. (2011),AUSTRALIA,Argus et al. (2011),KERMADEC,Argus et al. (2011),103.0,282.0,5.0,103.0,76.0,62.0,268.0,19.0,59.0,46.0,121.0,165.0,-44.0,48.0,340.0,54.0,-29.0,89.0,299.0,12.0,87.0,31.0,46.0,120.0,16.0,48.0,355.0,69.0,-17.0,80.0,304.0,18.0,76.0,42.0,56.0,130.0,27.0,47.0,354.0,68.0,-17.0,80.0,303.0,17.0,76.0,41.0,57.0,130.0,27.0,34.0,18.0,92.0,1.0,59.0,300.0,14.0,58.0,51.0,80.0,153.0,45.0,PACIFIC,Gripp & Gordon (2002),AUSTRALIA,Gripp & Gordon (2002),-999,-999,61.0,272.0,14.0,59.0,47.0,61.0,272.0,14.0,59.0,-999.0,-999.0,-999.0,0.0,62.0,330.0,44.0,-45.0,108.0,301.0,15.0,105.0,62.0,330.0,44.0,-45.0,34.0,19.0,70.0,-12.0,73.0,301.0,13.0,71.0,34.0,19.0,70.0,-12.0,37.0,19.0,64.0,-16.0,78.0,301.0,13.0,76.0,37.0,19.0,64.0,-16.0,41.0,346.0,60.0,-21.0,83.0,300.0,14.0,80.0,41.0,346.0,60.0,-21.0,31.0,19.0,87.0,2.0,60.0,301.0,15.0,58.0,31.0,19.0,87.0,2.0,33.0,33.0,10.0,10.0,130.0,136.0,49.0,53.0,105.0,112.0,22.0,23.0,86.0,238.0,1263.0,951.0,17.0,60.17,8.9,8.5,7.9,8.0,0.19,54.3187523,-999.0
SWP25,SWP24,SWP26,SWP,25,Kermadec,183.2,-31.0,186.2,-31.9,174.7,-27.8,291.1,8.5,193.0,-999.0,-999.0,-999.0,-999.0,-999.0,0.2,-999.0,-999.0,-999.0,0.4,-999.0,-999.0,-999.0,-999.0,-999.0,-999,2,2,E-SS,-999,211.0,1264.0,638.0,90.0,521.0,300.0,101.0,6317.0,92.0,42.0,30.0,61.0,260.0,1100.0,639.0,PACIFIC,Argus et al. (2011),AUSTRALIA,Argus et al. (2011),KERMADEC,Argus et al. (2011),92.0,282.0,9.0,91.0,69.0,58.0,267.0,24.0,53.0,39.0,124.0,167.0,-38.0,50.0,339.0,48.0,-33.0,88.0,299.0,8.0,87.0,28.0,30.0,99.0,4.0,48.0,353.0,62.0,-23.0,78.0,305.0,14.0,76.0,37.0,45.0,114.0,15.0,47.0,352.0,61.0,-23.0,78.0,304.0,13.0,76.0,36.0,46.0,115.0,15.0,34.0,15.0,84.0,-4.0,58.0,301.0,10.0,57.0,42.0,74.0,143.0,34.0,PACIFIC,Gripp & Gordon (2002),AUSTRALIA,Gripp & Gordon (2002),-999,-999,58.0,272.0,20.0,55.0,45.0,58.0,272.0,20.0,55.0,-999.0,-999.0,-999.0,0.0,64.0,330.0,39.0,-50.0,106.0,302.0,11.0,104.0,64.0,330.0,39.0,-50.0,36.0,14.0,64.0,-16.0,71.0,302.0,9.0,70.0,36.0,14.0,64.0,-16.0,40.0,14.0,57.0,-22.0,77.0,302.0,10.0,76.0,40.0,14.0,57.0,-22.0,43.0,344.0,53.0,-26.0,81.0,301.0,10.0,80.0,43.0,344.0,53.0,-26.0,32.0,14.0,83.0,-4.0,59.0,302.0,11.0,58.0,32.0,14.0,83.0,-4.0,43.0,33.0,10.0,10.0,136.0,136.0,54.0,53.0,103.0,112.0,25.0,23.0,84.0,238.0,1246.0,951.0,4.2,60.17,8.5,8.5,7.0,8.0,0.04,54.3187523,-999.0
SWP26,SWP25,SWP27,SWP,26,Kermadec,182.2,-33.0,185.3,-33.8,173.3,-30.2,287.9,8.8,-999.0,-999.0,-999.0,-999.0,-999.0,-999.0,0.2,-999.0,-999.0,-999.0,0.4,-999.0,-999.0,-999.0,-999.0,-999.0,-999,2,2,E-SS,-999,150.0,995.0,629.0,51.0,519.0,375.0,106.0,5866.0,95.0,43.0,29.0,64.0,220.0,1000.0,504.0,PACIFIC,Argus et al. (2011),AUSTRALIA,Argus et al. (2011),KERMADEC,Argus et al. (2011),81.0,281.0,7.0,80.0,66.0,55.0,265.0,22.0,51.0,32.0,128.0,160.0,-30.0,51.0,338.0,50.0,-33.0,86.0,300.0,12.0,84.0,28.0,11.0,83.0,-3.0,50.0,351.0,63.0,-22.0,77.0,306.0,18.0,73.0,34.0,30.0,102.0,7.0,49.0,350.0,63.0,-22.0,76.0,305.0,17.0,73.0,33.0,31.0,103.0,7.0,35.0,12.0,84.0,-4.0,56.0,302.0,14.0,54.0,35.0,65.0,137.0,26.0,PACIFIC,Gripp & Gordon (2002),AUSTRALIA,Gripp & Gordon (2002),-999,-999,54.0,270.0,18.0,52.0,45.0,54.0,270.0,18.0,52.0,-999.0,-999.0,-999.0,0.0,65.0,329.0,41.0,-49.0,104.0,303.0,15.0,100.0,65.0,329.0,41.0,-49.0,37.0,11.0,63.0,-16.0,70.0,303.0,14.0,68.0,37.0,11.0,63.0,-16.0,40.0,11.0,58.0,-21.0,75.0,303.0,14.0,73.0,40.0,11.0,58.0,-21.0,43.0,342.0,54.0,-25.0,79.0,302.0,14.0,77.0,43.0,342.0,54.0,-25.0,31.0,11.0,83.0,-4.0,57.0,303.0,15.0,55.0,31.0,11.0,83.0,-4.0,29.0,29.0,5.0,6.0,128.0,131.0,64.0,64.0,115.0,117.0,31.0,29.0,47.0,66.0,695.0,393.0,0.59,2.19,7.9,7.6,6.6,6.6,0.0,54.3187523,-999.0
SWP27,SWP26,SWP28,SWP,27,Kermadec,181.6,-35.0,184.7,-36.0,172.9,-31.5,292.5,7.3,-999.0,-999.0,-999.0,-999.0,-999.0,-999.0,0.2,-999.0,-999.0,-999.0,0.4,-999.0,-999.0,-999.0,-999.0,-999.0,-999,2,2,E-SS,-999,93.0,412.0,304.0,38.0,244.0,183.0,111.0,5255.0,97.0,44.0,31.0,59.0,260.0,900.0,514.0,PACIFIC,Argus et al. (2011),AUSTRALIA,Argus et al. (2011),KERMADEC,Argus et al. (2011),70.0,280.0,12.0,69.0,56.0,51.0,264.0,28.0,45.0,25.0,134.0,158.0,-23.0,52.0,336.0,44.0,-38.0,84.0,301.0,8.0,83.0,30.0,354.0,62.0,-14.0,51.0,349.0,57.0,-28.0,75.0,306.0,14.0,73.0,33.0,15.0,82.0,-4.0,49.0,349.0,56.0,-28.0,75.0,306.0,13.0,73.0,32.0,15.0,82.0,-4.0,35.0,8.0,76.0,-9.0,55.0,303.0,10.0,54.0,29.0,54.0,121.0,15.0,PACIFIC,Gripp & Gordon (2002),AUSTRALIA,Gripp & Gordon (2002),-999,-999,50.0,270.0,23.0,46.0,41.0,50.0,270.0,23.0,46.0,-999.0,-999.0,-999.0,0.0,66.0,328.0,36.0,-54.0,102.0,303.0,11.0,100.0,66.0,328.0,36.0,-54.0,37.0,8.0,56.0,-21.0,68.0,303.0,9.0,67.0,37.0,8.0,56.0,-21.0,41.0,8.0,50.0,-27.0,74.0,303.0,9.0,73.0,41.0,8.0,50.0,-27.0,44.0,340.0,48.0,-30.0,77.0,302.0,10.0,76.0,44.0,340.0,48.0,-30.0,31.0,8.0,76.0,-8.0,55.0,303.0,11.0,54.0,31.0,8.0,76.0,-8.0,44.0,29.0,8.0,6.0,148.0,131.0,61.0,64.0,117.0,117.0,27.0,29.0,18.0,66.0,267.0,393.0,0.19,2.19,7.6,7.6,6.5,6.6,0.0,54.3187523,-999.0
SWP28,SWP27,SWP29,SWP,28,Kermadec,180.6,-36.5,183.8,-37.5,171.6,-33.1,292.0,4.9,216.0,-999.0,116.0,20.0,-999.0,-999.0,0.2,-999.0,-999.0,-999.0,0.4,-999.0,-999.0,-999.0,-999.0,-999.0,-999,2,2,E-SS,-999,120.0,602.0,468.0,36.0,254.0,187.0,115.0,4836.0,99.0,45.0,33.0,59.0,280.0,670.0,500.0,PACIFIC,Argus et al. (2011),AUSTRALIA,Argus et al. (2011),KERMADEC,Argus et al. (2011),61.0,278.0,14.0,60.0,48.0,49.0,263.0,29.0,42.0,20.0,140.0,152.0,-18.0,53.0,336.0,44.0,-38.0,82.0,301.0,9.0,81.0,35.0,345.0,53.0,-21.0,52.0,348.0,56.0,-29.0,74.0,307.0,15.0,71.0,36.0,3.0,71.0,-11.0,51.0,348.0,56.0,-29.0,73.0,306.0,14.0,71.0,34.0,3.0,71.0,-11.0,36.0,6.0,74.0,-10.0,53.0,304.0,12.0,52.0,26.0,39.0,107.0,8.0,PACIFIC,Gripp & Gordon (2002),AUSTRALIA,Gripp & Gordon (2002),-999,-999,47.0,269.0,23.0,43.0,38.0,47.0,269.0,23.0,43.0,-999.0,-999.0,-999.0,0.0,68.0,328.0,36.0,-55.0,101.0,304.0,12.0,99.0,68.0,328.0,36.0,-55.0,39.0,346.0,54.0,-23.0,68.0,303.0,11.0,67.0,39.0,346.0,54.0,-23.0,43.0,341.0,49.0,-28.0,73.0,303.0,11.0,72.0,43.0,341.0,49.0,-28.0,-999.0,-999.0,-999.0,-999.0,-999.0,-999.0,-999.0,-999.0,-999.0,-999.0,-999.0,-999.0,32.0,4.0,72.0,-10.0,55.0,304.0,12.0,54.0,32.0,4.0,72.0,-10.0,-999.0,18.0,-999.0,1.0,-999.0,186.0,-999.0,61.0,-999.0,178.0,-999.0,20.0,3.0,8.0,45.0,25.0,0.0,7.88,0.0,7.8,0.0,7.7,0.0,54.3187523,-999.0
SWP29,SWP28,SWP30,SWP,29,Hikurangi,179.1,-38.5,182.4,-39.3,169.6,-35.6,288.0,3.9,255.0,-999.0,116.0,20.0,-999.0,-999.0,0.5,-999.0,-999.0,-999.0,0.5,-999.0,-999.0,-999.0,0.0,-999.0,-999,1,1,SS-E,-999,95.0,461.0,302.0,36.0,206.0,140.0,119.0,4108.0,101.0,46.0,28.0,70.0,310.0,670.0,441.0,PACIFIC,Argus et al. (2011),AUSTRALIA,Argus et al. (2011),KERMADEC,Argus et al. (2011),50.0,274.0,14.0,49.0,36.0,45.0,260.0,28.0,40.0,12.0,154.0,134.0,-8.0,55.0,336.0,48.0,-37.0,79.0,302.0,14.0,77.0,43.0,336.0,48.0,-28.0,53.0,347.0,59.0,-27.0,72.0,308.0,20.0,67.0,41.0,351.0,63.0,-19.0,52.0,347.0,59.0,-27.0,71.0,307.0,19.0,67.0,40.0,351.0,63.0,-19.0,37.0,4.0,76.0,-9.0,51.0,305.0,17.0,49.0,27.0,17.0,89.0,0.0,PACIFIC,Gripp & Gordon (2002),AUSTRALIA,Gripp & Gordon (2002),-999,-999,44.0,266.0,22.0,41.0,34.0,44.0,266.0,22.0,41.0,-999.0,-999.0,-999.0,0.0,69.0,328.0,40.0,-53.0,98.0,305.0,17.0,94.0,69.0,328.0,40.0,-53.0,40.0,344.0,56.0,-22.0,66.0,304.0,16.0,63.0,40.0,344.0,56.0,-22.0,44.0,339.0,51.0,-28.0,71.0,304.0,16.0,69.0,44.0,339.0,51.0,-28.0,-999.0,-999.0,-999.0,-999.0,-999.0,-999.0,-999.0,-999.0,-999.0,-999.0,-999.0,-999.0,33.0,1.0,73.0,-10.0,53.0,305.0,17.0,51.0,33.0,1.0,73.0,-10.0,-999.0,18.0,-999.0,1.0,-999.0,186.0,-999.0,61.0,-999.0,178.0,-999.0,20.0,1.0,8.0,15.0,25.0,0.0,7.88,0.0,7.8,0.0,7.7,0.07,51.8750038,-999.0
SWP3,SWP2,SWP4,SWP,3,New Britain,152.0,-6.1,153.2,-8.5,148.6,1.2,335.0,8.2,142.0,-999.0,-999.0,-999.0,-999.0,-999.0,-999.0,-999.0,-999.0,-999.0,0.5,-999.0,-999.0,-999.0,-999.0,-999.0,-999,1,2,E-SS,-999,141.0,629.0,668.0,26.0,183.0,488.0,30.0,2627.0,50.0,23.0,33.0,68.0,180.0,670.0,561.0,SOLOMON_SEA,Argus et al. (2011),NORTH_BISMARCK,Argus et al. (2011),SOUTH_BISMARCK,Argus et al. (2011),130.0,359.0,24.0,119.0,97.0,81.0,59.0,84.0,8.0,115.0,140.0,165.0,-111.0,97.0,296.0,39.0,-75.0,86.0,348.0,13.0,83.0,48.0,197.0,138.0,36.0,85.0,302.0,33.0,-71.0,86.0,358.0,23.0,79.0,44.0,180.0,155.0,40.0,86.0,300.0,35.0,-70.0,84.0,357.0,22.0,78.0,45.0,181.0,154.0,41.0,67.0,295.0,40.0,-51.0,70.0,8.0,33.0,59.0,62.0,168.0,167.0,60.0,WOODLARK,Tregoning et al. (1998),NORTH_BISMARCK,Tregoning (2002),SOUTH_BISMARCK,Tregoning et al. (1998); Tregoning et al. (1999),136.0,3.0,28.0,120.0,106.0,53.0,81.0,78.0,11.0,-999.0,-999.0,-999.0,-109.0,107.0,301.0,34.0,-90.0,104.0,350.0,15.0,101.0,43.0,218.0,63.0,20.0,71.0,299.0,34.0,-59.0,85.0,16.0,34.0,71.0,53.0,299.0,20.0,49.0,76.0,299.0,32.0,-64.0,89.0,16.0,31.0,76.0,48.0,168.0,24.0,44.0,82.0,300.0,35.0,-67.0,89.0,2.0,27.0,79.0,48.0,186.0,31.0,41.0,59.0,299.0,36.0,-48.0,79.0,16.0,41.0,59.0,62.0,168.0,13.0,61.0,22.0,27.0,17.0,17.0,104.0,139.0,62.0,63.0,94.0,121.0,28.0,22.0,90.0,202.0,1310.0,810.0,8.1,106.9,8.7,8.7,7.8,8.1,0.23,51.8750038,-999.0
SWP30,SWP29,SWP31,SWP,30,Hikurangi,178.7,-40.0,182.1,-40.7,169.0,-37.2,287.0,3.2,261.0,-999.0,116.0,20.0,-999.0,-999.0,1.5,-999.0,-999.0,-999.0,4.5,-999.0,-999.0,-999.0,1.2,-999.0,-999,1,1,SS-E,-999,92.0,392.0,251.0,33.0,162.0,89.0,124.0,3260.0,103.0,47.0,21.0,73.0,460.0,670.0,599.0,PACIFIC,Argus et al. (2011),AUSTRALIA,Argus et al. (2011),KERMADEC,Argus et al. (2011),42.0,273.0,14.0,40.0,28.0,42.0,259.0,28.0,37.0,10.0,179.0,108.0,-3.0,56.0,335.0,48.0,-37.0,78.0,303.0,16.0,75.0,47.0,330.0,43.0,-34.0,54.0,346.0,59.0,-28.0,70.0,309.0,22.0,65.0,44.0,343.0,56.0,-25.0,53.0,345.0,58.0,-28.0,70.0,308.0,21.0,65.0,43.0,342.0,55.0,-25.0,37.0,1.0,74.0,-10.0,50.0,306.0,19.0,47.0,27.0,2.0,75.0,-7.0,PACIFIC,Gripp & Gordon (2002),AUSTRALIA,Gripp & Gordon (2002),-999,-999,41.0,266.0,21.0,38.0,30.0,41.0,266.0,21.0,38.0,-999.0,-999.0,-999.0,0.0,70.0,328.0,41.0,-53.0,96.0,306.0,19.0,91.0,70.0,328.0,41.0,-53.0,41.0,343.0,56.0,-23.0,64.0,305.0,18.0,61.0,41.0,343.0,56.0,-23.0,46.0,338.0,51.0,-28.0,70.0,305.0,18.0,66.0,46.0,338.0,51.0,-28.0,-999.0,-999.0,-999.0,-999.0,-999.0,-999.0,-999.0,-999.0,-999.0,-999.0,-999.0,-999.0,34.0,360.0,73.0,-10.0,51.0,307.0,20.0,48.0,34.0,360.0,73.0,-10.0,-999.0,18.0,-999.0,1.0,-999.0,186.0,-999.0,61.0,-999.0,178.0,-999.0,20.0,3.0,8.0,44.0,25.0,0.0,7.88,0.0,7.8,0.0,7.7,0.01,25.0587845,14.851738
SWP31,SWP30,SWP32,SWP,31,Hikurangi,177.0,-41.4,178.8,-43.8,172.4,-34.2,332.0,2.7,290.0,-999.0,-999.0,-999.0,-999.0,-999.0,2.5,-999.0,-999.0,-999.0,4.7,-999.0,-999.0,-999.0,1.0,-999.0,-999,1,1,SS-E,-999,105.0,318.0,560.0,59.0,173.0,396.0,127.0,977.0,104.0,47.0,19.0,73.0,480.0,670.0,599.0,PACIFIC,Argus et al. (2011),AUSTRALIA,Argus et al. (2011),KERMADEC,Argus et al. (2011),34.0,263.0,69.0,12.0,8.0,40.0,256.0,76.0,10.0,7.0,222.0,110.0,-2.0,57.0,335.0,3.0,-57.0,76.0,304.0,28.0,67.0,55.0,328.0,4.0,-55.0,56.0,346.0,14.0,-54.0,69.0,310.0,22.0,64.0,52.0,339.0,7.0,-51.0,54.0,345.0,13.0,-53.0,68.0,309.0,23.0,63.0,51.0,339.0,7.0,-50.0,38.0,0.0,28.0,-34.0,48.0,306.0,26.0,43.0,33.0,352.0,20.0,-31.0,PACIFIC,Gripp & Gordon (2002),AUSTRALIA,Gripp & Gordon (2002),-999,-999,38.0,263.0,69.0,13.0,10.0,38.0,263.0,69.0,13.0,-999.0,-999.0,-999.0,0.0,72.0,329.0,3.0,-72.0,94.0,307.0,25.0,85.0,72.0,329.0,3.0,-72.0,44.0,343.0,11.0,-43.0,63.0,306.0,26.0,56.0,44.0,343.0,11.0,-43.0,48.0,339.0,7.0,-48.0,68.0,306.0,26.0,61.0,48.0,339.0,7.0,-48.0,-999.0,-999.0,-999.0,-999.0,-999.0,-999.0,-999.0,-999.0,-999.0,-999.0,-999.0,-999.0,36.0,358.0,26.0,-32.0,50.0,308.0,24.0,46.0,36.0,358.0,26.0,-32.0,-999.0,18.0,-999.0,1.0,-999.0,186.0,-999.0,61.0,-999.0,178.0,-999.0,20.0,3.0,8.0,53.0,25.0,0.0,7.88,0.0,7.8,0.0,7.7,0.0,24.4845524,13.8767624
SWP32,SWP31,SWP33,SWP,32,Hikurangi,175.0,-42.3,177.4,-44.3,168.6,-35.9,320.0,2.6,-999.0,-999.0,-999.0,-999.0,-999.0,-999.0,3.0,-999.0,-999.0,-999.0,6.0,-999.0,-999.0,-999.0,0.8,-999.0,-999,1,1,SS-C,-999,176.0,480.0,908.0,70.0,172.0,406.0,-999.0,-999.0,-999.0,-999.0,25.0,72.0,320.0,670.0,232.0,PACIFIC,Argus et al. (2011),AUSTRALIA,Argus et al. (2011),KERMADEC,Argus et al. (2011),32.0,248.0,72.0,10.0,-999.0,39.0,253.0,67.0,15.0,8.0,270.0,50.0,5.0,58.0,336.0,16.0,-56.0,74.0,305.0,15.0,71.0,62.0,330.0,10.0,-61.0,57.0,347.0,27.0,-51.0,67.0,311.0,9.0,66.0,59.0,339.0,19.0,-56.0,56.0,346.0,26.0,-50.0,66.0,310.0,10.0,65.0,58.0,339.0,19.0,-55.0,40.0,0.0,40.0,-30.0,47.0,307.0,13.0,45.0,40.0,349.0,29.0,-35.0,PACIFIC,Gripp & Gordon (2002),AUSTRALIA,Gripp & Gordon (2002),-999,-999,37.0,259.0,61.0,18.0,-999.0,37.0,259.0,61.0,18.0,-999.0,-999.0,-999.0,0.0,73.0,330.0,10.0,-72.0,92.0,307.0,13.0,90.0,73.0,330.0,10.0,-72.0,45.0,343.0,23.0,-42.0,61.0,305.0,15.0,59.0,45.0,343.0,23.0,-42.0,50.0,339.0,19.0,-47.0,67.0,305.0,15.0,65.0,50.0,339.0,19.0,-47.0,-999.0,-999.0,-999.0,-999.0,-999.0,-999.0,-999.0,-999.0,-999.0,-999.0,-999.0,-999.0,37.0,358.0,38.0,-29.0,48.0,307.0,13.0,47.0,37.0,358.0,38.0,-29.0,-999.0,18.0,-999.0,1.0,-999.0,186.0,-999.0,61.0,-999.0,178.0,-999.0,20.0,1.0,8.0,17.0,25.0,0.0,7.88,0.0,7.8,0.0,7.7,0.0,22.2726879,11.2781696
SWP33,SWP32,,SWP,33,Puysegur,164.5,-48.0,160.5,-47.6,176.6,-48.5,98.0,5.8,-999.0,-999.0,-999.0,-999.0,-999.0,-999.0,1.0,-999.0,-999.0,-999.0,1.0,-999.0,-999.0,-999.0,-999.0,-999.0,-999,2,1,Undefined,-999,156.0,823.0,380.0,59.0,517.0,350.0,28.0,580.0,49.0,22.0,48.0,66.0,-999.0,150.0,30.0,AUSTRALIA,Argus et al. (2011),PACIFIC,Argus et al. (2011),-999,-999,36.0,52.0,46.0,25.0,-999.0,36.0,52.0,46.0,25.0,-999.0,-999.0,-999.0,-999.0,62.0,309.0,149.0,53.0,65.0,342.0,116.0,-28.0,62.0,309.0,149.0,53.0,57.0,317.0,141.0,44.0,64.0,351.0,107.0,-19.0,57.0,317.0,141.0,44.0,56.0,316.0,142.0,44.0,63.0,350.0,108.0,-19.0,56.0,316.0,142.0,44.0,37.0,311.0,147.0,31.0,47.0,0.0,98.0,-6.0,37.0,311.0,147.0,31.0,AUSTRALIA,Gripp & Gordon (2002),PACIFIC,Gripp & Gordon (2002),-999,-999,32.0,57.0,43.0,23.0,-999.0,32.0,57.0,43.0,23.0,-999.0,-999.0,-999.0,0.0,79.0,313.0,33.0,66.0,78.0,337.0,57.0,-43.0,79.0,313.0,33.0,66.0,52.0,312.0,33.0,44.0,53.0,358.0,69.0,-19.0,52.0,312.0,33.0,44.0,58.0,312.0,33.0,49.0,59.0,358.0,66.0,-24.0,58.0,312.0,33.0,49.0,59.0,311.0,33.0,49.0,59.0,344.0,66.0,-24.0,59.0,311.0,33.0,49.0,39.0,312.0,34.0,32.0,44.0,358.0,80.0,-8.0,39.0,312.0,34.0,32.0,-999.0,-999.0,-999.0,-999.0,-999.0,-999.0,-999.0,-999.0,-999.0,-999.0,-999.0,-999.0,1.0,4.0,15.0,28.0,0.0,5.6,0.0,8.0,0.0,7.4,0.0,42.4649963,-999.0
SWP4,SWP3,SWP5,SWP,4,Solomons,154.0,-6.5,152.4,-8.7,158.6,0.1,35.0,8.7,117.0,-999.0,-999.0,-999.0,-999.0,-999.0,-999.0,-999.0,0.1,-999.0,-999.0,-999.0,-999.0,-999.0,-999.0,-999.0,-999,1,2,C-SS,-999,179.0,833.0,755.0,72.0,282.0,454.0,30.0,1831.0,50.0,23.0,39.0,73.0,140.0,670.0,534.0,SOLOMON_SEA,Argus et al. (2011),PACIFIC,Argus et al. (2011),NORTH_BISMARCK,Argus et al. (2011),84.0,57.0,22.0,77.0,60.0,90.0,53.0,18.0,86.0,10.0,9.0,26.0,9.0,95.0,292.0,103.0,22.0,91.0,350.0,45.0,64.0,98.0,297.0,98.0,13.0,83.0,297.0,98.0,12.0,92.0,359.0,36.0,74.0,86.0,303.0,92.0,3.0,83.0,296.0,99.0,14.0,91.0,358.0,37.0,72.0,86.0,302.0,93.0,5.0,65.0,288.0,107.0,19.0,76.0,8.0,27.0,67.0,67.0,296.0,99.0,10.0,AUSTRALIA,Gripp & Gordon (2002),PACIFIC,Gripp & Gordon (2002),-999,-999,99.0,-999.0,20.0,93.0,80.0,99.0,-999.0,20.0,93.0,-999.0,-999.0,-999.0,-999.0,112.0,-999.0,82.0,16.0,110.0,350.0,45.0,78.0,112.0,-999.0,82.0,16.0,-999.0,-999.0,-999.0,-999.0,-999.0,-999.0,-999.0,-999.0,-999.0,-999.0,-999.0,-999.0,-999.0,-999.0,-999.0,-999.0,-999.0,-999.0,-999.0,-999.0,-999.0,-999.0,-999.0,-999.0,-999.0,-999.0,-999.0,-999.0,-999.0,-999.0,-999.0,-999.0,-999.0,-999.0,-999.0,-999.0,-999.0,-999.0,-999.0,-999.0,-999.0,-999.0,-999.0,-999.0,-999.0,-999.0,-999.0,-999.0,32.0,24.0,15.0,10.0,85.0,105.0,64.0,63.0,72.0,97.0,42.0,33.0,82.0,152.0,1197.0,780.0,7.2,62.35,8.6,8.6,7.7,8.1,0.36,63.2749977,-999.0
SWP5,SWP4,SWP6,SWP,5,Solomons,156.0,-8.0,154.5,-10.3,160.4,-1.2,33.0,4.7,67.0,-999.0,-999.0,-999.0,-999.0,-999.0,-999.0,-999.0,0.1,-999.0,-999.0,-999.0,-999.0,-999.0,-999.0,-999.0,-999,1,2,Undefined,-999,283.0,1046.0,809.0,60.0,372.0,545.0,5.0,445.0,21.0,9.0,50.0,71.0,130.0,500.0,401.0,WOODLARK,Argus et al. (2011),PACIFIC,Argus et al. (2011),-999,-999,109.0,51.0,18.0,104.0,87.0,109.0,51.0,18.0,104.0,-999.0,-999.0,-999.0,-999.0,95.0,292.0,101.0,17.0,104.0,359.0,34.0,86.0,95.0,292.0,101.0,17.0,83.0,298.0,95.0,8.0,107.0,6.0,27.0,96.0,83.0,298.0,95.0,8.0,83.0,296.0,97.0,10.0,105.0,6.0,27.0,94.0,83.0,296.0,97.0,10.0,64.0,289.0,104.0,15.0,93.0,15.0,18.0,88.0,64.0,289.0,104.0,15.0,AUSTRALIA,Gripp & Gordon (2002),PACIFIC,Gripp & Gordon (2002),-999,-999,107.0,-999.0,18.0,102.0,90.0,107.0,-999.0,18.0,102.0,-999.0,-999.0,-999.0,-999.0,112.0,-999.0,84.0,12.0,120.0,352.0,41.0,91.0,112.0,-999.0,84.0,12.0,-999.0,-999.0,-999.0,-999.0,-999.0,-999.0,-999.0,-999.0,-999.0,-999.0,-999.0,-999.0,-999.0,-999.0,-999.0,-999.0,-999.0,-999.0,-999.0,-999.0,-999.0,-999.0,-999.0,-999.0,-999.0,-999.0,-999.0,-999.0,-999.0,-999.0,-999.0,-999.0,-999.0,-999.0,-999.0,-999.0,-999.0,-999.0,-999.0,-999.0,-999.0,-999.0,-999.0,-999.0,-999.0,-999.0,-999.0,-999.0,28.0,24.0,10.0,10.0,86.0,105.0,50.0,63.0,70.0,97.0,35.0,33.0,42.0,152.0,615.0,780.0,0.86,62.35,8.0,8.6,6.9,8.1,0.16,63.2749977,-999.0
SWP6,SWP5,SWP7,SWP,6,Solomons,158.0,-9.3,156.7,-11.7,161.9,-2.2,29.0,4.0,-999.0,-999.0,-999.0,-999.0,-999.0,-999.0,-999.0,-999.0,0.1,-999.0,-999.0,-999.0,-999.0,-999.0,-999.0,-999.0,-999,1,2,Undefined,-999,208.0,1038.0,1170.0,98.0,373.0,708.0,4.0,97.0,18.0,8.0,43.0,0.0,-999.0,500.0,-999.0,AUSTRALIA,Argus et al. (2011),PACIFIC,Argus et al. (2011),-999,-999,98.0,73.0,44.0,71.0,-999.0,98.0,73.0,44.0,70.0,-999.0,-999.0,-999.0,-999.0,94.0,293.0,96.0,10.0,66.0,6.0,23.0,61.0,94.0,293.0,96.0,10.0,82.0,298.0,91.0,1.0,71.0,18.0,11.0,70.0,82.0,298.0,91.0,1.0,83.0,297.0,92.0,3.0,69.0,17.0,12.0,68.0,83.0,297.0,92.0,3.0,64.0,290.0,99.0,10.0,61.0,34.0,5.0,61.0,64.0,290.0,99.0,10.0,AUSTRALIA,Gripp & Gordon (2002),PACIFIC,Gripp & Gordon (2002),-999,-999,96.0,-999.0,47.0,66.0,-999.0,96.0,-999.0,47.0,66.0,-999.0,-999.0,-999.0,-999.0,112.0,-999.0,89.0,2.0,76.0,356.0,33.0,64.0,112.0,-999.0,89.0,2.0,-999.0,-999.0,-999.0,-999.0,-999.0,-999.0,-999.0,-999.0,-999.0,-999.0,-999.0,-999.0,-999.0,-999.0,-999.0,-999.0,-999.0,-999.0,-999.0,-999.0,-999.0,-999.0,-999.0,-999.0,-999.0,-999.0,-999.0,-999.0,-999.0,-999.0,-999.0,-999.0,-999.0,-999.0,-999.0,-999.0,-999.0,-999.0,-999.0,-999.0,-999.0,-999.0,-999.0,-999.0,-999.0,-999.0,-999.0,-999.0,21.0,5.0,11.0,11.0,54.0,85.0,32.0,46.0,39.0,87.0,32.0,24.0,13.0,61.0,190.0,211.0,0.91,43.31,8.0,8.4,7.2,7.9,0.02,63.2749977,-999.0
SWP7,SWP6,SWP8,SWP,7,Solomons,160.0,-10.3,159.0,-12.8,163.0,-2.8,22.0,5.3,100.0,-999.0,-999.0,-999.0,-999.0,-999.0,-999.0,-999.0,-999.0,-999.0,0.7,-999.0,-999.0,-999.0,-999.0,-999.0,-999,1,2,Undefined,-999,182.0,1251.0,1421.0,79.0,527.0,625.0,50.0,2480.0,65.0,30.0,45.0,77.0,-999.0,670.0,-999.0,AUSTRALIA,Argus et al. (2011),PACIFIC,Argus et al. (2011),-999,-999,96.0,74.0,52.0,59.0,-999.0,96.0,74.0,52.0,59.0,-999.0,-999.0,-999.0,-999.0,94.0,294.0,88.0,-2.0,65.0,5.0,17.0,62.0,94.0,294.0,88.0,-2.0,82.0,299.0,83.0,-10.0,70.0,17.0,5.0,69.0,82.0,299.0,83.0,-10.0,83.0,298.0,84.0,-8.0,68.0,17.0,5.0,67.0,83.0,298.0,84.0,-8.0,64.0,291.0,91.0,1.0,59.0,34.0,12.0,58.0,64.0,291.0,91.0,1.0,AUSTRALIA,Gripp & Gordon (2002),PACIFIC,Gripp & Gordon (2002),-999,-999,94.0,-999.0,55.0,55.0,-999.0,94.0,-999.0,55.0,55.0,-999.0,-999.0,-999.0,-999.0,112.0,-999.0,84.0,-12.0,75.0,355.0,27.0,67.0,112.0,-999.0,84.0,-12.0,-999.0,-999.0,-999.0,-999.0,-999.0,-999.0,-999.0,-999.0,-999.0,-999.0,-999.0,-999.0,-999.0,-999.0,-999.0,-999.0,-999.0,-999.0,-999.0,-999.0,-999.0,-999.0,-999.0,-999.0,-999.0,-999.0,-999.0,-999.0,-999.0,-999.0,-999.0,-999.0,-999.0,-999.0,-999.0,-999.0,-999.0,-999.0,-999.0,-999.0,-999.0,-999.0,-999.0,-999.0,-999.0,-999.0,-999.0,-999.0,43.0,5.0,11.0,11.0,70.0,85.0,41.0,46.0,40.0,87.0,49.0,24.0,15.0,61.0,220.0,211.0,5.7,43.31,8.6,8.4,7.5,7.9,0.26,47.5499992,-999.0
SWP8,SWP7,SWP9,SWP,8,Solomons,162.0,-11.3,161.8,-14.0,162.7,-3.2,5.0,7.6,-999.0,-999.0,-999.0,-999.0,-999.0,-999.0,-999.0,-999.0,1.3,-999.0,-999.0,-999.0,-999.0,-999.0,-999.0,-999.0,-999,1,2,Undefined,-999,133.0,894.0,807.0,45.0,356.0,335.0,40.0,1070.0,58.0,27.0,43.0,70.0,-999.0,670.0,172.0,AUSTRALIA,Argus et al. (2011),PACIFIC,Argus et al. (2011),-999,-999,95.0,75.0,70.0,33.0,-999.0,95.0,75.0,70.0,33.0,-999.0,-999.0,-999.0,-999.0,94.0,294.0,71.0,-31.0,63.0,5.0,0.0,63.0,94.0,294.0,71.0,-31.0,82.0,299.0,66.0,-34.0,68.0,17.0,12.0,67.0,82.0,299.0,66.0,-34.0,83.0,298.0,67.0,-33.0,66.0,16.0,11.0,65.0,83.0,298.0,67.0,-33.0,64.0,292.0,73.0,-18.0,58.0,33.0,28.0,51.0,64.0,292.0,73.0,-18.0,AUSTRALIA,Gripp & Gordon (2002),PACIFIC,Gripp & Gordon (2002),-999,-999,92.0,-999.0,73.0,28.0,-999.0,92.0,-999.0,73.0,28.0,-999.0,-999.0,-999.0,-999.0,112.0,-999.0,66.0,-46.0,74.0,354.0,11.0,73.0,112.0,-999.0,66.0,-46.0,-999.0,-999.0,-999.0,-999.0,-999.0,-999.0,-999.0,-999.0,-999.0,-999.0,-999.0,-999.0,-999.0,-999.0,-999.0,-999.0,-999.0,-999.0,-999.0,-999.0,-999.0,-999.0,-999.0,-999.0,-999.0,-999.0,-999.0,-999.0,-999.0,-999.0,-999.0,-999.0,-999.0,-999.0,-999.0,-999.0,-999.0,-999.0,-999.0,-999.0,-999.0,-999.0,-999.0,-999.0,-999.0,-999.0,-999.0,-999.0,11.0,5.0,11.0,11.0,77.0,85.0,48.0,46.0,76.0,87.0,29.0,24.0,27.0,61.0,397.0,211.0,1.9,43.31,8.2,8.4,7.0,7.9,0.02,37.8663406,-999.0
SWP9,SWP8,SWP10,SWP,9,Solomons,164.0,-11.0,164.4,-13.7,162.9,-3.0,352.0,7.3,-999.0,-999.0,-999.0,-999.0,-999.0,-999.0,-999.0,-999.0,-999.0,-999.0,0.7,-999.0,-999.0,-999.0,-999.0,-999.0,-999,1,2,Undefined,-999,111.0,735.0,637.0,63.0,347.0,229.0,30.0,-999.0,50.0,23.0,-999.0,-999.0,-999.0,500.0,150.0,AUSTRALIA,Argus et al. (2011),PACIFIC,Argus et al. (2011),-999,-999,94.0,76.0,84.0,10.0,-999.0,94.0,76.0,84.0,10.0,-999.0,-999.0,-999.0,-999.0,95.0,294.0,58.0,-51.0,62.0,5.0,13.0,61.0,95.0,294.0,58.0,-51.0,83.0,300.0,52.0,-51.0,67.0,17.0,25.0,61.0,83.0,300.0,52.0,-51.0,83.0,298.0,54.0,-50.0,65.0,16.0,24.0,59.0,83.0,298.0,54.0,-50.0,64.0,292.0,60.0,-32.0,57.0,34.0,42.0,42.0,64.0,292.0,60.0,-32.0,AUSTRALIA,Gripp & Gordon (2002),PACIFIC,Gripp & Gordon (2002),-999,-999,92.0,-999.0,87.0,5.0,-999.0,92.0,-999.0,87.0,5.0,-999.0,-999.0,-999.0,-999.0,113.0,-999.0,53.0,68.0,73.0,354.0,2.0,73.0,113.0,-999.0,53.0,68.0,-999.0,-999.0,-999.0,-999.0,-999.0,-999.0,-999.0,-999.0,-999.0,-999.0,-999.0,-999.0,-999.0,-999.0,-999.0,-999.0,-999.0,-999.0,-999.0,-999.0,-999.0,-999.0,-999.0,-999.0,-999.0,-999.0,-999.0,-999.0,-999.0,-999.0,-999.0,-999.0,-999.0,-999.0,-999.0,-999.0,-999.0,-999.0,-999.0,-999.0,-999.0,-999.0,-999.0,-999.0,-999.0,-999.0,-999.0,-999.0,-999.0,5.0,-999.0,11.0,-999.0,85.0,-999.0,46.0,-999.0,87.0,-999.0,24.0,6.0,61.0,88.0,211.0,0.0,43.31,0.0,8.4,0.0,7.9,0.04,47.5499992,-999.0
