Short_Name,Zone,id,Trench_Name,Lon,Lat,Lon1,Lat1,Lon2,Lat2,Az,UPN,Geodetic_UPS,Seismic_UPS,M56_SP_Name,M56_UP_Name,M56_ARC_Name,M56_ARC_ref,M56_vc,M56_Azvc,M56_Ovc,M56_vcn,M56_vs,M56_Azvs,M56_Ovs,M56_vsn,M56_vd,M56_Azvd,M56_Ovd,M56_vdn,alphaS,alphaD,A,Phi,join_distance_km,muller_row,muller_lon,muller_lat,subducting_plate_id,trench_plate_id,trench_normal_azimuth_deg,arc_segment_length_km,conv_mag_cm_yr,conv_obliquity_deg,conv_perp_cm_yr,conv_parallel_cm_yr,v_T_perp,v_T_parallel,v_OP_perp,v_OP_parallel,seafloor_age_Ma,dist_nearest_trench_edge_km,zone_id,trench_zone_width_km,upper_plate_nature,UPS_3,M56_vc_cm_yr,M56_vcn_cm_yr,M56_vs_cm_yr,M56_vsn_cm_yr,M56_vd_cm_yr,M56_vdn_cm_yr
MED1,MED,1,Calabria,17.400000,40.000000,20.800000,40.600000,7.500000,37.500000,255.000000,1,SS-E,-999,NUBIA,EURASIA,DEF_CALABRIAN_ARC,Serpelloni et al. (2009),9.000000,341.000000,86.000000,1.000000,12.000000,335.000000,80.000000,2.000000,3.000000,135.000000,120.000000,-2.000000,45.000000,54.000000,-999.000000,-999.000000,9.680753,210,17.305876,40.048831,701,307051,225.351438,55.597542,3.331659,66.067968,1.351496,3.045227,4.252881,-3.088302,-4.039512,-2.534629,,958.145396,6,7890.353345,continental,SS,0.900000,0.100000,1.200000,0.200000,0.300000,-0.200000
MED10,MED,10,Aegean,28.000000,33.000000,29.100000,30.500000,24.400000,40.600000,340.000000,1,E-SS,-999,NUBIA,EURASIA,RHODES,Vernant et al. (2014),10.000000,358.000000,18.000000,10.000000,42.000000,6.000000,26.000000,37.000000,32.000000,189.000000,151.000000,-28.000000,15.000000,42.000000,267.000000,4584.000000,95.210336,30,27.452671,33.724010,701,307068,319.923431,55.597542,1.075833,45.350260,0.756064,0.765365,0.843392,2.345370,-0.911452,2.125459,307.425140,680.720552,6,7890.353345,continental,E,1.000000,1.000000,4.200000,3.700000,3.200000,-2.800000
MED11,MED,11,Aegean,30.000000,34.400000,32.100000,32.300000,23.200000,40.400000,320.000000,1,SS-E,-999,NUBIA,EURASIA,ISPARTA,Vernant et al. (2014),10.000000,357.000000,37.000000,8.000000,20.000000,8.000000,48.000000,14.000000,10.000000,198.000000,122.000000,-5.000000,18.000000,43.000000,261.000000,1811.000000,26.446662,35,30.287266,34.419990,701,307072,355.146290,55.597542,1.195908,-19.139014,1.129806,-0.392092,-0.558332,3.023162,0.512241,3.022982,337.951660,402.732842,6,7890.353345,continental,SS,1.000000,0.800000,2.000000,1.400000,1.000000,-0.500000
MED12,MED,12,Cyprean,31.500000,34.600000,30.900000,31.900000,33.400000,42.600000,10.000000,1,Neutral,-999,NUBIA,ANATOLIA,-999,-999,16.000000,34.000000,24.000000,14.000000,16.000000,34.000000,24.000000,14.000000,0.000000,-999.000000,-999.000000,0.000000,28.000000,51.000000,257.000000,2243.000000,19.141833,37,31.497493,34.427866,701,307072,2.617709,55.597542,1.436577,-21.658259,1.335157,-0.530197,-0.667072,2.942605,0.912738,2.939028,,291.537759,6,7890.353345,continental,N,1.600000,1.400000,1.600000,1.400000,0.000000,0.000000
MED13,MED,13,Cyprean,33.500000,34.100000,33.200000,31.400000,34.400000,42.200000,5.000000,1,Neutral,-999,NUBIA,ANATOLIA,-999,-999,12.000000,41.000000,36.000000,10.000000,12.000000,41.000000,36.000000,10.000000,0.000000,-999.000000,-999.000000,0.000000,28.000000,52.000000,-999.000000,-999.000000,68.928456,40,33.221809,34.675811,701,307073,330.840000,55.597542,1.476411,14.688641,1.428159,0.374368,1.030004,2.744781,-1.282072,2.663474,,124.745133,6,7890.353345,continental,N,1.200000,1.000000,1.200000,1.000000,0.000000,0.000000
MED16,MED,16,Makran,61.500000,24.000000,61.600000,21.300000,61.300000,32.100000,359.000000,1,C-SS,-999,ARABIA,EURASIA,LUT BLOCK,Reilinger et al. (2006),38.000000,21.000000,22.000000,35.000000,33.000000,26.000000,27.000000,29.000000,6.000000,349.000000,10.000000,6.000000,14.000000,34.000000,-999.000000,-999.000000,190.943578,339,62.189209,25.599175,503,4060,16.827585,55.597542,2.883388,-9.498454,2.843856,-0.475819,-1.543933,3.174442,1.544009,3.174598,,341.337924,10,897.313343,continental,C,3.800000,3.500000,3.300000,2.900000,0.600000,0.600000
MED17,MED,17,Makran,63.500000,24.100000,63.700000,21.400000,62.800000,32.200000,356.000000,1,C,-999,ARABIA,EURASIA,LUT BLOCK,Reilinger et al. (2006),39.000000,21.000000,25.000000,35.000000,34.000000,26.000000,30.000000,30.000000,5.000000,350.000000,7.000000,5.000000,13.000000,38.000000,93.000000,1173.000000,120.720340,342,63.775453,25.156394,503,4060,17.507465,55.597542,2.971629,-9.215120,2.933277,-0.475882,-1.522403,3.174504,1.522448,3.174598,,174.545298,10,897.313343,continental,C,3.900000,3.500000,3.400000,3.000000,0.500000,0.500000
MED18,MED,18,Makran,65.500000,24.500000,66.300000,21.900000,63.000000,32.300000,345.000000,1,C,-999,ARABIA,EURASIA,LUT BLOCK,Reilinger et al. (2006),40.000000,21.000000,36.000000,32.000000,36.000000,25.000000,40.000000,27.000000,5.000000,351.000000,6.000000,5.000000,13.000000,38.000000,97.000000,1101.000000,73.929619,345,65.416670,25.160549,503,4060,356.683802,35.551444,3.057217,12.056290,2.989784,0.638569,-0.229719,3.510417,0.229720,3.510428,,7.752673,10,897.313343,continental,C,4.000000,3.200000,3.600000,2.700000,0.500000,0.500000
MED2,MED,2,Calabria,19.200000,37.600000,21.700000,36.600000,9.400000,41.700000,300.000000,1,E-SS,-999,NUBIA,EURASIA,DEF_CALABRIAN_ARC,Serpelloni et al. (2009),9.000000,345.000000,45.000000,6.000000,12.000000,338.000000,38.000000,9.000000,3.000000,135.000000,165.000000,-3.000000,21.000000,51.000000,240.000000,1226.000000,16.462155,8,19.376774,37.552149,701,307061,121.080982,55.597542,1.149758,-74.173918,0.313560,-1.106175,-0.538829,-1.741278,0.767808,-2.228185,,444.780335,6,7890.353345,continental,E,0.900000,0.600000,1.200000,0.900000,0.300000,-0.300000
MED3,MED,3,Calabria,18.000000,36.100000,20.100000,34.000000,11.000000,42.100000,320.000000,1,E,-999,NUBIA,EURASIA,DEF_CALABRIAN_ARC,Serpelloni et al. (2009),9.000000,347.000000,27.000000,8.000000,11.000000,339.000000,19.000000,11.000000,3.000000,135.000000,175.000000,-3.000000,15.000000,52.000000,242.000000,1393.000000,18.527432,220,18.079478,36.253775,701,307055,312.172695,55.597542,7.682505,16.144367,7.379538,2.136186,7.665576,0.828291,-7.649612,0.588465,223.196793,402.169977,6,7890.353345,continental,E,0.900000,0.800000,1.100000,1.100000,0.300000,-0.300000
MED4,MED,4,Aegean,18.800000,37.000000,15.400000,37.000000,28.900000,36.400000,91.000000,1,SS-E,-999,NUBIA,EURASIA,WESTERN_PELOPONNESE,Vernant et al. (2014),9.000000,346.000000,105.000000,-2.000000,55.000000,20.000000,71.000000,18.000000,48.000000,206.000000,115.000000,-20.000000,-999.000000,-999.000000,247.000000,-999.000000,10.696193,218,18.920020,36.991970,701,307054,312.674133,55.597542,7.521894,2.889043,7.512334,0.379118,7.775767,2.585394,-7.796074,2.891628,,513.365061,6,7890.353345,continental,SS,0.900000,-0.200000,5.500000,1.800000,4.800000,-2.000000
MED5,MED,5,Aegean,18.900000,35.000000,16.200000,33.500000,27.700000,39.100000,57.000000,1,E-SS,-999,NUBIA,EURASIA,WESTERN_PELOPONNESE,Vernant et al. (2014),9.000000,349.000000,68.000000,3.000000,51.000000,9.000000,48.000000,34.000000,43.000000,193.000000,136.000000,-31.000000,12.000000,48.000000,-999.000000,-999.000000,18.584015,13,18.960924,35.159520,701,307063,88.041260,55.597542,2.808619,-50.852954,1.773117,-2.178164,-0.538215,0.255283,0.483165,0.331117,238.993652,722.768044,6,7890.353345,continental,E,0.900000,0.300000,5.100000,3.400000,4.300000,-3.100000
MED6,MED,6,Aegean,20.000000,33.700000,18.200000,31.500000,26.100000,40.200000,35.000000,1,E-SS,-999,NUBIA,EURASIA,WESTERN_PELOPONNESE,Vernant et al. (2014),9.000000,352.000000,43.000000,6.000000,46.000000,2.000000,33.000000,38.000000,37.000000,184.000000,149.000000,-32.000000,11.000000,57.000000,-999.000000,-999.000000,39.253894,16,20.123749,34.037734,701,307064,47.083699,55.597542,2.891951,-10.188946,2.846344,-0.511571,-0.189187,0.610612,0.188488,0.611533,,889.560670,6,7890.353345,continental,E,0.900000,0.600000,4.600000,3.800000,3.700000,-3.200000
MED7,MED,7,Aegean,22.000000,33.200000,20.900000,30.700000,25.600000,40.800000,20.000000,1,E-SS,-999,NUBIA,EURASIA,AEGEAN_SEA,Vernant et al. (2014),9.000000,354.000000,26.000000,8.000000,40.000000,24.000000,4.000000,40.000000,33.000000,212.000000,168.000000,-32.000000,13.000000,54.000000,-999.000000,-999.000000,25.024503,20,22.240547,33.099565,701,307087,27.222400,55.597542,2.667852,-3.369668,2.663240,-0.156811,-0.172793,1.339578,0.216843,1.276450,,1111.950837,6,7890.353345,continental,E,0.900000,0.800000,4.000000,4.000000,3.300000,-3.200000
MED8,MED,8,Aegean,24.000000,33.000000,23.400000,30.400000,26.200000,40.900000,12.000000,1,E-SS,-999,NUBIA,EURASIA,AEGEAN_SEA,Vernant et al. (2014),9.000000,355.000000,17.000000,9.000000,41.000000,25.000000,13.000000,40.000000,33.000000,213.000000,159.000000,-31.000000,15.000000,48.000000,277.000000,5551.000000,52.762302,23,23.867609,32.538741,701,307065,4.716063,55.597542,1.938020,5.268995,1.929831,0.177972,-0.228521,2.041542,-0.894159,1.686986,,1069.903345,6,7890.353345,continental,E,0.900000,0.900000,4.100000,4.000000,3.300000,-3.100000
MED9,MED,9,Aegean,26.000000,32.200000,26.500000,29.500000,24.200000,40.200000,350.000000,1,E-SS,-999,NUBIA,EURASIA,AEGEAN_SEA,Vernant et al. (2014),10.000000,357.000000,7.000000,10.000000,42.000000,26.000000,36.000000,34.000000,33.000000,214.000000,136.000000,-24.000000,14.000000,52.000000,276.000000,4832.000000,44.917002,26,25.618813,32.443741,701,307066,320.139278,55.597542,2.834704,42.813645,2.079448,1.926510,2.132958,1.185623,-2.192048,1.143681,,903.110719,6,7890.353345,continental,E,1.000000,1.000000,4.200000,3.400000,3.300000,-2.400000
NPA1,NPA,1,Japan,142.200000,35.000000,145.100000,33.700000,133.000000,38.300000,297.100000,1,SS-C,-999,PACIFIC,AMUR,OKHOTSK,Argus et al. (2011),99.000000,287.000000,10.000000,98.000000,93.000000,291.000000,7.000000,93.000000,8.000000,247.000000,51.000000,5.000000,19.000000,30.000000,132.000000,5067.000000,19.565505,997,142.000000,34.935974,901,659,270.000000,63.569629,3.772978,-19.990947,3.545644,-1.289874,-3.447761,2.349083,3.447792,2.349104,126.589615,35.770858,45,10186.753245,continental,SS,9.900000,9.800000,9.300000,9.300000,0.800000,0.500000
NPA10,NPA,10,Kurils,155.100000,47.000000,158.100000,45.300000,144.800000,51.500000,307.600000,2,Neutral,-999,PACIFIC,OKHOTSK,-999,-999,87.000000,298.000000,9.000000,86.000000,87.000000,298.000000,9.000000,86.000000,0.000000,-999.000000,-999.000000,0.000000,27.000000,45.000000,114.000000,5692.000000,29.210199,1012,154.728446,47.069862,901,406,303.123521,55.597542,8.223969,-10.455590,8.087417,-1.492431,2.001052,-0.588547,-2.001100,-0.588562,111.454079,778.365586,45,10186.753245,oceanic,N,8.700000,8.600000,8.700000,8.600000,0.000000,0.000000
NPA11,NPA,11,Kurils,157.500000,49.000000,160.400000,47.100000,147.500000,54.200000,313.900000,2,Neutral,-999,PACIFIC,OKHOTSK,-999,-999,86.000000,300.000000,14.000000,83.000000,86.000000,300.000000,14.000000,83.000000,0.000000,-999.000000,-999.000000,0.000000,25.000000,48.000000,107.000000,5177.000000,33.696433,1007,157.040162,49.029590,901,406,314.896131,55.597542,8.003658,-20.924277,7.475843,-2.858377,2.002095,-0.237315,-2.002468,-0.237359,109.008308,500.377877,45,10186.753245,oceanic,N,8.600000,8.300000,8.600000,8.300000,0.000000,0.000000
NPA12,NPA,12,Kamchatka,160.200000,51.000000,163.600000,49.400000,148.500000,55.000000,304.100000,2,Undefined,-999,PACIFIC,OKHOTSK,-999,-999,84.000000,302.000000,3.000000,84.000000,84.000000,302.000000,3.000000,84.000000,,-999.000000,-999.000000,,23.000000,50.000000,105.000000,5101.000000,23.807697,1001,160.228125,51.213378,901,406,307.471095,55.597542,7.726639,-11.717154,7.565631,-1.569129,1.842714,-0.566397,-1.842739,-0.566404,106.541267,166.792626,45,10186.753245,continental,Undefined,8.400000,8.400000,8.400000,8.400000,,
NPA13,NPA,13,Kamchatka,162.300000,53.000000,166.100000,51.600000,149.600000,56.400000,300.000000,2,Undefined,-999,PACIFIC,OKHOTSK,-999,-999,82.000000,303.000000,3.000000,82.000000,82.000000,303.000000,3.000000,82.000000,,-999.000000,-999.000000,,24.000000,58.000000,102.000000,5248.000000,44.465438,1133,162.543082,52.628080,901,413,349.225055,55.597542,7.530199,-52.152604,4.620232,-5.946204,1.723333,0.713850,-1.723434,0.713892,105.283974,73.567111,45,10186.753245,continental,Undefined,8.200000,8.200000,8.200000,8.200000,,
NPA14,NPA,14,Kamchatka,163.400000,54.300000,167.500000,53.100000,150.300000,57.900000,300.000000,2,Undefined,-999,PACIFIC,OKHOTSK,-999,-999,81.000000,304.000000,4.000000,81.000000,81.000000,304.000000,4.000000,81.000000,,-999.000000,-999.000000,,27.000000,58.000000,99.000000,5221.000000,109.250256,1204,164.714257,54.921346,406,111,36.905133,78.642527,0.856860,13.013665,0.834852,0.192951,1.530886,1.456340,-1.531073,1.456517,101.834435,50.843756,46,403.457659,continental,Undefined,8.100000,8.100000,8.100000,8.100000,,
NPA15,NPA,15,Aleutians,165.000000,54.900000,162.800000,52.500000,173.500000,61.700000,30.000000,2,SS-C,-999,PACIFIC,NORTH_AMERICA,DEF_KOMANDORSKY_FOREARC,Cross and Freymueller (2008),76.000000,307.000000,83.000000,9.000000,28.000000,289.000000,101.000000,-5.000000,50.000000,317.000000,73.000000,15.000000,8.000000,-999.000000,99.000000,-999.000000,18.418490,1204,164.714257,54.921346,406,111,36.905133,78.642527,0.856860,13.013665,0.834852,0.192951,1.530886,1.456340,-1.531073,1.456517,101.834435,50.843756,46,403.457659,continental,SS,7.600000,0.900000,2.800000,-0.500000,5.000000,1.500000
NPA16,NPA,16,Aleutians,167.000000,53.800000,164.900000,51.400000,175.000000,60.700000,29.000000,2,SS-C,-999,PACIFIC,NORTH_AMERICA,DEF_KOMANDORSKY_FOREARC,Cross and Freymueller (2008),76.000000,308.000000,81.000000,12.000000,32.000000,304.000000,85.000000,3.000000,44.000000,311.000000,78.000000,9.000000,8.000000,-999.000000,102.000000,-999.000000,27.705743,1201,166.755232,54.003189,406,111,38.566054,55.597542,0.919946,12.102751,0.899499,0.192881,1.545195,1.456409,-1.545308,1.456517,104.211159,217.636381,46,403.457659,continental,SS,7.600000,1.200000,3.200000,0.300000,4.400000,0.900000
NPA17,NPA,17,Aleutians,169.000000,52.900000,167.000000,50.500000,176.600000,59.800000,28.000000,2,SS,-999,PACIFIC,NORTH_AMERICA,DEF_KOMANDORSKY_FOREARC,Cross and Freymueller (2008),76.000000,309.000000,79.000000,14.000000,38.000000,312.000000,76.000000,9.000000,38.000000,306.000000,82.000000,5.000000,11.000000,-999.000000,99.000000,-999.000000,23.629178,1125,169.118333,53.100214,901,413,2.686907,27.798771,7.281852,-63.103981,3.294111,-6.494166,1.472225,0.937134,-1.472225,0.937134,106.999321,0.000000,45,10186.753245,continental,SS,7.600000,1.400000,3.800000,0.900000,3.800000,0.500000
NPA18,NPA,18,Aleutians,171.000000,52.100000,169.000000,49.700000,178.400000,59.000000,28.000000,2,SS,-999,PACIFIC,NORTH_AMERICA,DEF_KOMANDORSKY_FOREARC,Cross and Freymueller (2008),76.000000,310.000000,78.000000,16.000000,45.000000,317.000000,71.000000,14.000000,32.000000,300.000000,88.000000,1.000000,26.000000,-999.000000,102.000000,-999.000000,30.360109,1195,170.953820,52.371566,901,111,33.978077,55.597542,6.971366,-86.120460,0.471676,-6.955391,1.756786,1.228386,-1.756941,1.228495,43.375084,551.221632,45,10186.753245,continental,SS,7.600000,1.600000,4.500000,1.400000,3.200000,0.100000
NPA19,NPA,19,Aleutians,173.000000,51.600000,171.100000,49.200000,180.300000,58.600000,27.900000,2,SS,-999,PACIFIC,NORTH_AMERICA,DEF_KOMANDORSKY_FOREARC,Cross and Freymueller (2008),76.000000,311.000000,77.000000,17.000000,49.000000,321.000000,67.000000,19.000000,29.000000,293.000000,95.000000,-3.000000,30.000000,-999.000000,73.000000,-999.000000,11.249880,1192,173.105806,51.676967,901,111,25.592184,55.597542,6.952194,-76.872193,1.579010,-6.770504,1.954989,0.901161,-1.955513,0.901402,44.028671,718.014258,45,10186.753245,continental,SS,7.600000,1.700000,4.900000,1.900000,2.900000,-0.300000
NPA2,NPA,2,Japan,143.500000,37.000000,146.400000,35.700000,134.200000,40.600000,298.900000,1,SS-C,-999,PACIFIC,AMUR,OKHOTSK,Argus et al. (2011),98.000000,288.000000,11.000000,96.000000,93.000000,291.000000,8.000000,92.000000,7.000000,243.000000,56.000000,4.000000,17.000000,28.000000,134.000000,4696.000000,26.269633,1079,143.429282,37.229419,901,601114,294.566304,55.597542,9.357698,5.375317,9.316547,0.876624,2.577133,-2.724659,-2.386970,-2.563097,132.625824,444.780335,45,10186.753245,continental,SS,9.800000,9.600000,9.300000,9.200000,0.700000,0.400000
NPA20,NPA,20,Aleutians,175.000000,51.100000,173.900000,48.500000,179.300000,58.800000,16.200000,2,SS,-999,PACIFIC,NORTH_AMERICA,DEF_KOMANDORSKY_FOREARC,Cross and Freymueller (2008),76.000000,312.000000,64.000000,33.000000,53.000000,324.000000,52.000000,33.000000,26.000000,286.000000,90.000000,0.000000,33.000000,-999.000000,49.000000,-999.000000,20.557332,1189,175.256169,51.009165,901,111,27.271509,55.597542,6.929563,-77.707458,1.475326,-6.770691,1.964761,0.901348,-1.964879,0.901402,47.923050,884.806884,45,10186.753245,continental,SS,7.600000,3.300000,5.300000,3.300000,2.600000,0.000000
NPA21,NPA,21,Aleutians,177.000000,50.800000,175.500000,48.300000,182.500000,58.200000,20.900000,2,SS-E,-999,PACIFIC,NORTH_AMERICA,DEF_KOMANDORSKY_FOREARC,Cross and Freymueller (2008),75.000000,313.000000,68.000000,28.000000,58.000000,326.000000,55.000000,33.000000,23.000000,279.000000,102.000000,-5.000000,32.000000,58.000000,51.000000,1160.000000,14.864861,1187,176.790492,50.781821,901,111,11.167557,55.597542,6.898120,-60.930808,3.351558,-6.029189,2.149152,0.276229,-2.149453,0.276268,50.704136,996.001967,45,10186.753245,continental,SS,7.500000,2.800000,5.800000,3.300000,2.300000,-0.500000
NPA22,NPA,22,Aleutians,179.000000,50.400000,178.200000,47.800000,182.200000,58.300000,11.600000,2,SS-E,-999,PACIFIC,NORTH_AMERICA,DEF_KOMANDORSKY_FOREARC,Cross and Freymueller (2008),75.000000,314.000000,58.000000,40.000000,61.000000,326.000000,45.000000,43.000000,20.000000,272.000000,100.000000,-3.000000,31.000000,60.000000,53.000000,1574.000000,15.222714,1184,179.115442,50.515500,901,111,6.315820,55.597542,6.843835,-55.049450,3.920623,-5.609527,2.173770,0.024918,-2.173937,0.024920,53.534500,1162.794593,45,10186.753245,continental,SS,7.500000,4.000000,6.100000,4.300000,2.000000,-0.300000
NPA23,NPA,23,Aleutians,181.000000,50.300000,181.600000,47.600000,178.600000,58.300000,350.900000,2,SS-C,-999,PACIFIC,NORTH_AMERICA,DEF_KOMANDORSKY_FOREARC,Cross and Freymueller (2008),74.000000,315.000000,36.000000,60.000000,65.000000,326.000000,24.000000,59.000000,17.000000,265.000000,74.000000,5.000000,30.000000,63.000000,53.000000,2175.000000,25.388227,1182,-179.325314,50.395059,901,111,7.518227,55.597542,6.802393,-55.552053,3.847823,-5.609528,2.177668,0.024919,-2.177770,0.024920,54.657185,1273.989677,45,10186.753245,continental,SS,7.400000,6.000000,6.500000,5.900000,1.700000,0.500000
NPA24,NPA,24,Aleutians,183.000000,50.400000,183.700000,47.700000,180.300000,58.300000,350.200000,2,E-SS,-999,PACIFIC,NORTH_AMERICA,PENINSULA,Elliot and Freymueller (2020),74.000000,316.000000,34.000000,61.000000,76.000000,321.000000,30.000000,66.000000,7.000000,206.000000,144.000000,-5.000000,27.000000,68.000000,55.000000,2507.000000,16.895648,1179,-176.993999,50.551898,901,111,352.429493,55.597542,6.718355,-39.295930,5.199236,-4.254909,2.094564,-0.608655,-2.095605,-0.608957,55.608273,1440.782302,45,10186.753245,continental,E,7.400000,6.100000,7.600000,6.600000,0.700000,-0.500000
NPA25,NPA,25,Aleutians,185.000000,50.500000,185.600000,47.800000,182.900000,58.500000,352.000000,2,E-SS,-999,PACIFIC,NORTH_AMERICA,PENINSULA,Elliot and Freymueller (2020),73.000000,317.000000,35.000000,60.000000,75.000000,322.000000,30.000000,65.000000,6.000000,210.000000,142.000000,-5.000000,26.000000,64.000000,56.000000,2434.000000,35.492589,1176,-174.644708,50.725954,901,111,354.245986,55.597542,6.629513,-39.926778,5.083943,-4.254875,2.097768,-0.608688,-2.098695,-0.608957,55.513187,1607.574928,45,10186.753245,continental,E,7.300000,6.000000,7.500000,6.500000,0.600000,-0.500000
NPA26,NPA,26,Aleutians,187.000000,50.800000,187.500000,48.200000,185.100000,58.900000,353.000000,2,E-SS,-999,PACIFIC,NORTH_AMERICA,PENINSULA,Elliot and Freymueller (2020),72.000000,318.000000,35.000000,59.000000,74.000000,323.000000,30.000000,64.000000,6.000000,216.000000,137.000000,-4.000000,28.000000,62.000000,54.000000,2337.000000,5.205103,1174,-173.069830,50.815621,901,111,355.465953,55.597542,6.569721,-40.361696,5.005940,-4.254621,2.099904,-0.608942,-2.099956,-0.608957,57.431698,1718.770011,45,10186.753245,continental,E,7.200000,5.900000,7.400000,6.400000,0.600000,-0.400000
NPA27,NPA,27,Aleutians,189.000000,51.100000,190.300000,48.500000,184.200000,58.700000,342.300000,2,SS-E,-999,PACIFIC,NORTH_AMERICA,PENINSULA,Elliot and Freymueller (2020),71.000000,319.000000,23.000000,66.000000,72.000000,324.000000,19.000000,69.000000,5.000000,221.000000,121.000000,-3.000000,28.000000,62.000000,61.000000,2846.000000,24.871222,1171,-170.807555,51.288373,901,111,342.063646,55.597542,6.460159,-25.670270,5.822553,-2.798486,1.867758,-1.136636,-1.868358,-1.137001,61.748837,1885.562637,45,10186.753245,continental,SS,7.100000,6.600000,7.200000,6.900000,0.500000,-0.300000
NPA28,NPA,28,Aleutians,191.000000,51.500000,192.700000,49.000000,184.700000,58.700000,336.200000,2,SS-E,-999,PACIFIC,NORTH_AMERICA,PENINSULA,Elliot and Freymueller (2020),70.000000,321.000000,16.000000,68.000000,71.000000,325.000000,11.000000,69.000000,5.000000,228.000000,109.000000,-2.000000,30.000000,63.000000,59.000000,2831.000000,21.382318,1169,-169.276229,51.586398,901,111,343.261063,55.597542,6.385450,-25.991151,5.739637,-2.798311,1.867846,-1.136811,-1.868158,-1.137001,60.289284,1890.316423,45,10186.753245,continental,SS,7.000000,6.800000,7.100000,6.900000,0.500000,-0.200000
NPA29,NPA,29,Aleutians,193.000000,52.000000,194.600000,49.500000,187.100000,59.400000,337.900000,2,SS-E,-999,PACIFIC,NORTH_AMERICA,PENINSULA,Elliot and Freymueller (2020),69.000000,322.000000,16.000000,67.000000,69.000000,326.000000,12.000000,68.000000,5.000000,235.000000,103.000000,-1.000000,27.000000,54.000000,57.000000,2448.000000,10.630565,1166,-166.995135,52.095556,901,111,339.333649,55.597542,6.266696,-20.711251,5.861708,-2.216270,1.743535,-1.317046,-1.744173,-1.317529,57.573189,1723.523798,45,10186.753245,continental,SS,6.900000,6.700000,6.900000,6.800000,0.500000,-0.100000
NPA3,NPA,3,Japan,144.200000,39.000000,147.600000,38.600000,133.800000,39.500000,276.600000,1,C-SS,-999,PACIFIC,AMUR,OKHOTSK,Argus et al. (2011),96.000000,289.000000,12.000000,94.000000,92.000000,292.000000,15.000000,89.000000,7.000000,239.000000,37.000000,6.000000,17.000000,28.000000,132.000000,4475.000000,19.588789,1075,144.071764,39.145338,901,601116,278.828253,55.597542,9.494717,18.980023,8.978509,3.088047,2.068723,-2.998716,-2.071352,-2.913022,129.946182,222.390167,45,10186.753245,continental,C,9.600000,9.400000,9.200000,8.900000,0.700000,0.600000
NPA30,NPA,30,Aleutians,195.000000,52.500000,196.600000,50.000000,189.000000,59.900000,338.000000,1,SS,-999,PACIFIC,NORTH_AMERICA,PENINSULA,Elliot and Freymueller (2020),68.000000,323.000000,15.000000,66.000000,68.000000,328.000000,11.000000,67.000000,5.000000,243.000000,96.000000,0.000000,24.000000,58.000000,55.000000,2312.000000,24.223347,1163,-164.683915,52.602555,901,111,341.163661,55.597542,6.143355,-21.146000,5.729688,-2.216189,1.741098,-1.317128,-1.741628,-1.317529,55.230103,1556.731172,45,10186.753245,continental,SS,6.800000,6.600000,6.800000,6.700000,0.500000,0.000000
NPA31,NPA,31,Alaska,197.000000,53.100000,198.500000,50.600000,191.400000,60.600000,339.500000,1,SS,-999,PACIFIC,NORTH_AMERICA,PENINSULA,Elliot and Freymueller (2020),67.000000,325.000000,15.000000,65.000000,66.000000,329.000000,5.000000,66.000000,5.000000,250.000000,89.000000,0.000000,25.000000,56.000000,57.000000,2354.000000,20.002926,1161,-163.128317,52.937512,901,111,336.076941,55.597542,6.058818,-15.105262,5.849478,-1.578887,1.583397,-1.501065,-1.583525,-1.501187,53.988464,1445.536088,45,10186.753245,continental,SS,6.700000,6.500000,6.600000,6.600000,0.500000,0.000000
NPA32,NPA,32,Alaska,199.000000,53.500000,200.200000,50.900000,194.400000,61.200000,343.500000,1,SS,-999,PACIFIC,NORTH_AMERICA,PENINSULA,Elliot and Freymueller (2020),66.000000,326.000000,17.000000,63.000000,64.000000,330.000000,13.000000,63.000000,5.000000,258.000000,86.000000,0.000000,24.000000,50.000000,55.000000,2032.000000,12.090048,1158,-160.821551,53.523691,901,111,337.924893,55.597542,5.924818,-15.457854,5.710498,-1.579138,1.578668,-1.500814,-1.579061,-1.501187,52.712139,1278.743463,45,10186.753245,continental,SS,6.600000,6.300000,6.400000,6.300000,0.500000,0.000000
NPA33,NPA,33,Alaska,201.000000,53.800000,202.300000,51.200000,195.800000,61.400000,341.600000,1,SS-C,-999,PACIFIC,NORTH_AMERICA,PENINSULA,Elliot and Freymueller (2020),65.000000,327.000000,14.000000,63.000000,63.000000,332.000000,10.000000,62.000000,5.000000,265.000000,77.000000,1.000000,23.000000,50.000000,55.000000,1972.000000,19.864096,1156,-159.254867,53.896473,901,111,329.756877,55.597542,5.833768,-6.262990,5.798950,-0.636419,1.308205,-1.739075,-1.308209,-1.739080,52.157303,1167.548379,45,10186.753245,continental,SS,6.500000,6.300000,6.300000,6.200000,0.500000,0.100000
NPA34,NPA,34,Alaska,203.000000,54.200000,204.400000,51.600000,197.400000,61.700000,341.300000,1,SS-C,-999,PACIFIC,NORTH_AMERICA,PENINSULA,Elliot and Freymueller (2020),64.000000,329.000000,12.000000,62.000000,61.000000,333.000000,8.000000,61.000000,5.000000,272.000000,70.000000,2.000000,21.000000,56.000000,54.000000,1956.000000,58.442013,1154,-157.810767,54.429260,901,111,322.625611,55.597542,5.737638,1.976885,5.734223,0.197927,1.039414,-1.909347,-1.039415,-1.909349,51.588882,1056.353295,45,10186.753245,continental,SS,6.400000,6.200000,6.100000,6.100000,0.500000,0.200000
NPA35,NPA,35,Alaska,205.000000,54.800000,207.700000,52.600000,195.000000,60.900000,323.100000,1,SS-C,-999,PACIFIC,NORTH_AMERICA,PENINSULA,Elliot and Freymueller (2020),63.000000,330.000000,7.000000,62.000000,60.000000,335.000000,12.000000,58.000000,6.000000,278.000000,45.000000,4.000000,20.000000,52.000000,51.000000,1671.000000,64.935998,1151,-155.640632,55.254096,901,111,332.174638,55.597542,5.590067,-5.826665,5.561187,-0.567500,1.281505,-1.751717,-1.281518,-1.751735,,889.560670,45,10186.753245,continental,SS,6.300000,6.200000,6.000000,5.800000,0.600000,0.400000
NPA36,NPA,36,Alaska,207.000000,55.600000,209.300000,53.200000,198.300000,62.300000,330.100000,1,SS-C,-999,PACIFIC,NORTH_AMERICA,KODIAK,Elliot and Freymueller (2020),61.000000,332.000000,2.000000,61.000000,53.000000,343.000000,13.000000,52.000000,14.000000,284.000000,46.000000,10.000000,18.000000,53.000000,47.000000,1354.000000,87.581537,1148,-153.709269,56.280144,901,111,314.264423,55.597542,5.441512,13.968948,5.280589,1.313559,0.615690,-2.078534,-0.615743,-2.078711,,722.768044,45,10186.753245,continental,SS,6.100000,6.100000,5.300000,5.200000,1.400000,1.000000
NPA37,NPA,37,Alaska,209.000000,56.200000,211.200000,53.800000,200.300000,63.000000,331.000000,1,SS-C,-999,PACIFIC,NORTH_AMERICA,KODIAK,Elliot and Freymueller (2020),60.000000,334.000000,3.000000,60.000000,53.000000,345.000000,14.000000,52.000000,13.000000,282.000000,49.000000,8.000000,18.000000,61.000000,44.000000,1354.000000,123.909847,1146,-152.428051,56.989762,901,111,315.334510,55.597542,5.341212,14.230888,5.177306,1.313030,0.610402,-2.078005,-0.610609,-2.078711,,611.572960,45,10186.753245,continental,SS,6.000000,6.000000,5.300000,5.200000,1.300000,0.800000
NPA38,NPA,38,Alaska,211.000000,57.100000,214.000000,55.000000,199.600000,62.900000,319.600000,1,C-SS,-999,PACIFIC,NORTH_AMERICA,KODIAK,Elliot and Freymueller (2020),59.000000,336.000000,16.000000,56.000000,53.000000,347.000000,27.000000,47.000000,12.000000,279.000000,40.000000,9.000000,15.000000,60.000000,43.000000,1137.000000,133.260150,1143,-150.413064,58.028417,901,111,317.034224,55.597542,5.188768,14.662703,5.019784,1.313424,0.602470,-2.078398,-0.602561,-2.078711,,444.780335,45,10186.753245,continental,C,5.900000,5.600000,5.300000,4.700000,1.200000,0.900000
NPA39,NPA,39,Alaska,213.000000,58.000000,216.400000,56.000000,200.300000,63.200000,314.500000,1,C,-999,PACIFIC,NORTH_AMERICA,PRINCE WILLIAM SOUND,Elliot and Freymueller (2020),57.000000,338.000000,23.000000,53.000000,51.000000,341.000000,27.000000,46.000000,7.000000,313.000000,1.000000,7.000000,14.000000,65.000000,40.000000,1056.000000,132.278307,1140,-148.227983,59.001805,901,111,320.982589,55.597542,5.031703,12.987200,4.902994,1.130792,0.669018,-2.054603,-0.669306,-2.055490,,277.987709,45,10186.753245,continental,C,5.700000,5.300000,5.100000,4.600000,0.700000,0.700000
NPA4,NPA,4,Japan,144.500000,40.500000,147.700000,39.400000,134.200000,43.100000,291.900000,1,SS-C,-999,PACIFIC,AMUR,OKHOTSK,Argus et al. (2011),95.000000,289.000000,3.000000,95.000000,92.000000,292.000000,0.000000,92.000000,6.000000,236.000000,56.000000,3.000000,17.000000,27.000000,130.000000,4463.000000,22.663933,1072,144.299059,40.635068,901,601118,276.557198,55.597542,9.587180,28.436464,8.430446,4.565261,1.595240,-4.184848,-1.461587,-4.706420,128.060196,55.597542,45,10186.753245,continental,SS,9.500000,9.500000,9.200000,9.200000,0.600000,0.300000
NPA40,NPA,40,Alaska,214.500000,59.100000,218.300000,57.300000,200.600000,63.800000,310.600000,1,C,-999,PACIFIC,NORTH_AMERICA,PRINCE WILLIAM SOUND,Elliot and Freymueller (2020),56.000000,340.000000,29.000000,49.000000,49.000000,345.000000,34.000000,41.000000,8.000000,313.000000,2.000000,8.000000,13.000000,64.000000,37.000000,852.000000,89.065439,1138,-146.691471,59.622412,901,111,322.303968,55.597542,4.925233,13.271651,4.793693,1.130677,0.663077,-2.054488,-0.663401,-2.055490,,166.792626,45,10186.753245,continental,C,5.600000,4.900000,4.900000,4.100000,0.800000,0.800000
NPA41,NPA,41,Alaska,215.000000,59.100000,217.700000,56.800000,204.300000,65.500000,327.200000,1,C,-999,PACIFIC,NORTH_AMERICA,ICY BAY,Elliot and Freymueller (2020),56.000000,340.000000,13.000000,54.000000,21.000000,13.000000,46.000000,14.000000,40.000000,324.000000,3.000000,40.000000,12.000000,53.000000,37.000000,261.000000,104.977802,1137,-145.901961,59.925794,901,111,322.986147,55.597542,4.871639,13.422517,4.738569,1.130854,0.660107,-2.054665,-0.660373,-2.055490,,111.195084,45,10186.753245,continental,C,5.600000,5.400000,2.100000,1.400000,4.000000,4.000000
NPA42,NPA,42,Alaska,215.500000,59.200000,216.800000,56.600000,210.200000,66.900000,345.000000,1,C-SS,-999,PACIFIC,NORTH_AMERICA,ICY BAY,Elliot and Freymueller (2020),56.000000,341.000000,4.000000,55.000000,21.000000,13.000000,28.000000,19.000000,39.000000,324.000000,21.000000,37.000000,12.000000,36.000000,37.000000,280.000000,112.911414,1137,-145.901961,59.925794,901,111,322.986147,55.597542,4.871639,13.422517,4.738569,1.130854,0.660107,-2.054665,-0.660373,-2.055490,,111.195084,45,10186.753245,continental,C,5.600000,5.500000,2.100000,1.900000,3.900000,3.700000
NPA43,NPA,43,Cascadia,231.700000,50.000000,227.800000,49.000000,244.100000,52.100000,70.000000,1,SS-C,-999,JUAN_DE_FUCA,NORTH_AMERICA,DEF_VANCOUVER_ISLAND,Mazzotti et al. (2003),45.000000,49.000000,21.000000,42.000000,43.000000,52.000000,18.000000,41.000000,3.000000,0.000000,70.000000,1.000000,13.000000,-999.000000,3.000000,-999.000000,22.025052,75,-128.500723,50.150464,903,12001,49.069925,55.597542,3.789320,18.956307,3.583812,1.230949,1.270855,-0.562450,-1.270859,-0.562452,2.348594,233.683472,1,1290.036767,continental,SS,4.500000,4.200000,4.300000,4.100000,0.300000,0.100000
NPA44,NPA,44,Cascadia,233.400000,48.000000,229.700000,47.000000,245.300000,50.200000,70.000000,1,SS-C,-999,JUAN_DE_FUCA,NORTH_AMERICA,DEF_VANCOUVER_ISLAND,Mazzotti et al. (2003),40.000000,49.000000,21.000000,38.000000,39.000000,53.000000,17.000000,37.000000,3.000000,0.000000,70.000000,1.000000,18.000000,54.000000,5.000000,103.000000,12.769563,70,-126.585314,48.114419,903,12001,60.779458,55.597542,4.095563,7.912612,4.056569,0.563806,1.620787,-0.319191,-1.620794,-0.319192,4.378659,511.671181,1,1290.036767,continental,SS,4.000000,3.800000,3.900000,3.700000,0.300000,0.100000
NPA45,NPA,45,Cascadia,234.400000,46.000000,230.300000,45.500000,245.800000,46.800000,80.000000,1,SS,-999,JUAN_DE_FUCA,NORTH_AMERICA,DEF_OREGON,Mazzotti et al. (2002),37.000000,47.000000,33.000000,31.000000,33.000000,54.000000,26.000000,30.000000,6.000000,0.000000,80.000000,1.000000,20.000000,57.000000,7.000000,124.000000,26.131727,66,-125.744938,46.212440,903,12001,76.787303,55.597542,4.347847,-7.230257,4.313275,-0.547208,1.869334,0.134849,-1.869341,0.134850,6.396706,555.975419,1,1290.036767,continental,SS,3.700000,3.100000,3.300000,3.000000,0.600000,0.100000
NPA46,NPA,46,Cascadia,234.600000,44.000000,230.900000,43.900000,245.800000,43.600000,89.000000,1,SS,-999,JUAN_DE_FUCA,NORTH_AMERICA,DEF_OREGON,Mazzotti et al. (2002),33.000000,44.000000,45.000000,23.000000,30.000000,51.000000,38.000000,23.000000,6.000000,0.000000,89.000000,0.000000,21.000000,65.000000,8.000000,116.000000,26.699455,61,-125.475429,43.766122,903,12001,96.559069,55.597542,4.642379,-25.779112,4.180358,-2.018984,1.982698,0.804990,-1.982700,0.804990,6.277628,277.987709,1,1290.036767,continental,SS,3.300000,2.300000,3.000000,2.300000,0.600000,0.000000
NPA47,NPA,47,Cascadia,234.700000,42.000000,231.100000,41.800000,245.600000,42.100000,86.000000,1,SS,-999,JUAN_DE_FUCA,NORTH_AMERICA,DEF_OREGON,Mazzotti et al. (2002),31.000000,38.000000,48.000000,21.000000,26.000000,46.000000,40.000000,20.000000,6.000000,0.000000,86.000000,0.000000,24.000000,64.000000,6.000000,78.000000,18.511201,57,-125.284213,41.833940,903,12001,81.968176,55.597542,4.870113,-10.341478,4.791000,-0.874256,2.333394,0.260183,-2.333395,0.260183,2.852256,55.597542,1,1290.036767,continental,SS,3.100000,2.100000,2.600000,2.000000,0.600000,0.000000
NPA5,NPA,5,Kurils,145.500000,41.500000,147.800000,39.400000,137.700000,47.400000,318.500000,1,SS,-999,PACIFIC,OKHOTSK,DEF_KURIL_FOREARC,Demets (1992),91.000000,293.000000,26.000000,82.000000,87.000000,297.000000,21.000000,81.000000,9.000000,232.000000,87.000000,1.000000,22.000000,33.000000,130.000000,4840.000000,34.768973,1029,145.464289,41.811544,901,406,326.322551,55.597542,8.795560,-37.841909,6.945911,-5.395943,2.238058,0.509410,-2.238144,0.509429,127.236458,136.030547,45,10186.753245,continental,SS,9.100000,8.200000,8.700000,8.100000,0.900000,0.100000
NPA6,NPA,6,Kurils,147.000000,42.200000,149.100000,40.000000,139.800000,48.500000,324.000000,1,SS,-999,PACIFIC,OKHOTSK,DEF_KURIL_FOREARC,Demets (1992),91.000000,293.000000,31.000000,78.000000,87.000000,298.000000,26.000000,78.000000,9.000000,235.000000,89.000000,0.000000,23.000000,35.000000,126.000000,4739.000000,41.970053,1027,146.560636,42.391959,901,406,322.675568,55.597542,8.738222,-33.729676,7.267288,-4.852119,2.247908,0.337748,-2.248147,0.337784,126.882339,247.225630,45,10186.753245,oceanic,SS,9.100000,7.800000,8.700000,7.800000,0.900000,0.000000
NPA7,NPA,7,Kurils,149.000000,43.500000,151.400000,41.400000,140.800000,49.300000,318.900000,2,SS,-999,PACIFIC,OKHOTSK,DEF_KURIL_FOREARC,Demets (1992),90.000000,295.000000,24.000000,82.000000,86.000000,299.000000,19.000000,81.000000,9.000000,235.000000,90.000000,0.000000,25.000000,39.000000,120.000000,5112.000000,22.937108,1023,148.746426,43.593652,901,406,323.013569,55.597542,8.615376,-33.117131,7.215855,-4.707032,2.207484,0.293130,-2.207629,0.293149,121.799202,469.615798,45,10186.753245,oceanic,SS,9.000000,8.200000,8.600000,8.100000,0.900000,0.000000
NPA8,NPA,8,Kurils,151.000000,44.400000,152.900000,42.100000,144.400000,51.200000,329.400000,2,SS,-999,PACIFIC,OKHOTSK,DEF_KURIL_FOREARC,Demets (1992),89.000000,296.000000,34.000000,74.000000,86.000000,301.000000,29.000000,75.000000,9.000000,235.000000,94.000000,-1.000000,26.000000,43.000000,117.000000,4916.000000,46.357052,1019,150.954535,44.815640,901,406,328.180570,55.597542,8.482727,-37.298888,6.747884,-5.140303,2.135304,0.427845,-2.135310,0.427847,117.468185,692.005965,45,10186.753245,oceanic,SS,8.900000,7.400000,8.600000,7.500000,0.900000,-0.100000
NPA9,NPA,9,Kurils,153.000000,45.300000,155.500000,43.300000,144.400000,51.000000,318.300000,2,SS,-999,PACIFIC,OKHOTSK,DEF_KURIL_FOREARC,Demets (1992),89.000000,297.000000,22.000000,82.000000,85.000000,302.000000,16.000000,81.000000,9.000000,235.000000,83.000000,1.000000,25.000000,44.000000,116.000000,5249.000000,41.617573,1016,152.738377,45.626209,901,406,315.017584,55.597542,8.383320,-23.358477,7.696241,-3.323841,2.136668,-0.109149,-2.136761,-0.109153,116.172791,858.798591,45,10186.753245,oceanic,SS,8.900000,8.200000,8.500000,8.100000,0.900000,0.100000
SAM1,SAM,1,Central America,254.500000,19.100000,252.200000,17.500000,261.700000,23.600000,54.900000,1,E,-999,RIVERA,NORTH_AMERICA,DEF_JALISCO,Selvans et al. (2010),31.000000,38.000000,17.000000,30.000000,33.000000,38.000000,17.000000,32.000000,3.000000,225.000000,170.000000,-3.000000,30.000000,50.000000,10.000000,203.000000,35.117053,933,-105.177506,19.183181,970,101,38.372361,55.597542,2.584828,10.421079,2.542192,0.467546,1.024537,-0.454957,-1.024539,-0.454958,9.966284,55.597542,38,200.708629,continental,E,3.100000,3.000000,3.300000,3.200000,0.300000,-0.300000
SAM10,SAM,10,Central America,272.000000,11.400000,270.600000,9.100000,276.500000,18.200000,32.000000,1,SS-E,-999,COCOS,CARIBBEAN,CENTRAL AMERICAN FOREARC,"Carvajal-Soto et al., (2020)",74.000000,22.000000,10.000000,72.000000,75.000000,29.000000,3.000000,75.000000,9.000000,287.000000,105.000000,-2.000000,34.000000,68.000000,25.000000,1393.000000,54.066281,730,-88.091968,10.922216,909,2000,40.377871,55.597542,8.152573,-2.628322,8.143997,-0.373851,-0.542425,-0.785591,0.542468,-0.785660,22.312281,912.082388,24,1695.087148,oceanic,SS,7.400000,7.200000,7.500000,7.500000,0.900000,-0.200000
SAM11,SAM,11,Central America,274.000000,9.400000,272.600000,7.100000,278.200000,16.400000,30.000000,1,C-SS,-999,COCOS,CARIBBEAN,PANAMA,Argus et al. (2011),77.000000,23.000000,7.000000,76.000000,67.000000,27.000000,3.000000,67.000000,11.000000,359.000000,31.000000,9.000000,32.000000,67.000000,19.000000,923.000000,14.246320,735,-85.987402,9.527516,909,2000,32.913585,55.597542,8.444171,5.071825,8.411109,0.746503,-1.013502,-0.696383,1.013586,-0.696446,22.732542,634.094679,24,1695.087148,continental,C,7.700000,7.600000,6.700000,6.700000,1.100000,0.900000
SAM12,SAM,12,Central America,276.000000,8.400000,274.700000,6.000000,280.100000,15.400000,29.000000,1,C-SS,-999,COCOS,CARIBBEAN,PANAMA,Argus et al. (2011),80.000000,24.000000,5.000000,79.000000,70.000000,28.000000,1.000000,70.000000,11.000000,359.000000,30.000000,10.000000,36.000000,58.000000,16.000000,804.000000,27.270185,740,-83.829766,8.221754,909,2000,31.447769,55.597542,8.719419,6.657731,8.660619,1.010912,-1.402010,-0.662705,1.402579,-0.662984,15.057804,356.106970,24,1695.087148,continental,C,8.000000,7.900000,7.000000,7.000000,1.100000,1.000000
SAM13,SAM,13,Panama,279.000000,10.000000,277.900000,12.500000,282.200000,2.500000,157.000000,1,SS-E,-999,CARIBBEAN,NAZCA,PANAMA,Argus et al. (2011),35.000000,248.000000,91.000000,-1.000000,11.000000,180.000000,23.000000,10.000000,33.000000,267.000000,110.000000,-11.000000,-999.000000,-999.000000,-999.000000,-999.000000,187.238604,747,-79.830024,8.774006,224,2031,59.337928,27.798771,1.161744,61.986023,0.545656,1.025626,-1.425451,-1.051247,1.425451,-1.051247,,0.000000,26,214.322540,continental,SS,3.500000,-0.100000,1.100000,1.000000,3.300000,-1.100000
SAM14,SAM,14,Panama,280.500000,10.500000,280.200000,13.200000,281.500000,2.500000,173.000000,1,SS,-999,CARIBBEAN,NAZCA,PANAMA,Argus et al. (2011),35.000000,247.000000,74.000000,10.000000,11.000000,180.000000,7.000000,11.000000,33.000000,266.000000,92.000000,-1.000000,-999.000000,-999.000000,-999.000000,-999.000000,195.302068,747,-79.830024,8.774006,224,2031,59.337928,27.798771,1.161744,61.986023,0.545656,1.025626,-1.425451,-1.051247,1.425451,-1.051247,,0.000000,26,214.322540,continental,SS,3.500000,1.000000,1.100000,1.100000,3.300000,-0.100000
SAM15,SAM,15,Panama,282.000000,10.400000,283.800000,12.500000,276.800000,4.200000,220.000000,1,C-SS,-999,CARIBBEAN,NAZCA,PANAMA,Argus et al. (2011),36.000000,246.000000,26.000000,32.000000,11.000000,180.000000,40.000000,9.000000,33.000000,264.000000,34.000000,27.000000,-999.000000,-999.000000,130.000000,-999.000000,125.605607,476,-76.997979,9.849564,224,201,125.939147,27.798771,2.399317,-40.412734,1.826827,-1.555451,1.368917,-0.464665,-1.368917,-0.464665,,0.000000,16,337.319863,continental,C,3.600000,3.200000,1.100000,0.900000,3.300000,2.700000
SAM16,SAM,16,Venezuela,283.500000,10.000000,280.400000,10.700000,290.900000,7.800000,105.000000,1,C-SS,-999,CARIBBEAN,SOUTH_AMERICA,NORTH ANDES,Jarrin et al. (2023),20.000000,89.000000,16.000000,19.000000,3.000000,95.000000,10.000000,3.000000,17.000000,88.000000,18.000000,16.000000,-999.000000,-999.000000,131.000000,-999.000000,35.740599,477,-76.699755,10.254252,224,201,125.991199,55.597542,2.354546,-41.348106,1.767580,-1.555489,1.372617,-0.464628,-1.372727,-0.464665,137.936203,55.597542,16,337.319863,continental,C,2.000000,1.900000,0.300000,0.300000,1.700000,1.600000
SAM17,SAM,17,Venezuela,285.000000,12.200000,283.000000,14.100000,290.700000,6.400000,135.000000,1,SS-C,-999,CARIBBEAN,SOUTH_AMERICA,NORTH ANDES,Jarrin et al. (2023),19.000000,87.000000,48.000000,13.000000,4.000000,149.000000,14.000000,4.000000,18.000000,75.000000,61.000000,9.000000,-999.000000,-999.000000,-999.000000,-999.000000,9.657081,482,-75.087444,12.184599,224,201,133.272101,31.533383,2.152979,-53.863868,1.269624,-1.738785,1.436335,-0.293570,-1.436343,-0.293572,144.010010,3.734612,16,337.319863,oceanic,SS,1.900000,1.300000,0.400000,0.400000,1.800000,0.900000
SAM2,SAM,2,Central America,256.000000,17.900000,254.300000,15.700000,261.300000,24.300000,37.400000,1,SS-E,-999,COCOS,NORTH_AMERICA,SOUTHERN MEXICO,"Andreani et al., (2008)",59.000000,32.000000,5.000000,59.000000,65.000000,23.000000,14.000000,63.000000,11.000000,149.000000,112.000000,-4.000000,34.000000,51.000000,3.000000,126.000000,32.038568,53,-103.898679,18.171545,909,101,31.009037,55.597542,4.936032,10.489562,4.853542,0.898636,0.902105,-0.581125,-0.902125,-0.581139,2.477916,121.048895,0,677.024314,continental,SS,5.900000,5.900000,6.500000,6.300000,1.100000,-0.400000
SAM29,SAM,29,Antilles,298.000000,19.300000,299.200000,21.700000,294.500000,11.900000,205.000000,2,Neutral,-999,NORTH_AMERICA,CARIBBEAN,-999,-999,20.000000,253.000000,48.000000,13.000000,20.000000,253.000000,48.000000,13.000000,0.000000,-999.000000,-999.000000,0.000000,23.000000,47.000000,89.000000,649.000000,85.890069,757,-61.238082,19.583622,101,2011,224.489682,27.798771,1.447007,41.581113,1.082385,0.960349,1.202681,0.461330,-1.202681,0.461330,85.387009,0.000000,27,427.866837,oceanic,N,2.000000,1.300000,2.000000,1.300000,0.000000,0.000000
SAM3,SAM,3,Central America,258.000000,16.900000,256.800000,14.400000,261.700000,24.200000,25.000000,1,SS-E,-999,COCOS,NORTH_AMERICA,SOUTHERN MEXICO,"Andreani et al., (2008)",63.000000,32.000000,7.000000,63.000000,67.000000,24.000000,1.000000,67.000000,10.000000,141.000000,116.000000,-5.000000,28.000000,72.000000,6.000000,286.000000,32.967275,49,-102.072010,17.188377,909,101,24.084290,55.597542,5.457076,16.777514,5.224784,1.575218,0.752114,-0.687023,-0.752117,-0.687025,9.554205,333.585251,0,677.024314,continental,SS,6.300000,6.300000,6.700000,6.700000,1.000000,-0.500000
SAM30,SAM,30,Antilles,299.800000,18.000000,302.000000,19.700000,293.500000,12.700000,230.000000,2,Neutral,-999,NORTH_AMERICA,CARIBBEAN,-999,-999,20.000000,253.000000,23.000000,18.000000,20.000000,253.000000,23.000000,18.000000,0.000000,-999.000000,-999.000000,0.000000,21.000000,48.000000,80.000000,793.000000,52.750364,761,-59.736532,18.175938,101,2011,224.975621,55.597542,1.445612,41.635607,1.080429,0.960451,1.258503,0.461227,-1.258780,0.461330,77.854919,222.390167,27,427.866837,oceanic,N,2.000000,1.800000,2.000000,1.800000,0.000000,0.000000
SAM31,SAM,31,Antilles,301.200000,16.000000,303.800000,16.900000,293.400000,13.100000,250.000000,2,Neutral,-999,NORTH_AMERICA,CARIBBEAN,-999,-999,20.000000,253.000000,3.000000,20.000000,20.000000,253.000000,3.000000,20.000000,0.000000,-999.000000,-999.000000,0.000000,22.000000,44.000000,81.000000,866.000000,38.197508,766,-58.445151,16.040956,201,2011,246.188747,55.597542,1.397272,26.124554,1.254525,0.615252,1.079216,0.885895,-1.079239,0.885914,78.775101,500.377877,28,703.251106,oceanic,N,2.000000,2.000000,2.000000,2.000000,0.000000,0.000000
SAM32,SAM,32,Antilles,302.300000,14.000000,304.900000,14.900000,294.500000,11.200000,251.000000,2,Neutral,-999,SOUTH_AMERICA,CARIBBEAN,-999,-999,20.000000,253.000000,2.000000,20.000000,20.000000,253.000000,2.000000,20.000000,0.000000,-999.000000,-999.000000,0.000000,16.000000,45.000000,85.000000,835.000000,36.693582,771,-57.428599,13.801284,201,2011,258.966643,55.597542,1.456859,12.468733,1.422497,0.314546,0.924536,1.112602,-0.924656,1.112747,82.706902,352.752357,28,703.251106,oceanic,N,2.000000,2.000000,2.000000,2.000000,0.000000,0.000000
SAM33,SAM,33,Antilles,302.600000,12.000000,305.300000,11.600000,294.400000,13.000000,278.000000,2,Neutral,-999,SOUTH_AMERICA,CARIBBEAN,-999,-999,20.000000,253.000000,25.000000,18.000000,20.000000,253.000000,25.000000,18.000000,0.000000,-999.000000,-999.000000,0.000000,13.000000,44.000000,93.000000,770.000000,22.332924,775,-57.519094,11.836415,201,2011,280.572127,55.597542,1.508211,-9.118294,1.489152,-0.239011,0.499665,1.382100,-0.499724,1.382266,130.734177,130.362189,28,703.251106,oceanic,N,2.000000,1.800000,2.000000,1.800000,0.000000,0.000000
SAM34,SAM,34,Andean,281.900000,5.000000,279.400000,6.000000,289.300000,1.800000,113.000000,1,SS-C,-999,NAZCA,SOUTH_AMERICA,NORTH ANDES,Jarrin et al. (2023),59.000000,76.000000,37.000000,47.000000,51.000000,77.000000,36.000000,41.000000,8.000000,67.000000,46.000000,6.000000,26.000000,41.000000,14.000000,314.000000,24.024782,756,-77.965951,4.830163,911,2031,105.433343,47.003578,7.086560,-27.597402,6.280284,-3.282891,0.713028,-0.943818,-0.713035,-0.943827,10.132481,19.204807,25,6884.559025,continental,SS,5.900000,4.700000,5.100000,4.100000,0.800000,0.600000
SAM35,SAM,35,Andean,280.900000,3.500000,278.600000,4.800000,287.900000,-1.400000,120.000000,1,SS-C,-999,NAZCA,SOUTH_AMERICA,NORTH ANDES,Jarrin et al. (2023),60.000000,77.000000,43.000000,43.000000,52.000000,78.000000,42.000000,38.000000,8.000000,67.000000,53.000000,5.000000,26.000000,39.000000,12.000000,243.000000,31.152986,494,-79.177095,3.230613,911,201,129.277065,55.597542,7.543744,-49.409329,4.908341,-5.728547,1.337297,-0.400705,-1.337305,-0.400708,11.588954,210.212169,25,6884.559025,continental,SS,6.000000,4.300000,5.200000,3.800000,0.800000,0.500000
SAM36,SAM,36,Andean,279.900000,2.000000,277.500000,3.100000,287.200000,-1.400000,115.000000,1,SS-C,-999,NAZCA,SOUTH_AMERICA,NORTH ANDES,Jarrin et al. (2023),61.000000,77.000000,38.000000,48.000000,52.000000,79.000000,36.000000,42.000000,8.000000,68.000000,47.000000,6.000000,24.000000,34.000000,12.000000,243.000000,4.936900,491,-80.059275,2.017741,911,201,121.178194,55.597542,7.633316,-40.655215,5.790968,-4.973149,1.252344,-0.582907,-1.252349,-0.582910,11.428369,377.004794,25,6884.559025,continental,SS,6.100000,4.800000,5.200000,4.200000,0.800000,0.600000
SAM37,SAM,37,Andean,279.000000,0.000000,276.400000,0.800000,286.700000,-2.400000,107.000000,1,C-SS,-999,NAZCA,SOUTH_AMERICA,NORTH ANDES,Jarrin et al. (2023),62.000000,78.000000,29.000000,54.000000,54.000000,80.000000,27.000000,48.000000,8.000000,69.000000,38.000000,7.000000,21.000000,34.000000,16.000000,352.000000,26.252178,487,-80.935164,0.227014,911,201,112.680865,55.597542,7.767860,-31.469050,6.625381,-4.055118,1.130630,-0.759912,-1.130638,-0.759918,15.119756,389.182793,25,6884.559025,continental,C,6.200000,5.400000,5.400000,4.800000,0.800000,0.700000
SAM38,SAM,38,Andean,278.500000,-2.000000,275.900000,-1.400000,286.400000,-3.700000,102.000000,1,C-SS,-999,NAZCA,SOUTH_AMERICA,NORTH ANDES,Jarrin et al. (2023),63.000000,79.000000,23.000000,58.000000,55.000000,81.000000,21.000000,51.000000,8.000000,69.000000,33.000000,7.000000,16.000000,52.000000,23.000000,624.000000,20.842028,500,-81.549523,-2.180785,911,201,99.699224,46.414259,7.946387,-17.929061,7.560498,-2.446210,0.901570,-0.992284,-0.901571,-0.992286,21.174032,111.195084,25,6884.559025,continental,C,6.300000,5.800000,5.500000,5.100000,0.800000,0.700000
SAM39,SAM,39,Andean,278.100000,-4.000000,275.400000,-3.900000,286.200000,-4.100000,91.000000,1,C-SS,-999,NAZCA,SOUTH_AMERICA,NORTH ANDES,Jarrin et al. (2023),64.000000,79.000000,12.000000,63.000000,56.000000,81.000000,10.000000,55.000000,9.000000,69.000000,22.000000,8.000000,10.000000,52.000000,30.000000,793.000000,19.746584,399,-81.824566,-4.160857,911,201,99.447214,55.597542,8.086383,-17.375536,7.717385,-2.414864,0.872019,-0.997128,-0.872038,-0.997150,30.591166,111.195084,25,6884.559025,continental,C,6.400000,6.300000,5.600000,5.500000,0.900000,0.800000
SAM4,SAM,4,Central America,260.000000,16.300000,258.600000,13.900000,264.400000,23.300000,30.400000,1,SS-E,-999,COCOS,NORTH_AMERICA,SOUTHERN MEXICO,"Andreani et al., (2008)",67.000000,32.000000,2.000000,67.000000,69.000000,24.000000,6.000000,69.000000,10.000000,133.000000,103.000000,-2.000000,17.000000,67.000000,8.000000,335.000000,19.639924,45,-100.154579,16.395891,909,101,21.398489,55.597542,5.959892,18.472598,5.652810,1.888398,0.644148,-0.725775,-0.644163,-0.725791,12.045720,111.195084,0,677.024314,continental,SS,6.700000,6.700000,6.900000,6.900000,1.000000,-0.200000
SAM40,SAM,40,Andean,278.100000,-5.500000,275.400000,-5.800000,286.200000,-4.500000,82.900000,1,SS-C,-999,NAZCA,SOUTH_AMERICA,PERU,Jarrin et al. (2023),65.000000,80.000000,3.000000,65.000000,62.000000,76.000000,7.000000,62.000000,5.000000,130.000000,47.000000,3.000000,10.000000,50.000000,30.000000,874.000000,30.140537,402,-81.671381,-5.647309,911,201,82.497487,55.597542,8.071723,-0.853307,8.070828,-0.120208,0.406671,-1.146193,-0.524541,-1.207391,29.843817,277.987709,25,6884.559025,continental,SS,6.500000,6.500000,6.200000,6.200000,0.500000,0.300000
SAM41,SAM,41,Andean,278.400000,-7.000000,275.800000,-7.900000,286.100000,-4.300000,71.400000,1,SS-C,-999,NAZCA,SOUTH_AMERICA,PERU,Villegas-Lanza et al. (2016),66.000000,80.000000,8.000000,66.000000,64.000000,77.000000,6.000000,64.000000,4.000000,133.000000,62.000000,2.000000,10.000000,50.000000,29.000000,872.000000,20.413432,405,-81.474020,-7.134431,911,201001,82.475517,55.597542,8.040128,-1.334703,8.037947,-0.187278,0.256772,-1.079108,-0.228274,-1.064519,29.214695,444.780335,25,6884.559025,continental,SS,6.600000,6.600000,6.400000,6.400000,0.400000,0.200000
SAM42,SAM,42,Andean,279.200000,-9.000000,276.700000,-10.200000,286.500000,-5.400000,64.000000,1,SS-C,-999,NAZCA,SOUTH_AMERICA,PERU,Villegas-Lanza et al. (2016),67.000000,79.000000,15.000000,65.000000,65.000000,76.000000,12.000000,63.000000,4.000000,128.000000,64.000000,2.000000,10.000000,48.000000,29.000000,837.000000,8.649123,409,-80.724345,-8.978406,911,201002,65.224262,55.597542,8.065086,15.888734,7.756961,2.207980,-0.198351,-1.116949,0.239614,-1.135618,29.117878,667.170502,25,6884.559025,continental,SS,6.700000,6.500000,6.500000,6.300000,0.400000,0.200000
SAM43,SAM,43,Andean,280.400000,-11.000000,278.000000,-12.400000,287.400000,-6.800000,58.900000,1,SS-C,-999,NAZCA,SOUTH_AMERICA,PERU,Villegas-Lanza et al. (2016),68.000000,79.000000,20.000000,64.000000,65.000000,76.000000,17.000000,63.000000,5.000000,123.000000,64.000000,2.000000,11.000000,47.000000,41.000000,1191.000000,22.605280,414,-79.436579,-11.124921,911,201002,56.087118,55.597542,8.122820,24.812601,7.372964,3.408755,-0.487668,-1.088831,0.445711,-1.082922,39.816566,945.158212,25,6884.559025,continental,SS,6.800000,6.400000,6.500000,6.300000,0.500000,0.200000
SAM44,SAM,44,Andean,281.700000,-13.000000,279.400000,-14.500000,288.500000,-8.400000,55.500000,1,SS-C,-999,NAZCA,SOUTH_AMERICA,PERU,Villegas-Lanza et al. (2016),70.000000,78.000000,23.000000,64.000000,66.000000,76.000000,20.000000,62.000000,5.000000,118.000000,62.000000,2.000000,11.000000,47.000000,43.000000,1229.000000,24.205203,418,-78.292515,-12.782440,911,201003,55.850126,55.597542,8.169070,24.729290,7.419921,3.417379,-0.566792,-1.097454,0.611425,-1.105811,41.246124,1167.548379,25,6884.559025,continental,SS,7.000000,6.400000,6.600000,6.200000,0.500000,0.200000
SAM45,SAM,45,Andean,283.400000,-15.000000,281.200000,-16.700000,289.700000,-9.700000,50.000000,1,SS-C,-999,NAZCA,SOUTH_AMERICA,PERU,Villegas-Lanza et al. (2016),70.000000,77.000000,27.000000,63.000000,67.000000,75.000000,25.000000,60.000000,5.000000,112.000000,62.000000,2.000000,11.000000,52.000000,45.000000,1321.000000,28.089098,424,-76.367410,-15.115609,911,201004,45.453982,55.597542,8.240955,34.743862,6.771659,4.696592,-0.864915,-1.017195,0.895022,-1.051735,44.768356,1501.133630,25,6884.559025,continental,SS,7.000000,6.300000,6.700000,6.000000,0.500000,0.200000
SAM46,SAM,46,Andean,285.900000,-17.000000,284.100000,-19.100000,291.000000,-10.600000,37.800000,1,C-SS,-999,NAZCA,SOUTH_AMERICA,ALTIPLANO,Argus et al. (2011),71.000000,76.000000,38.000000,56.000000,60.000000,75.000000,38.000000,47.000000,12.000000,79.000000,41.000000,9.000000,16.000000,54.000000,46.000000,1173.000000,13.080245,430,-74.025838,-17.093863,911,201005,38.489607,55.597542,8.178386,40.298461,6.237538,5.289529,-1.097830,-0.785961,1.114270,-0.738232,51.713516,1834.718881,25,6884.559025,continental,C,7.100000,5.600000,6.000000,4.700000,1.200000,0.900000
SAM47,SAM,47,Andean,288.000000,-19.000000,285.600000,-20.500000,294.900000,-14.300000,56.400000,1,C,-999,NAZCA,SOUTH_AMERICA,ALTIPLANO,Argus et al. (2011),72.000000,75.000000,19.000000,68.000000,59.000000,75.000000,19.000000,56.000000,14.000000,73.000000,17.000000,13.000000,20.000000,39.000000,53.000000,1441.000000,25.580675,435,-72.126296,-18.803411,911,201007,45.546155,55.597542,8.213288,32.904114,6.895719,4.461743,-1.082035,-0.978270,1.008481,-1.012978,54.736050,2112.706591,25,6884.559025,continental,C,7.200000,6.800000,5.900000,5.600000,1.400000,1.300000
SAM48,SAM,48,Andean,288.700000,-21.000000,285.800000,-21.200000,297.300000,-19.900000,84.400000,1,C,-999,NAZCA,SOUTH_AMERICA,ALTIPLANO,Argus et al. (2011),73.000000,75.000000,10.000000,72.000000,58.000000,75.000000,9.000000,57.000000,15.000000,73.000000,11.000000,15.000000,18.000000,37.000000,53.000000,1376.000000,13.109126,440,-71.186068,-21.050884,911,201010,90.326772,55.597542,8.325044,-10.557352,8.184117,-1.525312,0.001328,-1.700833,0.004883,-1.720012,54.598495,2000.048900,25,6884.559025,continental,C,7.300000,7.200000,5.800000,5.700000,1.500000,1.500000
SAM49,SAM,49,Andean,288.700000,-23.000000,285.800000,-22.700000,297.500000,-23.500000,94.700000,1,SS-C,-999,NAZCA,SOUTH_AMERICA,CENTRAL ANDES,Brooks et al. (2003),73.000000,75.000000,20.000000,69.000000,72.000000,71.000000,24.000000,65.000000,5.000000,35.000000,60.000000,3.000000,16.000000,41.000000,51.000000,1544.000000,6.361493,444,-71.265897,-23.047832,911,201011,95.237979,55.597542,8.406374,-15.775758,8.089732,-2.285467,0.147566,-1.628700,-0.134998,-1.639431,51.019203,1777.658732,25,6884.559025,continental,SS,7.300000,6.900000,7.200000,6.500000,0.500000,0.300000
SAM5,SAM,5,Central America,262.000000,15.600000,261.100000,13.000000,264.700000,23.300000,17.800000,1,SS-E,-999,COCOS,NORTH_AMERICA,SOUTHERN MEXICO,"Andreani et al., (2008)",70.000000,32.000000,14.000000,68.000000,71.000000,25.000000,7.000000,71.000000,9.000000,123.000000,106.000000,-2.000000,19.000000,61.000000,12.000000,511.000000,135.788641,43,-99.199165,15.999861,909,101,27.428625,27.798771,6.209670,12.020784,6.073505,1.293266,0.679589,-0.659793,-0.679589,-0.659793,12.653730,0.000000,0,677.024314,continental,SS,7.000000,6.800000,7.100000,7.100000,0.900000,-0.200000
SAM50,SAM,50,Andean,288.600000,-25.000000,285.600000,-24.800000,297.500000,-25.100000,93.300000,1,SS-C,-999,NAZCA,SOUTH_AMERICA,CENTRAL ANDES,Brooks et al. (2003),74.000000,75.000000,18.000000,70.000000,72.000000,71.000000,22.000000,66.000000,5.000000,40.000000,54.000000,3.000000,15.000000,42.000000,47.000000,1439.000000,8.077377,448,-71.467382,-25.039352,911,201012,95.320083,55.597542,8.475257,-15.841666,8.153364,-2.313575,0.157277,-1.600592,-0.179832,-1.583915,47.606815,1555.268565,25,6884.559025,continental,SS,7.400000,7.000000,7.200000,6.600000,0.500000,0.300000
SAM51,SAM,51,Andean,288.300000,-27.000000,285.300000,-26.400000,297.300000,-28.200000,101.100000,1,SS-C,-999,NAZCA,SOUTH_AMERICA,CENTRAL ANDES,Brooks et al. (2003),74.000000,75.000000,26.000000,66.000000,72.000000,71.000000,30.000000,62.000000,5.000000,45.000000,56.000000,3.000000,14.000000,42.000000,46.000000,1299.000000,8.023197,452,-71.778992,-27.015914,911,201012,102.682104,55.597542,8.579301,-23.151031,7.888425,-3.373006,0.404037,-1.519262,-0.351551,-1.550794,46.299950,1332.878397,25,6884.559025,continental,SS,7.400000,6.600000,7.200000,6.200000,0.500000,0.300000
SAM52,SAM,52,Andean,287.700000,-29.000000,284.700000,-28.500000,296.900000,-29.900000,99.400000,1,SS-C,-999,NAZCA,SOUTH_AMERICA,CENTRAL ANDES,Brooks et al. (2003),74.000000,76.000000,24.000000,68.000000,72.000000,71.000000,28.000000,63.000000,5.000000,52.000000,47.000000,3.000000,11.000000,44.000000,45.000000,1255.000000,4.195871,456,-72.280760,-28.966227,911,201013,102.917636,55.597542,8.750634,-23.269243,8.038845,-3.456959,0.519484,-1.435309,-0.564362,-1.409335,44.787045,1110.488230,25,6884.559025,continental,SS,7.400000,6.800000,7.200000,6.300000,0.500000,0.300000
SAM53,SAM,53,Andean,287.500000,-30.500000,284.400000,-30.300000,296.900000,-30.700000,94.300000,1,C-SS,-999,NAZCA,SOUTH_AMERICA,CENTRAL ANDES,Brooks et al. (2003),74.000000,76.000000,19.000000,70.000000,71.000000,72.000000,23.000000,66.000000,5.000000,57.000000,38.000000,4.000000,12.000000,42.000000,40.000000,1158.000000,16.439062,459,-72.651779,-30.431139,911,201013,102.066369,55.597542,8.830370,-22.472961,8.159792,-3.375386,0.533079,-1.380102,-0.518111,-1.419144,39.563770,943.695604,25,6884.559025,continental,C,7.400000,7.000000,7.100000,6.600000,0.500000,0.400000
SAM54,SAM,54,Andean,287.400000,-32.000000,284.200000,-31.700000,297.000000,-32.300000,94.800000,1,C-SS,-999,NAZCA,SOUTH_AMERICA,CENTRAL ANDES,Brooks et al. (2003),74.000000,76.000000,19.000000,70.000000,71.000000,72.000000,23.000000,65.000000,5.000000,61.000000,34.000000,4.000000,16.000000,37.000000,39.000000,1112.000000,41.332462,462,-73.021078,-31.897479,911,201013,102.257495,55.597542,8.874462,-22.821478,8.179750,-3.442059,0.538049,-1.313459,-0.497051,-1.419144,38.110538,776.902979,25,6884.559025,continental,C,7.400000,7.000000,7.100000,6.500000,0.500000,0.400000
SAM55,SAM,55,Andean,286.900000,-34.000000,283.900000,-32.900000,296.200000,-36.800000,113.300000,1,SS-C,-999,NAZCA,SOUTH_AMERICA,CENTRAL ANDES,Brooks et al. (2003),74.000000,76.000000,37.000000,59.000000,71.000000,72.000000,42.000000,53.000000,5.000000,68.000000,46.000000,3.000000,22.000000,33.000000,36.000000,877.000000,43.192824,466,-73.532259,-33.850866,911,201,102.535003,55.597542,8.925790,-23.294277,8.198212,-3.529737,0.544676,-1.225786,-0.593715,-1.110114,35.943630,554.512811,25,6884.559025,oceanic,SS,7.400000,5.900000,7.100000,5.300000,0.500000,0.300000
SAM56,SAM,56,Andean,286.200000,-35.500000,283.300000,-34.200000,295.400000,-39.000000,118.400000,1,C-SS,-999,NAZCA,SOUTH_AMERICA,CENTRAL ANDES,Brooks et al. (2003),74.000000,76.000000,42.000000,55.000000,71.000000,72.000000,47.000000,49.000000,5.000000,74.000000,44.000000,4.000000,20.000000,43.000000,34.000000,853.000000,23.810540,469,-73.931184,-35.314472,911,201,102.761450,55.597542,8.958638,-23.654618,8.205940,-3.594406,0.549647,-1.161089,-0.571596,-1.110114,34.126534,387.720186,25,6884.559025,continental,C,7.400000,5.500000,7.100000,4.900000,0.500000,0.400000
SAM57,SAM,57,Andean,285.400000,-37.000000,282.200000,-36.300000,295.400000,-38.700000,105.000000,1,Undefined,-999,NAZCA,SOUTH_AMERICA,-999,-999,74.000000,77.000000,28.000000,65.000000,74.000000,77.000000,28.000000,65.000000,,-999.000000,-999.000000,,20.000000,44.000000,32.000000,1078.000000,33.359383,473,-74.439814,-37.271472,911,201,100.363340,55.597542,8.967366,-21.283701,8.355742,-3.255030,0.488530,-1.134745,-0.488618,-1.134951,31.810875,165.330018,25,6884.559025,continental,Undefined,7.400000,6.500000,7.400000,6.500000,,
SAM58,SAM,58,Andean,284.900000,-39.000000,281.500000,-38.500000,295.300000,-39.800000,99.000000,1,Undefined,-999,NAZCA,SOUTH_AMERICA,-999,-999,74.000000,77.000000,22.000000,68.000000,74.000000,77.000000,22.000000,68.000000,,-999.000000,-999.000000,,22.000000,44.000000,29.000000,1054.000000,19.400969,514,-74.875928,-38.989321,911,201,114.680640,28.768170,8.931599,-35.423379,7.278283,-5.176877,0.723345,-0.988561,-0.723346,-0.988562,28.594460,29.602226,25,6884.559025,continental,Undefined,7.400000,6.800000,7.400000,6.800000,,
SAM59,SAM,59,Andean,284.700000,-41.000000,281.200000,-40.600000,295.500000,-41.500000,97.000000,1,SS,-999,NAZCA,SOUTH_AMERICA,DEF_SOUTH_ANDES,"Wang et al., (2007)",73.000000,77.000000,20.000000,69.000000,72.000000,80.000000,17.000000,69.000000,4.000000,4.000000,93.000000,0.000000,23.000000,41.000000,23.000000,831.000000,8.657054,510,-75.369281,-40.942337,911,201,100.526720,55.597542,8.882092,-21.078721,8.287766,-3.194447,0.422324,-1.137623,-0.422329,-1.137635,20.404671,251.992394,25,6884.559025,continental,SS,7.300000,6.900000,7.200000,6.900000,0.400000,0.000000
SAM6,SAM,6,Central America,264.000000,15.300000,263.500000,12.600000,265.500000,23.300000,9.700000,1,SS-E,-999,COCOS,NORTH_AMERICA,SOUTHERN MEXICO,"Andreani et al., (2008)",73.000000,32.000000,22.000000,68.000000,73.000000,25.000000,15.000000,70.000000,9.000000,113.000000,104.000000,-2.000000,22.000000,38.000000,14.000000,485.000000,21.958503,712,-96.178331,15.203067,909,2000,28.227326,27.798771,6.995809,9.085275,6.908043,1.104668,0.656013,-0.660302,-0.656013,-0.660302,15.294408,0.000000,24,1695.087148,continental,SS,7.300000,6.800000,7.300000,7.000000,0.900000,-0.200000
SAM60,SAM,60,Andean,284.500000,-43.000000,280.800000,-42.700000,295.600000,-43.200000,95.000000,1,SS,-999,NAZCA,SOUTH_AMERICA,DEF_SOUTH_ANDES,"Wang et al., (2007)",73.000000,77.000000,18.000000,69.000000,71.000000,82.000000,13.000000,70.000000,7.000000,4.000000,91.000000,0.000000,24.000000,36.000000,13.000000,453.000000,25.299405,506,-75.789649,-42.917345,911,201,97.893938,55.597542,8.822108,-18.302333,8.375822,-2.770417,0.332256,-1.156929,-0.332260,-1.156943,12.675310,474.382561,25,6884.559025,continental,SS,7.300000,6.900000,7.100000,7.000000,0.700000,0.000000
SAM61,SAM,61,Andean,283.900000,-45.000000,280.100000,-44.700000,295.400000,-45.100000,95.000000,1,SS,-999,NAZCA,SOUTH_AMERICA,DEF_SOUTH_ANDES,"Wang et al., (2007)",73.000000,77.000000,18.000000,69.000000,70.000000,83.000000,12.000000,69.000000,7.000000,10.000000,85.000000,1.000000,12.000000,-999.000000,3.000000,-999.000000,10.982064,502,-76.120467,-44.902304,911,201,93.487544,55.597542,8.751607,-13.808812,8.498664,-2.088858,0.205623,-1.178063,-0.205624,-1.178067,3.211724,696.772729,25,6884.559025,continental,SS,7.300000,6.900000,7.000000,6.900000,0.700000,0.100000
SAM62,SAM,62,Andean,283.800000,-47.000000,279.900000,-46.600000,295.700000,-47.500000,98.000000,1,SS-C,-999,ANTARCTICA,SOUTH_AMERICA,DEF_SOUTH_ANDES,"Wang et al., (2007)",20.000000,87.000000,11.000000,20.000000,18.000000,107.000000,9.000000,18.000000,7.000000,25.000000,73.000000,2.000000,-999.000000,-999.000000,8.000000,-999.000000,15.057693,524,-76.284386,-46.877452,802,201,108.230251,55.597542,2.185176,-8.107983,2.163333,-0.308195,0.465430,-1.096197,-0.465432,-1.096202,7.149240,919.162896,17,1818.896082,continental,SS,2.000000,2.000000,1.800000,1.800000,0.700000,0.200000
SAM63,SAM,63,Andean,282.800000,-49.000000,278.800000,-48.600000,295.200000,-49.500000,98.000000,1,Neutral,-999,ANTARCTICA,SOUTH_AMERICA,-999,-999,19.000000,87.000000,11.000000,19.000000,19.000000,87.000000,11.000000,19.000000,0.000000,-999.000000,-999.000000,0.000000,-999.000000,-999.000000,13.000000,-999.000000,27.018305,520,-77.275502,-48.762146,802,201,104.926410,55.597542,2.108579,-4.397906,2.102370,-0.161691,0.354418,-1.123459,-0.354419,-1.123464,16.280275,1141.553064,17,1818.896082,oceanic,N,1.900000,1.900000,1.900000,1.900000,0.000000,0.000000
SAM64,SAM,64,Andean,283.300000,-51.000000,279.000000,-51.400000,295.500000,-48.900000,80.000000,1,Neutral,-999,ANTARCTICA,SOUTH_AMERICA,-999,-999,19.000000,87.000000,7.000000,18.000000,19.000000,87.000000,7.000000,18.000000,0.000000,-999.000000,-999.000000,0.000000,-999.000000,-999.000000,14.000000,-999.000000,29.338691,515,-76.935289,-51.218619,802,201,72.827456,75.178253,2.013195,28.193930,1.774336,0.951149,-0.331406,-1.132950,0.331408,-1.132956,21.072304,1167.548379,17,1818.896082,oceanic,N,1.900000,1.800000,1.900000,1.800000,0.000000,0.000000
SAM65,SAM,65,Andean,283.900000,-53.000000,279.400000,-53.000000,297.200000,-52.100000,89.000000,1,Undefined,-999,ANTARCTICA,SOUTH_AMERICA,-999,-999,18.000000,87.000000,2.000000,18.000000,18.000000,87.000000,2.000000,18.000000,,-999.000000,-999.000000,,-999.000000,-999.000000,16.000000,-999.000000,27.019148,540,-76.375475,-53.177967,802,201,83.215720,55.597542,1.936198,18.228307,1.839035,0.605651,-0.145236,-1.176964,0.145237,-1.176970,22.525887,945.158212,17,1818.896082,oceanic,Undefined,1.800000,1.800000,1.800000,1.800000,,
SAM66,SAM,66,Andean,285.700000,-55.000000,282.200000,-56.800000,294.600000,-49.000000,46.000000,1,Undefined,-999,ANTARCTICA,SOUTH_AMERICA,-999,-999,17.000000,86.000000,40.000000,13.000000,17.000000,86.000000,40.000000,13.000000,,-999.000000,-999.000000,,-999.000000,-999.000000,19.000000,-999.000000,26.862776,535,-74.081625,-55.206771,802,201,42.221629,55.597542,1.863121,59.574166,0.943526,1.606542,-0.893632,-0.812225,0.893633,-0.812226,22.771004,667.170502,17,1818.896082,oceanic,Undefined,1.700000,1.300000,1.700000,1.300000,,
SAM67,SAM,67,Sandwich,329.000000,-54.800000,329.800000,-52.100000,325.900000,-62.700000,190.000000,2,Neutral,-999,SOUTH_AMERICA,SCOTIA,-999,-999,9.000000,247.000000,57.000000,5.000000,9.000000,247.000000,57.000000,5.000000,0.000000,-999.000000,-999.000000,0.000000,-999.000000,-999.000000,80.000000,-999.000000,155.680474,305,-28.573432,-54.890987,201,815,200.530733,66.915435,6.938371,69.901908,2.384221,6.515864,3.229247,-5.305056,-3.229253,-5.305065,73.018333,39.116664,9,928.677334,oceanic,N,0.900000,0.500000,0.900000,0.500000,0.000000,0.000000
SAM68,SAM,68,Sandwich,331.000000,-54.900000,331.300000,-52.200000,329.800000,-63.000000,184.000000,2,SS,-999,SOUTH_AMERICA,SCOTIA,SANDWICH,Argus et al. (2011),9.000000,246.000000,62.000000,4.000000,65.000000,264.000000,80.000000,11.000000,57.000000,87.000000,97.000000,-7.000000,-999.000000,65.000000,72.000000,-999.000000,27.295216,305,-28.573432,-54.890987,201,815,200.530733,66.915435,6.938371,69.901908,2.384221,6.515864,3.229247,-5.305056,-3.229253,-5.305065,73.018333,39.116664,9,928.677334,oceanic,SS,0.900000,0.400000,6.500000,1.100000,5.700000,-0.700000
SAM69,SAM,69,Sandwich,333.000000,-55.100000,334.900000,-52.600000,325.700000,-62.200000,205.000000,2,SS-E,-999,SOUTH_AMERICA,SCOTIA,SANDWICH,Argus et al. (2011),9.000000,246.000000,41.000000,7.000000,66.000000,260.000000,55.000000,38.000000,57.000000,82.000000,123.000000,-31.000000,37.000000,67.000000,64.000000,1851.000000,16.944896,303,-26.943907,-55.248984,201,815,210.418484,55.597542,6.868542,60.232400,3.410116,5.962213,4.008764,-4.609113,-4.008772,-4.609122,80.946381,150.311748,9,928.677334,oceanic,SS,0.900000,0.700000,6.600000,3.800000,5.700000,-3.100000
SAM7,SAM,7,Central America,266.000000,14.200000,265.000000,11.700000,269.100000,21.700000,21.000000,1,SS,-999,COCOS,NORTH_AMERICA,SOUTHERN MEXICO,"Andreani et al., (2008)",77.000000,32.000000,11.000000,76.000000,74.000000,25.000000,5.000000,74.000000,9.000000,101.000000,80.000000,1.000000,24.000000,55.000000,25.000000,1134.000000,21.217387,717,-93.891050,14.041111,909,2000,26.800971,55.597542,7.335665,10.623858,7.209922,1.352408,0.261670,-0.674907,-0.261743,-0.675172,24.633841,277.987709,24,1695.087148,oceanic,SS,7.700000,7.600000,7.400000,7.400000,0.900000,0.100000
SAM70,SAM,70,Sandwich,334.900000,-56.000000,338.900000,-54.600000,321.100000,-59.300000,240.000000,2,E-SS,-999,SOUTH_AMERICA,SCOTIA,SANDWICH,Argus et al. (2011),8.000000,245.000000,5.000000,8.000000,68.000000,257.000000,17.000000,65.000000,60.000000,79.000000,161.000000,-57.000000,35.000000,66.000000,66.000000,3190.000000,35.104019,301,-25.638110,-55.905664,201,815,234.986295,55.597542,6.738445,35.851489,5.461765,3.946615,5.420985,-2.466441,-5.421016,-2.466455,71.931320,261.506831,9,928.677334,continental,E,0.800000,0.800000,6.800000,6.500000,6.000000,-5.700000
SAM71,SAM,71,Sandwich,336.200000,-58.000000,341.200000,-57.700000,320.900000,-57.800000,265.000000,2,E,-999,SOUTH_AMERICA,SCOTIA,SANDWICH,Argus et al. (2011),8.000000,243.000000,22.000000,8.000000,73.000000,255.000000,10.000000,72.000000,65.000000,77.000000,172.000000,-64.000000,32.000000,66.000000,44.000000,2286.000000,18.224950,296,-23.832598,-58.162992,201,815,257.739592,55.597542,6.281630,13.416857,6.110190,1.457552,5.477786,-0.122144,-5.477807,-0.122145,30.139507,389.182793,9,928.677334,continental,E,0.800000,0.800000,7.300000,7.200000,6.500000,-6.400000
SAM72,SAM,72,Sandwich,335.400000,-60.000000,339.200000,-62.000000,326.500000,-53.500000,319.000000,2,SS-E,-999,SOUTH_AMERICA,SCOTIA,SANDWICH,Argus et al. (2011),8.000000,243.000000,76.000000,2.000000,77.000000,257.000000,62.000000,37.000000,69.000000,79.000000,120.000000,-35.000000,43.000000,66.000000,23.000000,679.000000,30.005893,292,-25.139542,-60.007715,201,815,315.824031,55.597542,5.895543,-44.790515,4.183993,-4.153509,2.730297,4.356382,-2.730312,4.356406,21.847727,166.792626,9,928.677334,oceanic,SS,0.800000,0.200000,7.700000,3.700000,6.900000,-3.500000
SAM8,SAM,8,Central America,268.000000,13.200000,266.800000,10.800000,271.900000,20.400000,26.500000,1,E-SS,-999,COCOS,CARIBBEAN,CENTRAL AMERICAN FOREARC,"Carvajal-Soto et al., (2020)",68.000000,21.000000,6.000000,67.000000,79.000000,28.000000,1.000000,79.000000,14.000000,242.000000,144.000000,-12.000000,28.000000,65.000000,24.000000,1304.000000,9.783489,721,-92.058013,13.132543,909,2000,27.231634,55.597542,7.597404,10.254608,7.476046,1.352510,-0.035413,-0.675009,0.035391,-0.675172,23.704088,500.377877,24,1695.087148,oceanic,E,6.800000,6.700000,7.900000,7.900000,1.400000,-1.200000
SAM9,SAM,9,Central America,270.000000,12.300000,269.000000,9.800000,273.200000,19.800000,22.200000,1,SS-E,-999,COCOS,CARIBBEAN,CENTRAL AMERICAN FOREARC,"Carvajal-Soto et al., (2020)",71.000000,21.000000,1.000000,71.000000,77.000000,28.000000,6.000000,77.000000,11.000000,259.000000,123.000000,-6.000000,30.000000,64.000000,25.000000,1346.000000,21.506167,725,-90.197830,12.293247,909,2000,24.095002,55.597542,7.848163,13.382736,7.635052,1.816495,-0.373925,-0.666718,0.374007,-0.666873,24.136564,722.768044,24,1695.087148,oceanic,SS,7.100000,7.100000,7.700000,7.700000,1.100000,-0.600000
SEA1,SEA,1,Andaman,92.100000,14.000000,89.500000,15.000000,99.700000,10.900000,112.000000,1,SS-E,-999,INDIA,SUNDA,BURMA,Argus et al. (2011),43.000000,17.000000,95.000000,-4.000000,13.000000,105.000000,7.000000,13.000000,45.000000,359.000000,113.000000,-18.000000,24.000000,46.000000,83.000000,608.000000,139.174343,962,91.709623,12.807372,501,686,88.691471,27.798771,4.174207,-49.415539,2.715606,-3.170092,-2.155799,-0.273687,2.155799,-0.273687,91.947144,0.000000,39,354.103385,oceanic,SS,4.300000,-0.400000,1.300000,1.300000,4.500000,-1.800000
SEA10,SEA,10,Sumatra,99.700000,-4.000000,97.600000,-5.700000,105.900000,1.200000,50.000000,1,SS,-999,CAPRICORN,SUNDA,SUMATRA FOREARC,Bradley et al. (2017),57.000000,22.000000,28.000000,50.000000,52.000000,39.000000,11.000000,51.000000,18.000000,317.000000,93.000000,-1.000000,23.000000,59.000000,68.000000,2164.000000,23.625143,1056,99.557237,-3.842343,511,686,53.709155,55.597542,5.821014,-26.908825,5.190760,-2.634428,-1.057147,0.861147,1.057488,0.861417,61.603271,807.294608,40,2565.897814,continental,SS,5.700000,5.000000,5.200000,5.100000,1.800000,-0.100000
SEA11,SEA,11,Sumatra,100.800000,-5.500000,98.700000,-7.200000,107.100000,-0.400000,50.800000,1,SS,-999,CAPRICORN,SUNDA,SUMATRA FOREARC,Bradley et al. (2017),58.000000,22.000000,29.000000,51.000000,54.000000,40.000000,11.000000,53.000000,18.000000,313.000000,98.000000,-2.000000,21.000000,62.000000,79.000000,2599.000000,12.541657,1060,100.825347,-5.390069,511,686,48.737887,55.597542,5.975186,-21.383551,5.563858,-2.178610,-0.876627,0.944281,0.876829,0.944499,66.547150,584.904441,40,2565.897814,continental,SS,5.800000,5.100000,5.400000,5.300000,1.800000,-0.200000
SEA12,SEA,12,Sumatra,102.300000,-7.000000,100.800000,-9.200000,106.800000,-0.300000,33.500000,1,SS,-999,CAPRICORN,SUNDA,SUMATRA FOREARC,Bradley et al. (2017),59.000000,22.000000,11.000000,58.000000,57.000000,40.000000,6.000000,56.000000,18.000000,308.000000,85.000000,1.000000,19.000000,60.000000,91.000000,3036.000000,23.423771,1064,102.097692,-6.936366,511,686,54.209796,55.597542,6.123807,-26.393082,5.485494,-2.722197,-0.860275,0.860807,0.860275,0.860807,71.907959,362.514273,40,2565.897814,continental,SS,5.900000,5.800000,5.700000,5.600000,1.800000,0.100000
SEA13,SEA,13,Java,105.000000,-8.400000,103.500000,-10.700000,109.300000,-1.500000,32.400000,1,SS-C,-999,AUSTRALIA,SUNDA,WEST JAVA,Koulali et al. (2017),64.000000,15.000000,17.000000,61.000000,65.000000,9.000000,24.000000,60.000000,7.000000,107.000000,75.000000,2.000000,21.000000,62.000000,101.000000,3761.000000,70.035661,652,104.958427,-9.028503,801,736,4.770409,60.982632,6.954390,11.520422,6.814284,1.388911,1.014871,2.155429,-1.014897,2.155485,102.256462,166.792626,23,3455.128780,oceanic,SS,6.400000,6.100000,6.500000,6.000000,0.700000,0.200000
SEA14,SEA,14,Java,107.000000,-9.700000,105.800000,-12.100000,110.400000,-2.300000,24.700000,1,SS-C,-999,AUSTRALIA,SUNDA,WEST JAVA,Koulali et al. (2017),66.000000,15.000000,9.000000,65.000000,65.000000,9.000000,16.000000,62.000000,8.000000,95.000000,71.000000,3.000000,20.000000,58.000000,106.000000,3911.000000,56.080102,656,106.976705,-9.196184,801,736,7.207482,55.597542,6.972526,8.733525,6.891681,1.058703,0.871447,2.200059,-0.871454,2.200078,,389.182793,23,3455.128780,continental,SS,6.600000,6.500000,6.500000,6.200000,0.800000,0.300000
SEA15,SEA,15,Java,109.000000,-10.500000,108.500000,-13.100000,110.400000,-2.500000,10.000000,1,SS-C,-999,AUSTRALIA,SUNDA,WEST JAVA,Koulali et al. (2017),67.000000,15.000000,5.000000,67.000000,65.000000,8.000000,2.000000,65.000000,8.000000,85.000000,76.000000,2.000000,22.000000,56.000000,116.000000,4538.000000,117.961778,660,108.988331,-9.439208,801,736,1.870870,55.597542,6.982534,13.731582,6.782962,1.657469,1.020674,2.118975,-1.020677,2.118980,,490.678439,23,3455.128780,continental,SS,6.700000,6.700000,6.500000,6.500000,0.800000,0.200000
SEA16,SEA,16,Java,111.000000,-10.400000,110.500000,-13.100000,112.400000,-2.400000,10.000000,1,SS,-999,AUSTRALIA,SUNDA,EAST JAVA,Koulali et al. (2016),69.000000,15.000000,5.000000,68.000000,67.000000,6.000000,4.000000,67.000000,10.000000,90.000000,80.000000,2.000000,23.000000,55.000000,123.000000,4985.000000,100.234597,664,111.015064,-9.498692,801,736,1.537412,55.597542,6.984270,13.728157,6.784748,1.657476,0.979779,2.118968,-0.979784,2.118980,,268.288271,23,3455.128780,continental,SS,6.900000,6.800000,6.700000,6.700000,1.000000,0.200000
SEA17,SEA,17,Java,113.000000,-10.700000,112.600000,-13.400000,114.100000,-2.700000,8.000000,1,SS-C,-999,AUSTRALIA,SUNDA,EAST JAVA,Koulali et al. (2016),70.000000,14.000000,6.000000,69.000000,66.000000,6.000000,2.000000,65.000000,11.000000,77.000000,69.000000,4.000000,22.000000,54.000000,128.000000,4924.000000,136.332586,668,113.042036,-9.474632,801,736,358.175996,73.696875,6.978079,16.769820,6.681312,2.013368,1.048206,2.064980,-1.048211,2.064990,,45.898104,23,3455.128780,continental,SS,7.000000,6.900000,6.600000,6.500000,1.100000,0.400000
SEA18,SEA,18,Java,115.000000,-11.200000,114.500000,-13.800000,116.500000,-3.300000,11.400000,1,SS-C,-999,AUSTRALIA,SUNDA,SUMBA,Koulali et al. (2016),71.000000,14.000000,2.000000,71.000000,64.000000,358.000000,14.000000,62.000000,20.000000,74.000000,63.000000,9.000000,21.000000,58.000000,131.000000,4899.000000,178.628924,672,114.974212,-9.593754,801,651,356.081186,55.597542,6.995766,17.871074,6.658216,2.146834,1.126915,2.107518,-1.126965,2.107621,,166.792626,23,3455.128780,continental,SS,7.100000,7.100000,6.400000,6.200000,2.000000,0.900000
SEA2,SEA,2,Andaman,91.600000,12.000000,88.900000,12.500000,99.700000,10.300000,101.000000,1,SS-E,-999,INDIA,SUNDA,BURMA,Argus et al. (2011),43.000000,18.000000,83.000000,5.000000,22.000000,105.000000,4.000000,22.000000,48.000000,350.000000,111.000000,-17.000000,26.000000,48.000000,81.000000,1053.000000,25.822583,964,91.732951,11.807631,501,686,88.696444,55.597542,4.213381,-48.798703,2.775381,-3.170148,-2.112679,-0.273632,2.113107,-0.273687,87.363258,111.195084,39,354.103385,oceanic,SS,4.300000,0.500000,2.200000,2.200000,4.800000,-1.700000
SEA20,SEA,20,Timor,119.000000,-11.100000,118.600000,-13.800000,120.300000,-3.100000,9.000000,1,C-SS,-999,AUSTRALIA,SUNDA,SUMBA,Koulali et al. (2016),73.000000,13.000000,4.000000,73.000000,46.000000,357.000000,12.000000,45.000000,31.000000,37.000000,28.000000,27.000000,21.000000,62.000000,149.000000,4162.000000,198.454128,680,119.018842,-9.315358,801,651,359.679235,55.597542,6.686428,14.452395,6.474838,1.668769,0.605806,2.160099,-0.605852,2.160282,,611.572960,23,3455.128780,continental,C,7.300000,7.300000,4.600000,4.500000,3.100000,2.700000
SEA23,SEA,23,Timor,125.000000,-10.200000,126.000000,-12.700000,122.000000,-2.700000,338.000000,1,C-SS,-999,AUSTRALIA,BANDA_SEA,TIMOR,Koulali et al. (2016),42.000000,357.000000,19.000000,40.000000,15.000000,317.000000,22.000000,14.000000,33.000000,13.000000,35.000000,27.000000,34.000000,65.000000,-999.000000,-999.000000,169.506901,691,124.524153,-8.749640,801,651,345.855098,55.597542,6.223428,28.944346,5.446061,3.011889,0.578421,2.036548,-0.578609,2.037169,,1129.731459,23,3455.128780,continental,C,4.200000,4.000000,1.500000,1.400000,3.300000,2.700000
SEA24,SEA,24,Timor,126.500000,-9.600000,127.400000,-12.100000,123.700000,-2.000000,340.000000,1,C-SS,-999,AUSTRALIA,BANDA_SEA,TIMOR,Koulali et al. (2016),35.000000,0.000000,20.000000,33.000000,11.000000,308.000000,32.000000,9.000000,30.000000,17.000000,37.000000,24.000000,38.000000,68.000000,-999.000000,-999.000000,143.399675,694,126.000891,-8.408309,801,651,348.425146,55.597542,6.095753,26.788942,5.441513,2.747388,0.340585,2.058297,-0.340656,2.058843,,962.938834,23,3455.128780,continental,C,3.500000,3.300000,1.100000,0.900000,3.000000,2.400000
SEA25,SEA,25,Timor,128.500000,-9.200000,129.400000,-11.800000,126.000000,-1.500000,342.000000,1,C-SS,-999,AUSTRALIA,BANDA_SEA,TIMOR,Koulali et al. (2016),26.000000,4.000000,22.000000,24.000000,8.000000,283.000000,59.000000,4.000000,26.000000,22.000000,40.000000,20.000000,38.000000,54.000000,-999.000000,-999.000000,144.681375,699,128.473494,-7.899115,801,651,348.074401,55.597542,5.873907,27.885638,5.191846,2.747275,0.109786,2.058410,-0.109827,2.058843,,684.951125,23,3455.128780,continental,C,2.600000,2.400000,0.800000,0.400000,2.600000,2.000000
SEA26,SEA,26,Tanimbar,130.500000,-8.700000,131.700000,-11.100000,127.100000,-1.400000,335.000000,1,SS-C,-999,AUSTRALIA,BANDA_SEA,TIMOR,Koulali et al. (2016),16.000000,15.000000,40.000000,13.000000,7.000000,243.000000,92.000000,0.000000,22.000000,29.000000,54.000000,13.000000,33.000000,45.000000,-999.000000,-999.000000,145.888248,702,129.935325,-7.513052,801,651,343.751659,55.597542,5.741663,32.798669,4.826322,3.110194,0.119136,2.048409,-0.119146,2.048573,,518.158499,23,3455.128780,continental,SS,1.600000,1.300000,0.700000,0.000000,2.200000,1.300000
SEA27,SEA,27,Tanimbar,132.500000,-7.100000,135.100000,-8.000000,124.900000,-4.300000,290.000000,1,SS-E,-999,AUSTRALIA,BANDA_SEA,TIMOR,Zhao et al. (2023),14.000000,62.000000,72.000000,-9.000000,4.000000,193.000000,97.000000,-1.000000,17.000000,51.000000,121.000000,-9.000000,31.000000,45.000000,-999.000000,-999.000000,127.584713,706,131.573843,-6.413972,801,651,311.690503,55.597542,5.612460,66.287143,2.257069,5.138614,1.006210,1.721487,-1.006220,1.721504,,295.768332,23,3455.128780,continental,SS,1.400000,-0.900000,0.400000,-0.100000,1.700000,-0.900000
SEA28,SEA,28,Aru,133.000000,-5.200000,136.500000,-4.900000,125.700000,-5.100000,269.000000,1,Undefined,-999,AUSTRALIA,BANDA_SEA,SERAM,Rangin et al. (1999),,-999.000000,-999.000000,,41.000000,42.000000,133.000000,-28.000000,,-999.000000,-999.000000,,26.000000,45.000000,-999.000000,-999.000000,72.737401,709,132.343207,-5.192056,801,651,275.495627,55.597542,-5.577029,103.936198,-1.343179,5.412867,1.707301,0.857465,-1.707422,0.857527,,128.975706,23,3455.128780,continental,Undefined,,,4.100000,-2.800000,,
SEA29,SEA,29,Flores,118.000000,-7.900000,117.800000,-5.200000,118.700000,-16.000000,175.000000,1,C-SS,-999,SUNDA,AUSTRALIA,SUMBA,Koulali et al. (2016),72.000000,192.000000,23.000000,69.000000,20.000000,188.000000,13.000000,20.000000,52.000000,193.000000,18.000000,49.000000,-999.000000,-999.000000,-999.000000,-999.000000,164.083569,678,118.007752,-9.375617,801,651,355.581193,55.597542,6.766684,18.503370,6.416880,2.147478,0.855329,2.106874,-0.855658,2.107621,,500.377877,23,3455.128780,continental,C,7.200000,6.900000,2.000000,2.000000,5.200000,4.900000
SEA3,SEA,3,Andaman,91.400000,10.000000,88.700000,10.300000,99.500000,8.900000,97.000000,1,SS-E,-999,INDIA,SUNDA,BURMA,Argus et al. (2011),43.000000,19.000000,78.000000,9.000000,31.000000,102.000000,5.000000,31.000000,50.000000,341.000000,116.000000,-22.000000,26.000000,49.000000,77.000000,1424.000000,50.934973,968,91.823372,9.810561,501,686,84.954708,48.316904,4.292261,-43.900494,3.092768,-2.976289,-2.039284,-0.138390,2.039323,-0.138392,82.089981,333.585251,39,354.103385,continental,SS,4.300000,0.900000,3.100000,3.100000,5.000000,-2.200000
SEA30,SEA,30,Flores,120.000000,-7.800000,120.100000,-5.100000,119.700000,-15.900000,182.000000,1,C-SS,-999,SUNDA,AUSTRALIA,SUMBA,Koulali et al. (2016),73.000000,191.000000,9.000000,72.000000,30.000000,185.000000,3.000000,30.000000,44.000000,196.000000,14.000000,42.000000,-999.000000,-999.000000,-999.000000,-999.000000,167.756068,682,120.032171,-9.308329,801,651,359.515266,55.597542,6.602946,14.642182,6.388504,1.669104,0.514537,2.159764,-0.514661,2.160282,,722.768044,23,3455.128780,continental,C,7.300000,7.200000,3.000000,3.000000,4.400000,4.200000
SEA31,SEA,31,Wetar,126.000000,-7.500000,125.300000,-4.900000,128.200000,-15.300000,165.000000,1,SS-C,-999,BANDA_SEA,AUSTRALIA,TIMOR,Koulali et al. (2016),39.000000,195.000000,30.000000,33.000000,43.000000,217.000000,52.000000,27.000000,16.000000,100.000000,65.000000,7.000000,-999.000000,-999.000000,-999.000000,-999.000000,100.999543,694,126.000891,-8.408309,801,651,348.425146,55.597542,6.095753,26.788942,5.441513,2.747388,0.340585,2.058297,-0.340656,2.058843,,962.938834,23,3455.128780,continental,SS,3.900000,3.300000,4.300000,2.700000,1.600000,0.700000
SEA32,SEA,32,Seram,132.000000,-3.400000,133.700000,-1.300000,126.700000,-9.600000,220.000000,1,SS,-999,BIRDS_HEAD,BANDA_SEA,DEF_SERAM,Rangin et al. (1999),64.000000,257.000000,37.000000,51.000000,75.000000,270.000000,50.000000,48.000000,19.000000,139.000000,81.000000,3.000000,27.000000,42.000000,-999.000000,-999.000000,101.103008,711,132.439229,-4.196646,801,651,275.487768,45.579393,-5.603620,104.993949,-1.449752,5.412834,1.613723,0.857497,-1.613780,0.857527,,17.780622,23,3455.128780,continental,SS,6.400000,5.100000,7.500000,4.800000,1.900000,0.300000
SEA34,SEA,34,Seram,128.000000,-2.400000,127.800000,0.300000,128.600000,-10.500000,176.000000,1,SS,-999,BIRDS_HEAD,BANDA_SEA,DEF_SERAM,Rangin et al. (1999),59.000000,271.000000,95.000000,-5.000000,75.000000,270.000000,94.000000,-5.000000,16.000000,86.000000,90.000000,0.000000,36.000000,52.000000,-999.000000,-999.000000,185.188734,950,126.923634,-1.128673,781,679,87.550261,82.727614,4.059856,-37.740653,3.210492,-2.484991,1.384468,-2.354449,-1.384583,-2.354641,,54.928843,4,1193.812099,continental,SS,5.900000,-0.500000,7.500000,-0.500000,1.600000,0.000000
SEA35,SEA,35,Halmahera,126.800000,0.000000,124.100000,0.300000,134.800000,-1.000000,97.000000,1,Undefined,-999,SULA BLOCK,-999,UNDEF_HALMAHERA_ARC,Rangin et al. (1999),,-999.000000,-999.000000,,45.000000,80.000000,17.000000,43.000000,,-999.000000,-999.000000,,37.000000,57.000000,43.000000,1332.000000,16.986372,948,126.880893,-0.129586,781,679,87.550730,55.597542,3.578314,-43.981944,2.574807,-2.484894,1.477641,-2.354545,-1.477700,-2.354641,,166.123927,4,1193.812099,continental,Undefined,,,4.500000,4.300000,,
SEA36,SEA,36,Halmahera,127.300000,2.000000,124.900000,3.200000,134.500000,-1.700000,117.000000,1,Undefined,-999,SULA BLOCK,-999,UNDEF_HALMAHERA_ARC,Rangin et al. (1999),,-999.000000,-999.000000,,45.000000,80.000000,37.000000,36.000000,,-999.000000,-999.000000,,44.000000,55.000000,43.000000,1172.000000,23.255726,944,127.156243,1.848019,781,679,98.978010,55.597542,3.019999,-75.420484,0.760204,-2.922753,2.098528,-2.011452,-2.099049,-2.011958,,277.987709,4,1193.812099,continental,Undefined,,,4.500000,3.600000,,
SEA37,SEA,37,North Sulawesi,123.000000,2.000000,122.500000,4.700000,124.400000,-6.000000,170.000000,1,SS-C,-999,SUNDA,MOLUCCA_SEA,DEF_MANADO ,Socquet et al. (2006),21.000000,178.000000,8.000000,21.000000,18.000000,158.000000,12.000000,18.000000,7.000000,234.000000,64.000000,3.000000,28.000000,0.000000,35.000000,148.000000,58.510574,897,123.262429,1.543841,645,669,173.258462,55.597542,4.987678,-22.160243,4.619251,-1.881343,2.983568,-0.044292,-2.984016,-0.044299,,279.846717,33,724.627052,continental,SS,2.100000,2.100000,1.800000,1.800000,0.700000,0.300000
SEA38,SEA,38,North Sulawesi,121.000000,2.300000,121.500000,5.000000,119.600000,-5.700000,190.000000,1,SS,-999,SUNDA,MOLUCCA_SEA,DEF_NORTH_SULA,Socquet et al. (2006),34.000000,182.000000,8.000000,34.000000,37.000000,167.000000,23.000000,34.000000,10.000000,282.000000,92.000000,0.000000,28.000000,0.000000,40.000000,319.000000,94.756165,893,121.264409,1.489849,645,669,179.651864,55.597542,4.606649,-31.089793,3.944945,-2.378785,2.560681,0.282215,-2.560917,0.282241,,222.390167,33,724.627052,continental,SS,3.400000,3.400000,3.700000,3.400000,1.000000,0.000000
SEA39,SEA,39,Sangihe,126.400000,1.000000,128.800000,-0.300000,119.200000,4.800000,298.000000,1,Undefined,-999,SULA BLOCK,-999,UNDEF_SANGIHE_ARC,Rangin et al. (1999),,-999.000000,-999.000000,,47.000000,304.000000,6.000000,47.000000,,-999.000000,-999.000000,,27.000000,49.000000,43.000000,1221.000000,68.513148,946,127.000178,0.860266,781,679,98.974322,55.597542,3.239493,-64.450944,1.397141,-2.922723,2.006552,-2.011481,-2.007036,-2.011958,,277.319010,4,1193.812099,continental,Undefined,,,4.700000,4.700000,,
SEA4,SEA,4,Andaman,91.700000,8.000000,89.000000,7.400000,99.700000,9.700000,77.000000,1,SS-E,-999,INDIA,SUNDA,BURMA,Argus et al. (2011),44.000000,20.000000,57.000000,24.000000,39.000000,98.000000,21.000000,37.000000,52.000000,332.000000,105.000000,-13.000000,26.000000,51.000000,73.000000,1642.000000,38.812930,972,92.000873,7.818266,511,686,84.981911,55.597542,4.722330,-66.609732,1.874727,-4.334259,-1.949146,-0.138365,1.949538,-0.138392,81.098633,555.975419,40,2565.897814,continental,SS,4.400000,2.400000,3.900000,3.700000,5.200000,-1.300000
SEA40,SEA,40,Sangihe,127.000000,3.000000,129.700000,2.500000,119.000000,4.500000,281.000000,1,Undefined,-999,SULA BLOCK,-999,UNDEF_SANGIHE_ARC,Rangin et al. (1999),,-999.000000,-999.000000,,47.000000,304.000000,23.000000,43.000000,,-999.000000,-999.000000,,27.000000,53.000000,43.000000,1158.000000,22.203259,941,126.834529,3.112110,781,679,38.230171,40.488021,2.594281,-29.336220,2.261590,-1.271026,-0.634338,-2.887292,0.634345,-2.887322,,111.195084,4,1193.812099,oceanic,Undefined,,,4.700000,4.300000,,
SEA41,SEA,41,Sangihe,126.600000,5.000000,129.300000,5.100000,118.500000,4.700000,268.000000,1,Undefined,-999,SULA BLOCK,-999,UNDEF_SANGIHE_ARC,Rangin et al. (1999),,-999.000000,-999.000000,,47.000000,304.000000,36.000000,38.000000,,-999.000000,-999.000000,,35.000000,57.000000,43.000000,1154.000000,98.383885,574,125.864866,4.503878,674,645,238.845941,55.597542,5.851432,70.717721,1.932274,5.523185,1.084389,-2.327354,-1.084390,-2.327357,,55.597542,5,573.074945,continental,Undefined,,,4.700000,3.800000,,
SEA42,SEA,42,Philippines,128.600000,4.000000,131.100000,5.100000,121.200000,0.700000,246.000000,1,Undefined,-999,PHILIPPINE_SEA,-999,UNDEF_SOUTH_PHILIPPINES,Rangin et al. (1999),,-999.000000,-999.000000,,23.000000,270.000000,24.000000,21.000000,,-999.000000,-999.000000,,38.000000,0.000000,-999.000000,-999.000000,18.970707,1234,128.489068,3.870158,608,678,242.399786,55.597542,0.941457,-10.975203,0.924237,-0.179238,-0.939927,3.246851,0.940069,3.247339,72.159264,183.529175,44,4365.731205,continental,Undefined,,,2.300000,2.100000,,
SEA43,SEA,43,Philippines,127.400000,6.000000,129.900000,7.000000,119.900000,2.800000,247.300000,1,Undefined,-999,PHILIPPINE_SEA,-999,UNDEF_SOUTH_PHILIPPINES,Rangin et al. (1999),,-999.000000,-999.000000,,30.000000,271.000000,24.000000,27.000000,,-999.000000,-999.000000,,47.000000,61.000000,-999.000000,-999.000000,45.313897,1229,127.743554,6.222213,608,678,261.170348,55.597542,0.906813,-30.611808,0.780437,-0.461766,-2.062854,2.749633,2.063626,2.750658,78.791252,461.516884,44,4365.731205,continental,Undefined,,,3.000000,2.700000,,
SEA44,SEA,44,Philippines,127.300000,8.000000,130.000000,8.100000,119.100000,7.500000,267.000000,1,C-SS,-999,PHILIPPINE_SEA,SUNDA,DEF_EAST_PHILIPPINES,Rangin et al. (1999),103.000000,294.000000,27.000000,92.000000,36.000000,272.000000,5.000000,36.000000,71.000000,305.000000,38.000000,56.000000,45.000000,65.000000,50.000000,1452.000000,24.953676,1225,127.413614,8.194189,608,678,254.590651,55.597542,0.879719,-25.155137,0.796286,-0.373943,-1.836667,2.977860,1.836871,2.978180,74.925682,683.907051,44,4365.731205,continental,C,10.300000,9.200000,3.600000,3.600000,7.100000,5.600000
SEA45,SEA,45,Philippines,126.800000,10.000000,129.400000,10.800000,119.000000,7.500000,252.800000,1,SS-C,-999,PHILIPPINE_SEA,SUNDA,DEF_EAST_PHILIPPINES,Rangin et al. (1999),101.000000,295.000000,42.000000,75.000000,34.000000,274.000000,21.000000,32.000000,70.000000,305.000000,52.000000,43.000000,40.000000,61.000000,50.000000,1214.000000,15.785823,1221,126.873886,10.121908,608,678,254.504736,55.597542,0.850801,-25.948715,0.765029,-0.372282,-1.933639,2.976199,1.934924,2.978180,71.432030,889.560670,44,4365.731205,continental,SS,10.100000,7.500000,3.400000,3.200000,7.000000,4.300000
SEA46,SEA,46,Philippines,126.200000,12.000000,128.700000,13.000000,118.700000,8.700000,247.400000,1,SS-C,-999,PHILIPPINE_SEA,SUNDA,DEF_EAST_PHILIPPINES,Rangin et al. (1999),99.000000,295.000000,48.000000,66.000000,47.000000,276.000000,29.000000,41.000000,57.000000,311.000000,63.000000,25.000000,36.000000,63.000000,50.000000,1516.000000,14.901513,1217,126.327636,12.048738,608,678,254.399693,55.597542,0.820773,-27.127530,0.730483,-0.374250,-2.030611,2.978167,2.030619,2.978180,67.527245,667.170502,44,4365.731205,continental,SS,9.900000,6.600000,4.700000,4.100000,5.700000,2.500000
SEA47,SEA,47,Philippines,125.200000,14.000000,127.800000,15.000000,117.600000,10.900000,248.000000,1,SS-C,-999,PHILIPPINE_SEA,SUNDA,DEF_LUZON,Hsu YJ (pers. comm. 2023),98.000000,296.000000,48.000000,65.000000,24.000000,255.000000,7.000000,24.000000,81.000000,307.000000,60.000000,41.000000,33.000000,53.000000,45.000000,725.000000,27.510199,1213,125.269333,13.761927,608,678,238.776587,55.597542,0.787630,-12.094702,0.770147,-0.165031,-1.260612,3.408276,1.261362,3.410304,65.781403,444.780335,44,4365.731205,continental,SS,9.800000,6.500000,2.400000,2.400000,8.100000,4.100000
SEA48,SEA,48,Philippines,123.500000,15.600000,124.700000,18.000000,120.100000,8.200000,205.000000,1,Undefined,-999,PHILIPPINE_SEA,SUNDA,-999,-999,97.000000,298.000000,93.000000,-4.000000,97.000000,298.000000,93.000000,-4.000000,,-999.000000,-999.000000,,40.000000,-999.000000,36.000000,-999.000000,44.076186,1208,123.834129,15.831670,608,678,227.126713,55.597542,0.744116,-1.526791,0.743851,-0.019826,-0.683086,3.608620,0.683128,3.608840,62.724575,166.792626,44,4365.731205,oceanic,Undefined,9.700000,-0.400000,9.700000,-0.400000,,
SEA49,SEA,49,Cotobato,125.200000,4.500000,122.500000,4.400000,133.300000,4.700000,88.000000,1,Undefined,-999,SUNDA,-999,UNDEF_SANGIHE_ARC,Rangin et al. (1999),,-999.000000,-999.000000,,,-999.000000,-999.000000,,,-999.000000,-999.000000,,40.000000,-999.000000,32.000000,-999.000000,46.089156,575,125.472164,4.813395,674,645,217.683464,55.597542,-5.850751,91.543226,-0.157567,5.848629,0.176946,-2.561726,-0.176953,-2.561835,,111.195084,5,573.074945,continental,Undefined,,,,,,
SEA5,SEA,5,Andaman,92.600000,6.000000,90.100000,5.100000,100.300000,8.700000,70.000000,1,SS-E,-999,INDIA,SUNDA,BURMA,Argus et al. (2011),44.000000,21.000000,49.000000,29.000000,48.000000,92.000000,22.000000,44.000000,54.000000,323.000000,107.000000,-16.000000,24.000000,59.000000,62.000000,1724.000000,8.194997,1032,92.667753,5.970150,511,686,62.092214,74.936812,4.850383,-41.752324,3.618533,-3.229928,-1.759295,0.620358,1.759479,0.620423,71.192429,778.365586,40,2565.897814,continental,SS,4.400000,2.900000,4.800000,4.400000,5.400000,-1.600000
SEA50,SEA,50,Cotobato,123.800000,6.500000,121.600000,4.900000,130.400000,11.300000,53.000000,1,Undefined,-999,SUNDA,-999,UNDEF_SANGIHE_ARC,Rangin et al. (1999),,-999.000000,-999.000000,,35.000000,113.000000,60.000000,17.000000,,-999.000000,-999.000000,,33.000000,-999.000000,46.000000,-999.000000,14.312513,580,123.853492,6.617233,674,645,257.817832,55.597542,5.876229,49.801417,3.792746,4.488334,1.809931,-1.828922,-1.810095,-1.829088,42.708866,144.558948,5,573.074945,oceanic,Undefined,,,3.500000,1.700000,,
SEA51,SEA,51,Sulu,121.700000,10.000000,119.000000,10.100000,129.900000,9.600000,92.000000,1,C-SS,-999,SUNDA,PHILIPPINE_SEA,DEF_VISAYAS,Simons et al. (2007),103.000000,117.000000,25.000000,94.000000,53.000000,101.000000,9.000000,52.000000,54.000000,133.000000,41.000000,41.000000,-999.000000,-999.000000,-999.000000,-999.000000,49.353737,625,122.149883,9.973664,646,612,86.008767,55.597542,2.068126,43.214592,1.507238,1.416114,-2.085707,1.533536,2.085763,1.533577,6.067217,287.461190,37,809.046920,continental,C,10.300000,9.400000,5.300000,5.200000,5.400000,4.100000
SEA52,SEA,52,Sulu,121.600000,7.500000,119.300000,9.000000,128.300000,2.900000,124.000000,1,Undefined,-999,SUNDA,-999,UNDEF_SULU ARC,Simons et al. (2007),,-999.000000,-999.000000,,28.000000,106.000000,18.000000,27.000000,,-999.000000,-999.000000,,-999.000000,-999.000000,12.000000,-999.000000,7.635206,928,121.637740,7.442427,646,614,130.511490,55.597542,1.765659,4.006799,1.761343,0.123375,-2.543043,-0.362346,2.543338,-0.362388,18.780241,196.280830,37,809.046920,continental,Undefined,,,2.800000,2.700000,,
SEA53,SEA,53,Sulu,119.700000,6.500000,117.600000,8.100000,126.100000,1.500000,128.000000,1,Undefined,-999,SUNDA,-999,UNDEF_SULU ARC,Simons et al. (2007),,-999.000000,-999.000000,,11.000000,114.000000,14.000000,11.000000,,-999.000000,-999.000000,,-999.000000,-999.000000,12.000000,-999.000000,76.889814,924,120.217772,6.038196,646,614,142.004755,55.597542,1.491877,-7.779040,1.478148,-0.201930,-2.398377,-0.866517,2.398618,-0.866605,,111.195084,37,809.046920,continental,Undefined,,,1.100000,1.100000,,
SEA54,SEA,54,Manila,119.200000,14.000000,116.700000,12.800000,126.900000,17.300000,65.000000,1,SS-C,-999,SUNDA,PHILIPPINE_SEA,DEF_VISAYAS,Hsu YJ (pers. comm. 2023),101.000000,118.000000,53.000000,60.000000,59.000000,106.000000,41.000000,45.000000,45.000000,134.000000,69.000000,16.000000,37.000000,62.000000,23.000000,768.000000,69.949958,615,119.835710,14.124362,602,612,73.823181,55.597542,0.099381,34.694410,0.081711,0.056568,-1.759788,1.918270,1.759851,1.918338,22.203547,843.436609,18,1345.115776,continental,SS,10.100000,6.000000,5.900000,4.500000,4.500000,1.600000
SEA55,SEA,55,Manila,119.200000,16.000000,116.400000,16.200000,127.600000,15.100000,95.000000,1,SS-C,-999,SUNDA,PHILIPPINE_SEA,DEF_LUZON,Hsu YJ (pers. comm. 2023),99.000000,119.000000,24.000000,90.000000,64.000000,103.000000,8.000000,63.000000,41.000000,144.000000,49.000000,27.000000,37.000000,58.000000,21.000000,959.000000,35.313521,611,119.518777,16.083662,602,612,88.675529,55.597542,-0.000232,-147.596311,-0.000196,-0.000124,-2.203539,1.398514,2.203934,1.398764,20.689335,1065.826776,18,1345.115776,continental,SS,9.900000,9.000000,6.400000,6.300000,4.100000,2.700000
SEA56,SEA,56,Manila,119.200000,17.500000,116.400000,17.400000,127.700000,17.600000,88.000000,1,SS-C,-999,SUNDA,PHILIPPINE_SEA,DEF_LUZON,Hsu YJ (pers. comm. 2023),97.000000,120.000000,32.000000,83.000000,77.000000,106.000000,18.000000,73.000000,29.000000,160.000000,72.000000,9.000000,33.000000,55.000000,22.000000,1095.000000,47.898567,608,119.649543,17.542227,602,612,120.215658,46.775948,-0.000221,-177.782783,-0.000221,-0.000009,-2.614657,0.038783,2.614678,0.038783,,1042.816771,18,1345.115776,continental,SS,9.700000,8.300000,7.700000,7.300000,2.900000,0.900000
SEA57,SEA,57,Manila,119.800000,19.000000,117.300000,20.300000,127.100000,14.900000,119.000000,1,SS-C,-999,SUNDA,PHILIPPINE_SEA,DEF_LUZON,Hsu YJ (pers. comm. 2023),95.000000,120.000000,1.000000,95.000000,85.000000,108.000000,11.000000,83.000000,21.000000,176.000000,57.000000,12.000000,31.000000,55.000000,25.000000,1384.000000,61.480016,605,120.365223,18.859125,602,612,91.672656,55.597542,-0.000058,-149.679476,-0.000050,-0.000030,-2.276435,1.293778,2.276547,1.293841,,876.024145,18,1345.115776,continental,SS,9.500000,9.500000,8.500000,8.300000,2.100000,1.200000
SEA58,SEA,58,Manila,120.200000,20.500000,117.400000,19.700000,128.600000,22.500000,74.000000,2,SS,-999,SUNDA,PHILIPPINE_SEA,DEF_LUZON,Hsu YJ (pers. comm. 2023),93.000000,121.000000,47.000000,64.000000,70.000000,106.000000,32.000000,59.000000,31.000000,157.000000,83.000000,4.000000,35.000000,65.000000,31.000000,1353.000000,27.115627,602,120.411919,20.358480,602,612,91.688328,55.597542,-0.000162,-149.788067,-0.000140,-0.000082,-2.278220,1.293684,2.278496,1.293841,,709.231520,18,1345.115776,continental,SS,9.300000,6.400000,7.000000,5.900000,3.100000,0.400000
SEA59,SEA,59,Manila,119.900000,22.500000,117.200000,23.500000,127.800000,19.300000,112.000000,1,C-SS,-999,YANGTZE,PHILIPPINE_SEA,DEF_TAIWAN,Hsu YJ (pers. comm. 2023),91.000000,122.000000,10.000000,90.000000,47.000000,103.000000,9.000000,46.000000,49.000000,140.000000,28.000000,43.000000,46.000000,67.000000,-999.000000,-999.000000,89.519596,598,120.750797,22.328183,602,612,101.474377,55.597542,-0.001228,-159.869871,-0.001153,-0.000423,-2.462851,0.892835,2.463422,0.893042,,486.841352,18,1345.115776,continental,C,9.100000,9.000000,4.700000,4.600000,4.900000,4.300000
SEA6,SEA,6,Sumatra,93.000000,4.000000,90.600000,2.700000,100.100000,7.900000,60.800000,1,SS-E,-999,INDIA,SUNDA,BURMA,Argus et al. (2011),45.000000,22.000000,39.000000,35.000000,56.000000,90.000000,29.000000,49.000000,57.000000,316.000000,105.000000,-15.000000,21.000000,54.000000,60.000000,1716.000000,77.228416,1036,93.655821,4.233429,511,686,53.001111,55.597542,5.007190,-31.079036,4.288438,-2.584812,-1.544402,0.880693,1.544692,0.880864,,1000.755754,40,2565.897814,continental,SS,4.500000,3.500000,5.600000,4.900000,5.700000,-1.500000
SEA60,SEA,60,Manila,120.500000,24.000000,117.700000,25.000000,128.500000,20.800000,112.000000,1,C-SS,-999,YANGTZE,PHILIPPINE_SEA,DEF_TAIWAN,Hsu YJ (pers. comm. 2022),89.000000,122.000000,10.000000,88.000000,35.000000,121.000000,9.000000,35.000000,54.000000,123.000000,11.000000,53.000000,-999.000000,-999.000000,-999.000000,-999.000000,90.477499,596,120.967393,23.308052,602,612,101.558378,27.798771,-0.001633,-159.972219,-0.001535,-0.000559,-2.462352,0.893042,2.462352,0.893042,,375.646269,18,1345.115776,continental,C,8.900000,8.800000,3.500000,3.500000,5.400000,5.300000
SEA61,SEA,61,Ryukyus,122.500000,23.200000,122.000000,20.500000,124.100000,31.100000,10.000000,1,SS-E,-999,PHILIPPINE_SEA,YANGTZE,YONAGUNI,Chen et al. (2022),88.000000,301.000000,69.000000,32.000000,91.000000,354.000000,17.000000,66.000000,79.000000,236.000000,134.000000,-55.000000,25.000000,52.000000,131.000000,5234.000000,10.539719,909,122.596648,23.233092,608,648,2.075369,81.770452,6.279871,-59.947078,3.144957,-5.435625,1.673839,1.703152,-1.673953,1.703265,,156.922024,44,4365.731205,continental,SS,8.800000,3.200000,9.100000,6.600000,7.900000,-5.500000
SEA62,SEA,62,Ryukyus,124.000000,23.200000,124.700000,20.600000,121.600000,31.000000,345.000000,1,E-SS,-999,PHILIPPINE_SEA,YANGTZE,OKINAWA,Argus et al. (2011),87.000000,300.000000,45.000000,62.000000,136.000000,308.000000,37.000000,109.000000,51.000000,142.000000,157.000000,-47.000000,24.000000,55.000000,49.000000,3274.000000,32.532993,911,123.682164,23.216391,608,648,349.791695,73.525711,6.493240,-44.274592,4.649175,-4.532917,2.373285,1.219571,-2.373301,1.219579,51.236546,45.726940,44,4365.731205,continental,E,8.700000,6.200000,13.600000,10.900000,5.100000,-4.700000
SEA63,SEA,63,Ryukyus,127.000000,24.200000,128.700000,22.000000,121.600000,30.700000,325.000000,1,E,-999,PHILIPPINE_SEA,YANGTZE,OKINAWA,Argus et al. (2011),84.000000,299.000000,26.000000,75.000000,121.000000,305.000000,20.000000,114.000000,39.000000,136.000000,171.000000,-39.000000,24.000000,52.000000,50.000000,3405.000000,17.562674,1119,127.077365,24.341324,608,601207,320.453911,55.597542,8.080323,-17.825257,7.692424,-2.473508,3.987057,0.807911,-3.986481,0.805331,60.077015,327.579843,44,4365.731205,continental,E,8.400000,7.500000,12.100000,11.400000,3.900000,-3.900000
SEA64,SEA,64,Ryukyus,129.000000,25.700000,130.900000,23.600000,122.900000,31.800000,320.000000,1,E,-999,PHILIPPINE_SEA,YANGTZE,OKINAWA,Argus et al. (2011),80.000000,299.000000,21.000000,75.000000,107.000000,303.000000,17.000000,102.000000,28.000000,136.000000,176.000000,-28.000000,24.000000,52.000000,52.000000,3168.000000,26.040340,1115,128.746588,25.648235,608,601205,317.852397,55.597542,8.189194,-15.595707,7.887690,-2.201645,4.061076,0.753481,-4.069732,0.789117,67.089951,549.970010,44,4365.731205,continental,E,8.000000,7.500000,10.700000,10.200000,2.800000,-2.800000
SEA65,SEA,65,Ryukyus,130.500000,27.500000,132.800000,25.700000,123.100000,32.500000,310.000000,1,E-SS,-999,PHILIPPINE_SEA,YANGTZE,OKINAWA,Argus et al. (2011),76.000000,299.000000,11.000000,75.000000,92.000000,304.000000,6.000000,92.000000,18.000000,142.000000,168.000000,-18.000000,27.000000,53.000000,52.000000,2996.000000,12.096665,1110,130.463637,27.603901,608,601203,302.209968,55.597542,8.038502,-1.240238,8.036619,-0.173990,3.924612,-0.130444,-3.851350,-0.062986,81.071281,827.957719,44,4365.731205,continental,E,7.600000,7.500000,9.200000,9.200000,1.800000,-1.800000
SEA66,SEA,66,Ryukyus,132.000000,29.500000,134.600000,28.100000,123.600000,33.300000,300.000000,1,SS-E,-999,PHILIPPINE_SEA,YANGTZE,OKINAWA,Argus et al. (2011),71.000000,300.000000,0.000000,71.000000,75.000000,305.000000,5.000000,75.000000,8.000000,181.000000,119.000000,-4.000000,26.000000,53.000000,-999.000000,-999.000000,43.046329,1105,131.761939,29.827221,608,601101,296.393245,55.597542,6.964505,-2.455153,6.958112,-0.298341,2.813175,0.457438,-2.430413,0.827734,65.785362,1105.945429,44,4365.731205,continental,SS,7.100000,7.100000,7.500000,7.500000,0.800000,-0.400000
SEA67,SEA,67,Ryukyus,133.000000,31.100000,135.100000,29.100000,126.200000,36.900000,317.500000,1,C-SS,-999,PHILIPPINE_SEA,AMUR,SHIKOKU,Nishimura et al. (2018),64.000000,301.000000,16.000000,61.000000,45.000000,309.000000,8.000000,45.000000,20.000000,285.000000,33.000000,17.000000,27.000000,46.000000,25.000000,660.000000,27.290627,1102,132.716243,31.065658,608,601102,312.162357,55.597542,6.141299,-17.994005,5.840921,-1.897155,1.789770,0.956414,-1.629258,0.716214,38.804871,1272.738054,44,4365.731205,continental,C,6.400000,6.100000,4.500000,4.500000,2.000000,1.700000
SEA68,SEA,68,Nankai,134.000000,31.800000,135.300000,29.300000,129.600000,39.100000,335.000000,1,C-SS,-999,PHILIPPINE_SEA,AMUR,SHIKOKU,Nishimura et al. (2018),62.000000,301.000000,34.000000,52.000000,41.000000,309.000000,27.000000,37.000000,22.000000,288.000000,47.000000,15.000000,20.000000,67.000000,22.000000,514.000000,23.703050,1099,134.070804,32.004516,608,601104,329.783034,55.597542,5.686673,-30.814336,4.883895,-2.913042,1.273413,0.833250,-1.276856,0.827746,21.640133,1439.530680,44,4365.731205,continental,C,6.200000,5.200000,4.100000,3.700000,2.200000,1.500000
SEA69,SEA,69,Nankai,135.500000,32.600000,136.600000,30.100000,131.900000,40.200000,340.000000,1,SS-C,-999,PHILIPPINE_SEA,AMUR,CHUBU,Nishimura et al. (2018),59.000000,301.000000,39.000000,46.000000,35.000000,321.000000,19.000000,33.000000,29.000000,277.000000,63.000000,13.000000,22.000000,36.000000,14.000000,222.000000,15.538390,1096,135.655007,32.649840,608,601106,344.044043,82.460599,6.213979,-45.440031,4.360072,-4.427562,1.324819,1.565993,-1.592611,1.780507,15.386363,1389.938547,44,4365.731205,continental,SS,5.900000,4.600000,3.500000,3.300000,2.900000,1.300000
SEA7,SEA,7,Sumatra,95.000000,2.000000,93.900000,-0.400000,98.400000,9.300000,25.000000,1,SS-C,-999,CAPRICORN,SUNDA,SUMATRA FOREARC,Bradley et al. (2017),53.000000,19.000000,6.000000,53.000000,42.000000,37.000000,12.000000,41.000000,18.000000,335.000000,50.000000,12.000000,19.000000,53.000000,50.000000,1152.000000,31.731689,1041,95.161161,2.235581,511,686,53.086064,55.597542,5.220197,-29.677468,4.535445,-2.584609,-1.423525,0.880490,1.424142,0.880864,51.042191,1278.743463,40,2565.897814,continental,SS,5.300000,5.300000,4.200000,4.100000,1.800000,1.200000
SEA70,SEA,70,Nankai,137.000000,33.100000,137.800000,30.500000,134.200000,40.900000,345.000000,1,SS-C,-999,PHILIPPINE_SEA,AMUR,CHUBU,Nishimura et al. (2018),57.000000,300.000000,45.000000,41.000000,33.000000,321.000000,24.000000,30.000000,29.000000,276.000000,69.000000,10.000000,24.000000,45.000000,19.000000,317.000000,25.146543,1094,136.741023,33.036426,659,601106,329.168137,55.597542,6.631244,-30.306950,5.724981,-3.346340,2.034017,1.398088,-1.996007,1.293342,20.343304,1278.743463,43,633.013775,continental,SS,5.700000,4.100000,3.300000,3.000000,2.900000,1.000000
SEA71,SEA,71,Suruga,138.500000,34.100000,138.600000,31.400000,138.100000,42.200000,357.500000,1,SS-C,-999,PHILIPPINE_SEA,AMUR,IZU,Nishimura (2011),54.000000,300.000000,57.000000,29.000000,18.000000,350.000000,7.000000,18.000000,44.000000,282.000000,76.000000,11.000000,36.000000,31.000000,24.000000,238.000000,22.006811,1090,138.599820,34.279865,659,601130,310.593370,55.597542,6.293134,-13.858932,6.109931,-1.507408,1.977437,0.910903,-1.923535,0.961358,,1056.353295,43,633.013775,continental,SS,5.400000,2.900000,1.800000,1.800000,4.400000,1.100000
SEA72,SEA,72,Sagami,140.000000,34.700000,139.400000,32.000000,141.900000,42.600000,10.000000,1,SS,-999,PHILIPPINE_SEA,OKHOTSK,KANTO,Nishimura (2011),48.000000,306.000000,64.000000,21.000000,31.000000,317.000000,53.000000,19.000000,18.000000,286.000000,84.000000,2.000000,-999.000000,-999.000000,-999.000000,-999.000000,7.191841,1087,140.046943,34.751910,659,601127,3.921448,55.597542,6.096390,-57.972230,3.233100,-5.168465,1.192230,1.527028,-1.195013,1.525910,,889.560670,43,633.013775,continental,SS,4.800000,2.100000,3.100000,1.900000,1.800000,0.200000
SEA73,SEA,73,Izu-Bonin,142.100000,33.000000,145.300000,33.400000,132.700000,31.400000,260.900000,2,E-SS,-999,PACIFIC,PHILIPPINE_SEA,IZU_BONIN_ARC,Nishimura (2011),47.000000,278.000000,17.000000,45.000000,55.000000,279.000000,18.000000,53.000000,8.000000,101.000000,160.000000,-7.000000,24.000000,47.000000,135.000000,4072.000000,11.241513,993,142.006517,32.936208,901,659,265.102937,55.597542,3.825952,-14.803990,3.698952,-0.977581,-3.238175,2.635318,3.238236,2.635368,129.380157,258.161025,45,10186.753245,oceanic,E,4.700000,4.500000,5.500000,5.300000,0.800000,-0.700000
SEA74,SEA,74,Izu-Bonin,142.300000,31.000000,145.400000,31.500000,133.200000,29.000000,258.000000,2,E-SS,-999,PACIFIC,PHILIPPINE_SEA,IZU_BONIN_ARC,Nishimura (2011),44.000000,279.000000,21.000000,41.000000,50.000000,280.000000,22.000000,46.000000,6.000000,108.000000,150.000000,-5.000000,26.000000,59.000000,138.000000,4112.000000,10.027180,989,142.216674,30.944978,901,659,255.439158,55.597542,3.876065,-4.837569,3.862257,-0.326873,-2.743456,3.146814,2.743479,3.146840,133.127029,480.551193,45,10186.753245,oceanic,E,4.400000,4.100000,5.000000,4.600000,0.600000,-0.500000
SEA75,SEA,75,Izu-Bonin,142.900000,29.000000,145.900000,29.800000,134.300000,26.200000,252.300000,2,SS-E,-999,PACIFIC,PHILIPPINE_SEA,IZU_BONIN_ARC,Nishimura (2011),41.000000,281.000000,29.000000,36.000000,45.000000,284.000000,32.000000,38.000000,4.000000,128.000000,124.000000,-2.000000,25.000000,65.000000,142.000000,3585.000000,10.044302,985,142.797257,29.009236,901,659,255.438732,55.597542,3.923044,-4.491057,3.910999,-0.307188,-2.723532,3.160698,2.723536,3.160703,137.807327,500.377877,45,10186.753245,continental,SS,4.100000,3.600000,4.500000,3.800000,0.400000,-0.200000
SEA76,SEA,76,Izu-Bonin,143.300000,27.000000,146.300000,26.900000,134.200000,27.000000,272.000000,2,SS-E,-999,PACIFIC,PHILIPPINE_SEA,IZU_BONIN_ARC,Nishimura (2011),39.000000,283.000000,11.000000,38.000000,40.000000,287.000000,15.000000,38.000000,3.000000,168.000000,104.000000,-1.000000,26.000000,67.000000,133.000000,3434.000000,12.564492,981,143.200000,27.069526,901,659,270.000000,55.597542,3.964449,-18.772421,3.753558,-1.275799,-3.415644,2.387042,3.415678,2.387066,137.662003,277.987709,45,10186.753245,continental,SS,3.900000,3.800000,4.000000,3.800000,0.300000,-0.100000
SEA77,SEA,77,Izu-Bonin,143.200000,25.000000,146.200000,25.200000,134.400000,23.900000,264.000000,2,SS-C,-999,PACIFIC,PHILIPPINE_SEA,IZU_BONIN_ARC,Nishimura (2011),35.000000,284.000000,20.000000,33.000000,34.000000,289.000000,25.000000,31.000000,3.000000,214.000000,50.000000,2.000000,35.000000,65.000000,136.000000,3120.000000,22.274833,977,143.000000,25.085417,901,659,270.000000,55.597542,3.998964,-18.640402,3.789192,-1.278179,-3.408048,2.380783,3.408088,2.380811,134.178650,55.597542,45,10186.753245,continental,SS,3.500000,3.300000,3.400000,3.100000,0.300000,0.200000
SEA78,SEA,78,Mariana,145.100000,23.000000,147.200000,24.900000,139.100000,17.200000,225.300000,2,E,-999,PACIFIC,PHILIPPINE_SEA,MARIANA,Argus et al. (2011),33.000000,291.000000,66.000000,14.000000,41.000000,268.000000,42.000000,30.000000,17.000000,36.000000,171.000000,-17.000000,30.000000,63.000000,141.000000,2942.000000,24.818241,843,145.228933,22.811027,901,699,221.908329,55.597542,5.373800,7.187756,5.331569,0.672376,1.414444,5.485776,-1.414524,5.486062,139.346054,277.323210,45,10186.753245,oceanic,E,3.300000,1.400000,4.100000,3.000000,1.700000,-1.700000
SEA79,SEA,79,Mariana,146.900000,21.000000,149.300000,22.500000,140.000000,16.200000,235.000000,2,E-SS,-999,PACIFIC,PHILIPPINE_SEA,MARIANA,Argus et al. (2011),31.000000,299.000000,64.000000,14.000000,46.000000,263.000000,28.000000,41.000000,27.000000,42.000000,167.000000,-26.000000,29.000000,66.000000,145.000000,4157.000000,12.591567,838,147.012660,20.958076,901,699,254.256325,55.597542,6.300411,-24.674903,5.725128,-2.630227,-0.853968,5.807789,0.853973,5.807827,143.693176,555.310919,45,10186.753245,oceanic,E,3.100000,1.400000,4.600000,4.100000,2.700000,-2.600000
SEA8,SEA,8,Sumatra,97.000000,0.000000,94.800000,-1.500000,103.700000,4.500000,56.000000,1,SS,-999,CAPRICORN,SUNDA,SUMATRA FOREARC,Bradley et al. (2017),55.000000,20.000000,36.000000,44.000000,46.000000,37.000000,19.000000,43.000000,18.000000,329.000000,87.000000,1.000000,21.000000,49.000000,43.000000,1029.000000,23.547955,1047,96.918832,-0.195599,511,686,54.644804,55.597542,5.466900,-29.679106,4.749709,-2.706891,-1.298109,0.843360,1.298894,0.843869,42.527817,1307.672485,40,2565.897814,continental,SS,5.500000,4.400000,4.600000,4.300000,1.800000,0.100000
SEA80,SEA,80,Mariana,147.600000,19.000000,150.400000,19.400000,139.200000,17.400000,260.000000,2,E-SS,-999,PACIFIC,PHILIPPINE_SEA,MARIANA,Argus et al. (2011),29.000000,304.000000,44.000000,21.000000,51.000000,263.000000,3.000000,51.000000,35.000000,49.000000,149.000000,-30.000000,31.000000,66.000000,147.000000,5355.000000,31.546129,834,147.300000,18.995171,901,699,270.000000,55.597542,6.928045,-37.065014,5.528248,-4.175677,-1.666498,5.460888,1.666551,5.461051,,777.701086,45,10186.753245,oceanic,E,2.900000,2.100000,5.100000,5.100000,3.500000,-3.000000
SEA81,SEA,81,Mariana,147.800000,17.000000,150.600000,16.900000,139.300000,17.000000,271.000000,2,E-SS,-999,PACIFIC,PHILIPPINE_SEA,MARIANA,Argus et al. (2011),27.000000,309.000000,38.000000,21.000000,56.000000,263.000000,8.000000,55.000000,42.000000,56.000000,145.000000,-34.000000,27.000000,67.000000,150.000000,5670.000000,53.171576,830,147.300000,16.995171,901,699,270.000000,55.597542,7.524159,-33.704731,6.259410,-4.175255,-0.929278,5.460465,0.929365,5.461051,,1000.091254,45,10186.753245,oceanic,E,2.700000,2.100000,5.600000,5.500000,4.200000,-3.400000
SEA82,SEA,82,Mariana,147.500000,15.000000,150.100000,14.100000,139.500000,17.500000,289.200000,2,SS-E,-999,PACIFIC,PHILIPPINE_SEA,MARIANA,Argus et al. (2011),24.000000,313.000000,23.000000,22.000000,60.000000,264.000000,25.000000,55.000000,48.000000,62.000000,133.000000,-33.000000,29.000000,65.000000,152.000000,5815.000000,46.654558,826,147.067401,15.038313,901,699,291.740855,55.597542,8.081270,-52.242225,4.948360,-6.389104,-2.189320,4.915965,2.189558,4.916520,,1222.481421,45,10186.753245,oceanic,SS,2.400000,2.200000,6.000000,5.500000,4.800000,-3.300000
SEA83,SEA,83,Mariana,146.500000,13.300000,148.500000,11.400000,140.400000,18.800000,314.400000,2,SS-E,-999,PACIFIC,PHILIPPINE_SEA,MARIANA,Argus et al. (2011),21.000000,314.000000,0.000000,21.000000,64.000000,266.000000,48.000000,43.000000,53.000000,69.000000,115.000000,-22.000000,29.000000,65.000000,153.000000,4576.000000,47.675522,823,146.390209,13.715253,901,699,317.772415,55.597542,8.382185,-75.403577,2.112386,-8.111649,-3.626244,3.644599,3.626543,3.644919,,1389.274047,45,10186.753245,oceanic,SS,2.100000,2.100000,6.400000,4.300000,5.300000,-2.200000
SEA84,SEA,84,Mariana,144.500000,12.000000,145.600000,9.500000,141.000000,19.400000,335.900000,2,SS-E,-999,PACIFIC,PHILIPPINE_SEA,MARIANA,Argus et al. (2011),17.000000,311.000000,25.000000,15.000000,67.000000,270.000000,66.000000,27.000000,56.000000,78.000000,102.000000,-12.000000,30.000000,65.000000,150.000000,2848.000000,17.279305,818,144.424599,12.136789,901,699,335.978904,55.597542,8.604792,-88.256743,0.261765,-8.600810,-3.712038,2.543385,3.712468,2.543697,152.426208,1334.341005,45,10186.753245,continental,SS,1.700000,1.500000,6.700000,2.700000,5.600000,-1.200000
SEA85,SEA,85,Mariana,142.500000,11.400000,143.000000,8.700000,141.000000,19.400000,350.300000,2,Undefined,-999,PACIFIC,PHILIPPINE_SEA,-999,-999,14.000000,303.000000,47.000000,9.000000,14.000000,303.000000,47.000000,9.000000,,-999.000000,-999.000000,,32.000000,58.000000,148.000000,918.000000,11.457862,814,142.561637,11.316537,901,699,335.600229,28.215304,8.656063,-83.540932,0.973750,-8.601118,-2.963887,2.543693,2.963892,2.543697,148.464279,1111.950837,45,10186.753245,oceanic,Undefined,1.400000,0.900000,1.400000,0.900000,,
SEA86,SEA,86,Mariana,140.500000,10.800000,140.500000,8.100000,140.300000,18.900000,359.000000,2,Undefined,-999,PACIFIC,PHILIPPINE_SEA,-999,-999,11.000000,291.000000,68.000000,4.000000,11.000000,291.000000,68.000000,4.000000,,-999.000000,-999.000000,,-999.000000,-999.000000,145.000000,-999.000000,11.016064,810,140.590670,10.843400,901,699,359.055959,55.597542,-8.630778,-102.676100,-1.893932,-8.420413,-3.008947,1.297403,3.009044,1.297447,143.900009,889.560670,45,10186.753245,oceanic,Undefined,1.100000,0.400000,1.100000,0.400000,,
SEA87,SEA,87,Yap,138.600000,10.000000,141.200000,9.100000,130.800000,12.700000,290.000000,2,Neutral,-999,PACIFIC,PHILIPPINE_SEA,-999,-999,9.000000,275.000000,15.000000,9.000000,9.000000,275.000000,15.000000,9.000000,0.000000,-999.000000,-999.000000,0.000000,-999.000000,-999.000000,143.000000,-999.000000,9.055172,805,138.675328,9.966416,901,699,287.678315,55.597542,8.803681,-26.921223,7.849625,-3.985999,0.782265,2.691390,-0.782324,2.691601,141.309311,611.572960,45,10186.753245,continental,N,0.900000,0.900000,0.900000,0.900000,0.000000,0.000000
SEA88,SEA,88,Yap,138.000000,8.600000,140.200000,7.000000,131.200000,13.100000,305.000000,2,Neutral,-999,CAROLINE,PHILIPPINE_SEA,-999,-999,6.000000,328.000000,23.000000,6.000000,6.000000,328.000000,23.000000,6.000000,0.000000,-999.000000,-999.000000,0.000000,-999.000000,-999.000000,145.000000,-999.000000,5.434921,801,138.048909,8.607102,653,699,298.713815,55.597542,5.260643,-6.393485,5.227925,-0.585804,0.810707,2.834292,-0.810745,2.834434,118.064667,444.780335,29,536.771581,continental,N,0.600000,0.600000,0.600000,0.600000,0.000000,0.000000
SEA89,SEA,89,Yap,136.000000,7.300000,136.100000,4.600000,135.700000,15.400000,358.000000,2,Neutral,-999,CAROLINE,PHILIPPINE_SEA,-999,-999,3.000000,329.000000,29.000000,3.000000,3.000000,329.000000,29.000000,3.000000,0.000000,-999.000000,-999.000000,0.000000,-999.000000,-999.000000,45.000000,-999.000000,20.219129,796,136.137371,7.179614,653,699,351.729474,55.597542,5.317149,-59.307052,2.714070,-4.572297,-1.002215,2.777060,1.002318,2.777382,35.588028,166.792626,29,536.771581,continental,N,0.300000,0.300000,0.300000,0.300000,0.000000,0.000000
SEA9,SEA,9,Sumatra,98.100000,-2.000000,96.100000,-3.800000,104.000000,3.500000,47.300000,1,SS,-999,CAPRICORN,SUNDA,SUMATRA FOREARC,Bradley et al. (2017),56.000000,21.000000,26.000000,50.000000,49.000000,39.000000,9.000000,48.000000,18.000000,323.000000,84.000000,2.000000,23.000000,54.000000,61.000000,1756.000000,19.489662,1051,98.077079,-1.826229,511,686,53.782360,55.597542,5.625832,-27.925178,4.970760,-2.634679,-1.185517,0.861398,1.185542,0.861417,49.016693,1085.282318,40,2565.897814,continental,SS,5.600000,5.000000,4.900000,4.800000,1.800000,0.200000
SEA90,SEA,90,Palau,134.500000,6.800000,136.400000,4.900000,128.600000,12.500000,315.000000,2,Neutral,-999,CAROLINE,PHILIPPINE_SEA,-999,-999,1.000000,302.000000,13.000000,1.000000,1.000000,302.000000,13.000000,1.000000,0.000000,-999.000000,-999.000000,0.000000,-999.000000,-999.000000,30.000000,-999.000000,25.128594,793,134.641439,6.977067,653,699,4.754018,27.798771,5.336647,-72.163560,1.634619,-5.080140,-1.057608,2.598596,1.057608,2.598596,27.534256,0.000000,29,536.771581,continental,N,0.100000,0.100000,0.100000,0.100000,0.000000,0.000000
SWP1,SWP,1,New Britain,148.000000,-7.300000,147.500000,-10.000000,149.400000,0.700000,10.000000,2,SS-E,-999,SOLOMON_SEA,NORTH_BISMARCK,SOUTH_BISMARCK,Argus et al. (2011),80.000000,65.000000,55.000000,45.000000,58.000000,20.000000,10.000000,57.000000,57.000000,113.000000,103.000000,-13.000000,-999.000000,70.000000,30.000000,-999.000000,33.676352,850,148.291129,-7.208794,615,69702,17.959349,35.618833,3.847526,48.016055,2.573696,2.859990,0.390112,-6.090159,-0.390112,-6.090210,,96.401393,31,104.221455,oceanic,SS,8.000000,4.500000,5.800000,5.700000,5.700000,-1.300000
SWP10,SWP,10,New Hebrides,165.700000,-12.000000,163.200000,-13.100000,173.200000,-8.600000,66.000000,2,Undefined,-999,AUSTRALIA,PACIFIC,-999,-999,93.000000,77.000000,11.000000,91.000000,93.000000,77.000000,11.000000,91.000000,,-999.000000,-999.000000,,41.000000,66.000000,40.000000,2857.000000,23.311666,883,165.722999,-12.208437,801,827,70.462504,55.597542,9.487354,2.670500,9.477051,0.442036,5.221207,-3.947060,-5.221382,-3.947192,42.350006,55.597542,11,3967.120756,continental,Undefined,9.300000,9.100000,9.300000,9.100000,,
SWP11,SWP,11,New Hebrides,166.200000,-14.000000,163.400000,-14.300000,174.400000,-12.900000,83.000000,2,SS-C,-999,AUSTRALIA,NEW_HEBRIDES,N-NEW_HEBRIDES,Bergeot et al. (2009),93.000000,83.000000,0.000000,93.000000,72.000000,27.000000,56.000000,40.000000,80.000000,131.000000,48.000000,53.000000,42.000000,70.000000,55.000000,1770.000000,16.266795,887,166.206704,-14.146146,801,827,87.664470,67.739468,9.218060,-14.736698,8.914832,-2.344866,6.045096,-2.237568,-6.045182,-2.237600,,80.763577,11,3967.120756,continental,SS,9.300000,9.300000,7.200000,4.000000,8.000000,5.300000
SWP12,SWP,12,New Hebrides,166.600000,-16.000000,164.100000,-17.200000,174.000000,-12.300000,64.000000,2,C-SS,-999,AUSTRALIA,NEW_HEBRIDES,C-NEW_HEBRIDES,Bergeot et al. (2009),101.000000,83.000000,19.000000,96.000000,48.000000,77.000000,13.000000,46.000000,54.000000,87.000000,23.000000,49.000000,35.000000,65.000000,46.000000,1566.000000,24.476181,326,166.387061,-15.919145,801,827,66.401687,55.597542,8.972543,6.159826,8.920739,0.962774,4.720829,-4.239437,-4.721110,-4.239690,,120.425084,11,3967.120756,continental,C,10.100000,9.600000,4.800000,4.600000,5.400000,4.900000
SWP13,SWP,13,New Hebrides,167.400000,-18.000000,164.600000,-18.400000,175.800000,-16.700000,81.500000,2,SS-E,-999,AUSTRALIA,NEW_HEBRIDES,S-NEW_HEBRIDES,Bergeot et al. (2009),109.000000,81.000000,0.000000,109.000000,114.000000,78.000000,4.000000,113.000000,9.000000,204.000000,122.000000,-5.000000,42.000000,64.000000,38.000000,3366.000000,25.210047,321,167.386524,-18.226357,801,827,68.632683,55.597542,8.608647,3.844150,8.589279,0.577147,4.740548,-4.031105,-4.740715,-4.031248,37.803371,398.412793,11,3967.120756,oceanic,SS,10.900000,10.900000,11.400000,11.300000,0.900000,-0.500000
SWP14,SWP,14,New Hebrides,168.200000,-20.000000,165.700000,-21.300000,175.600000,-15.900000,61.400000,2,E,-999,AUSTRALIA,NEW_HEBRIDES,S-NEW_HEBRIDES,Bergeot et al. (2009),117.000000,80.000000,19.000000,110.000000,158.000000,75.000000,14.000000,154.000000,44.000000,241.000000,180.000000,-44.000000,40.000000,66.000000,32.000000,3835.000000,7.830467,317,168.196233,-20.070332,801,827,60.280455,55.597542,8.305976,12.109200,8.121165,1.742391,3.991086,-4.641184,-3.991174,-4.641287,36.170238,611.572960,11,3967.120756,oceanic,E,11.700000,11.000000,15.800000,15.400000,4.400000,-4.400000
SWP15,SWP,15,New Hebrides,169.500000,-22.000000,167.400000,-23.900000,175.400000,-16.200000,44.600000,2,Undefined,-999,AUSTRALIA,NEW_HEBRIDES,-999,-999,124.000000,78.000000,34.000000,103.000000,124.000000,78.000000,34.000000,103.000000,,-999.000000,-999.000000,,43.000000,63.000000,26.000000,2106.000000,23.392120,312,169.676254,-22.132569,801,827,43.384986,55.597542,7.930032,29.246649,6.919148,3.874377,2.349681,-5.538971,-2.349854,-5.539380,,333.585251,11,3967.120756,oceanic,Undefined,12.400000,10.300000,12.400000,10.300000,,
SWP16,SWP,16,New Hebrides,171.000000,-23.000000,170.500000,-25.700000,172.400000,-15.000000,10.000000,2,Undefined,-999,AUSTRALIA,NEW_HEBRIDES,-999,-999,129.000000,76.000000,66.000000,52.000000,129.000000,76.000000,66.000000,52.000000,,-999.000000,-999.000000,,39.000000,59.000000,26.000000,1005.000000,7.802832,309,171.005151,-22.929988,801,827,14.006113,55.597542,7.748206,59.228775,3.964071,6.657390,-0.717415,-5.950902,0.717464,-5.951301,32.159687,166.792626,11,3967.120756,oceanic,Undefined,12.900000,5.200000,12.900000,5.200000,,
SWP17,SWP,17,Tonga,187.700000,-15.500000,190.100000,-14.200000,180.200000,-19.300000,241.400000,2,SS-E,-999,PACIFIC,AUSTRALIA,TONGA,Argus et al. (2011),84.000000,271.000000,30.000000,73.000000,253.000000,289.000000,47.000000,171.000000,174.000000,117.000000,124.000000,-97.000000,27.000000,46.000000,108.000000,10835.000000,19.764043,105,-172.428335,-15.372371,901,821,226.580865,55.597542,15.185910,48.323074,10.097561,11.342448,7.269361,-5.191617,-7.269453,-5.191683,107.491089,778.365586,42,3754.768345,oceanic,SS,8.400000,7.300000,25.300000,17.100000,17.400000,-9.700000
SWP18,SWP,18,Tonga,187.800000,-17.000000,190.500000,-17.700000,179.800000,-14.600000,286.100000,2,E-SS,-999,PACIFIC,AUSTRALIA,TONGA,Argus et al. (2011),82.000000,271.000000,15.000000,79.000000,228.000000,291.000000,5.000000,228.000000,154.000000,122.000000,164.000000,-148.000000,27.000000,35.000000,105.000000,12300.000000,24.204626,108,-172.337181,-16.826341,901,821,271.161098,55.597542,14.474828,4.130558,14.437230,1.042613,8.176184,1.356299,-8.176992,1.356431,103.047585,945.158212,42,3754.768345,continental,E,8.200000,7.900000,22.800000,22.800000,15.400000,-14.800000
SWP19,SWP,19,Tonga,187.200000,-19.000000,189.900000,-19.800000,179.100000,-16.500000,286.800000,2,E-SS,-999,PACIFIC,AUSTRALIA,TONGA,Argus et al. (2011),79.000000,271.000000,16.000000,76.000000,192.000000,292.000000,6.000000,191.000000,122.000000,126.000000,161.000000,-115.000000,26.000000,44.000000,101.000000,10929.000000,25.462123,112,-172.763898,-18.773576,901,821,287.003788,55.597542,13.486198,-12.055954,13.188747,-2.816819,6.616539,3.439991,-6.616772,3.440114,98.388710,1167.548379,42,3754.768345,oceanic,E,7.900000,7.600000,19.200000,19.100000,12.200000,-11.500000
SWP2,SWP,2,New Britain,150.000000,-7.000000,151.000000,-9.500000,147.100000,0.600000,339.000000,2,E-SS,-999,SOLOMON_SEA,NORTH_BISMARCK,SOUTH_BISMARCK,Argus et al. (2011),81.000000,63.000000,84.000000,9.000000,93.000000,9.000000,30.000000,81.000000,80.000000,134.000000,155.000000,-73.000000,34.000000,72.000000,30.000000,1835.000000,11.293048,791,149.965417,-6.904417,849,830,347.588145,55.597542,13.233408,45.864825,9.215130,9.497603,4.537664,-4.988600,-4.537812,-4.988758,43.092113,78.913148,2,1026.424204,oceanic,E,8.100000,0.900000,9.300000,8.100000,8.000000,-7.300000
SWP20,SWP,20,Tonga,186.500000,-21.000000,189.200000,-21.900000,178.600000,-17.900000,291.100000,2,E-SS,-999,PACIFIC,AUSTRALIA,TONGA,Argus et al. (2011),76.000000,270.000000,21.000000,71.000000,155.000000,294.000000,3.000000,154.000000,90.000000,133.000000,158.000000,-83.000000,25.000000,51.000000,98.000000,9053.000000,20.091536,117,-173.624428,-21.138443,901,821,290.545381,55.597542,12.252564,-16.722973,11.734369,-3.525608,5.280394,3.779212,-5.280896,3.779574,93.899765,1292.607825,42,3754.768345,continental,E,7.600000,7.100000,15.500000,15.400000,9.000000,-8.300000
SWP21,SWP,21,Tonga,185.400000,-23.000000,188.000000,-24.200000,177.800000,-19.000000,297.900000,2,E-SS,-999,PACIFIC,AUSTRALIA,TONGA,Argus et al. (2011),72.000000,269.000000,29.000000,63.000000,114.000000,293.000000,5.000000,114.000000,56.000000,144.000000,154.000000,-50.000000,25.000000,56.000000,92.000000,6564.000000,9.432861,121,-174.524551,-22.951305,901,821,298.487765,55.597542,11.292216,-26.182304,10.133574,-4.982450,3.825587,4.387477,-3.826013,4.387958,90.612556,1070.217657,42,3754.768345,oceanic,E,7.200000,6.300000,11.400000,11.400000,5.600000,-5.000000
SWP22,SWP,22,Tonga,184.800000,-25.000000,187.800000,-25.300000,176.000000,-23.900000,275.900000,2,E-SS,-999,PACIFIC,AUSTRALIA,KERMADEC,Argus et al. (2011),69.000000,269.000000,7.000000,68.000000,124.000000,281.000000,5.000000,124.000000,59.000000,116.000000,165.000000,-55.000000,25.000000,53.000000,87.000000,6587.000000,20.138798,125,-175.210219,-24.819125,901,821,278.898358,55.597542,10.304218,-7.908595,10.206213,-1.417790,4.198569,2.979982,-4.199049,2.980319,93.292824,847.827490,42,3754.768345,oceanic,E,6.900000,6.800000,12.400000,12.400000,5.900000,-5.500000
SWP23,SWP,23,Kermadec,184.500000,-27.000000,187.500000,-27.500000,175.700000,-25.200000,281.200000,2,E-SS,-999,PACIFIC,AUSTRALIA,KERMADEC,Argus et al. (2011),66.000000,268.000000,13.000000,64.000000,114.000000,282.000000,1.000000,114.000000,52.000000,119.000000,162.000000,-49.000000,30.000000,52.000000,87.000000,6387.000000,22.943233,129,-175.414492,-26.808274,901,821,273.199871,55.597542,9.248793,-2.608476,9.239210,-0.420920,3.557698,2.575827,-3.557776,2.575881,98.549217,625.437322,42,3754.768345,oceanic,E,6.600000,6.400000,11.400000,11.400000,5.200000,-4.900000
SWP24,SWP,24,Kermadec,183.900000,-29.000000,186.900000,-29.700000,175.200000,-26.500000,286.400000,2,E-SS,-999,PACIFIC,AUSTRALIA,KERMADEC,Argus et al. (2011),62.000000,268.000000,19.000000,59.000000,103.000000,282.000000,5.000000,103.000000,46.000000,121.000000,165.000000,-44.000000,28.000000,56.000000,95.000000,6353.000000,25.093736,134,-176.108030,-29.225564,901,821,282.090807,55.597542,7.953954,-13.414752,7.736940,-1.845304,1.980082,3.122739,-1.980331,3.123105,105.554726,347.449613,42,3754.768345,oceanic,E,6.200000,5.900000,10.300000,10.300000,4.600000,-4.400000
SWP25,SWP,25,Kermadec,183.200000,-31.000000,186.200000,-31.900000,174.700000,-27.800000,291.100000,2,E-SS,-999,PACIFIC,AUSTRALIA,KERMADEC,Argus et al. (2011),58.000000,267.000000,24.000000,53.000000,92.000000,282.000000,9.000000,91.000000,39.000000,124.000000,167.000000,-38.000000,30.000000,61.000000,101.000000,6317.000000,15.295625,138,-176.922001,-31.089421,901,821,293.910235,55.597542,6.963756,-28.122951,6.141602,-3.282472,0.399263,3.403835,-0.399353,3.404445,110.741661,125.059445,42,3754.768345,oceanic,E,5.800000,5.300000,9.200000,9.100000,3.900000,-3.800000
SWP26,SWP,26,Kermadec,182.200000,-33.000000,185.300000,-33.800000,173.300000,-30.200000,287.900000,2,E-SS,-999,PACIFIC,AUSTRALIA,KERMADEC,Argus et al. (2011),55.000000,265.000000,22.000000,51.000000,81.000000,281.000000,7.000000,80.000000,32.000000,128.000000,160.000000,-30.000000,29.000000,64.000000,106.000000,5866.000000,8.023998,960,-177.750322,-32.941091,901,806,287.079978,55.597542,5.606177,-28.132326,4.943869,-2.643366,-0.577716,3.479473,0.577738,3.479604,114.471771,95.656926,42,3754.768345,oceanic,E,5.500000,5.100000,8.100000,8.000000,3.200000,-3.000000
SWP27,SWP,27,Kermadec,181.600000,-35.000000,184.700000,-36.000000,172.900000,-31.500000,292.500000,2,E-SS,-999,PACIFIC,AUSTRALIA,KERMADEC,Argus et al. (2011),51.000000,264.000000,28.000000,45.000000,70.000000,280.000000,12.000000,69.000000,25.000000,134.000000,158.000000,-23.000000,31.000000,59.000000,111.000000,5255.000000,25.342205,956,-178.558758,-34.812941,901,806,287.481165,55.597542,5.285065,-30.160954,4.569559,-2.655379,-0.784505,3.489058,0.784527,3.489158,118.329369,318.047094,42,3754.768345,oceanic,E,5.100000,4.500000,7.000000,6.900000,2.500000,-2.300000
SWP28,SWP,28,Kermadec,180.600000,-36.500000,183.800000,-37.500000,171.600000,-33.100000,292.000000,2,E-SS,-999,PACIFIC,AUSTRALIA,KERMADEC,Argus et al. (2011),49.000000,263.000000,29.000000,42.000000,61.000000,278.000000,14.000000,60.000000,20.000000,140.000000,152.000000,-18.000000,33.000000,59.000000,115.000000,4836.000000,26.798124,952,-179.677340,-36.591856,901,806,298.312178,55.597542,4.994318,-43.129762,3.644890,-3.414381,-1.598017,3.291667,1.598268,3.292199,121.241051,222.390167,42,3754.768345,oceanic,E,4.900000,4.200000,6.100000,6.000000,2.000000,-1.800000
SWP29,SWP,29,Hikurangi,179.100000,-38.500000,182.400000,-39.300000,169.600000,-35.600000,288.000000,1,SS-E,-999,PACIFIC,AUSTRALIA,KERMADEC,Argus et al. (2011),45.000000,260.000000,28.000000,40.000000,50.000000,274.000000,14.000000,49.000000,12.000000,154.000000,134.000000,-8.000000,28.000000,70.000000,119.000000,4108.000000,29.601650,936,179.434796,-38.453374,901,806,286.906757,27.798771,4.683758,-33.925010,3.886436,-2.614040,-1.088841,3.566491,1.088841,3.566491,122.491379,0.000000,42,3754.768345,continental,SS,4.500000,4.000000,5.000000,4.900000,1.200000,-0.800000
SWP3,SWP,3,New Britain,152.000000,-6.100000,153.200000,-8.500000,148.600000,1.200000,335.000000,2,E-SS,-999,SOLOMON_SEA,NORTH_BISMARCK,SOUTH_BISMARCK,Argus et al. (2011),81.000000,59.000000,84.000000,8.000000,130.000000,359.000000,24.000000,119.000000,115.000000,140.000000,165.000000,-111.000000,33.000000,68.000000,30.000000,2627.000000,27.855859,787,151.756556,-6.035547,849,830,323.078085,55.597542,11.910952,83.749966,1.296715,11.840156,-1.018045,-5.822983,1.018052,-5.823022,42.848621,222.390167,2,1026.424204,oceanic,E,8.100000,0.800000,13.000000,11.900000,11.500000,-11.100000
SWP30,SWP,30,Hikurangi,178.700000,-40.000000,182.100000,-40.700000,169.000000,-37.200000,287.000000,1,SS-E,-999,PACIFIC,AUSTRALIA,KERMADEC,Argus et al. (2011),42.000000,259.000000,28.000000,37.000000,42.000000,273.000000,14.000000,40.000000,10.000000,179.000000,108.000000,-3.000000,21.000000,73.000000,124.000000,3260.000000,17.468742,1067,178.746244,-40.153063,901,806,297.962934,55.597542,4.398466,-47.112050,2.993450,-3.222695,-1.908650,3.271668,1.908656,3.271679,123.716553,55.597542,42,3754.768345,continental,SS,4.200000,3.700000,4.200000,4.000000,1.000000,-0.300000
SWP31,SWP,31,Hikurangi,177.000000,-41.400000,178.800000,-43.800000,172.400000,-34.200000,332.000000,1,SS-E,-999,PACIFIC,AUSTRALIA,KERMADEC,Argus et al. (2011),40.000000,256.000000,76.000000,10.000000,34.000000,263.000000,69.000000,12.000000,7.000000,222.000000,110.000000,-2.000000,19.000000,73.000000,127.000000,977.000000,150.237379,1066,178.436805,-40.594000,901,806,298.334727,27.798771,4.331822,-48.243580,2.884843,-3.231464,-1.969890,3.265863,1.969890,3.265863,,0.000000,42,3754.768345,continental,SS,4.000000,1.000000,3.400000,1.200000,0.700000,-0.200000
SWP4,SWP,4,Solomons,154.000000,-6.500000,152.400000,-8.700000,158.600000,0.100000,35.000000,2,C-SS,-999,SOLOMON_SEA,PACIFIC,NORTH_BISMARCK,Argus et al. (2011),90.000000,53.000000,18.000000,86.000000,84.000000,57.000000,22.000000,77.000000,10.000000,9.000000,26.000000,9.000000,39.000000,73.000000,30.000000,1831.000000,30.189411,84,153.921315,-6.240006,849,847,58.543305,82.785876,10.604809,10.348629,10.432300,1.905018,4.739538,-4.718733,-4.739544,-4.718739,38.467964,222.390167,2,1026.424204,continental,C,9.000000,8.600000,8.400000,7.700000,1.000000,0.900000
SWP5,SWP,5,Solomons,156.000000,-8.000000,154.500000,-10.300000,160.400000,-1.200000,33.000000,2,Undefined,-999,WOODLARK,PACIFIC,-999,-999,109.000000,51.000000,18.000000,104.000000,109.000000,51.000000,18.000000,104.000000,,-999.000000,-999.000000,,50.000000,71.000000,5.000000,445.000000,17.752056,367,156.159956,-8.019958,829,847,49.296591,51.614334,12.806163,-14.044000,12.423383,-3.107633,3.798640,-5.427812,-3.798666,-5.427848,5.118457,205.374740,12,225.966446,continental,Undefined,10.900000,10.400000,10.900000,10.400000,,
SWP6,SWP,6,Solomons,158.000000,-9.300000,156.700000,-11.700000,161.900000,-2.200000,29.000000,2,Undefined,-999,AUSTRALIA,PACIFIC,-999,-999,98.000000,73.000000,44.000000,70.000000,98.000000,73.000000,44.000000,71.000000,,-999.000000,-999.000000,,43.000000,0.000000,4.000000,97.000000,28.690086,363,157.821864,-9.111183,801,847,29.681183,55.597542,10.159900,40.273651,7.751655,6.567755,1.676326,-6.373341,-1.676329,-6.373352,5.356872,427.764908,11,3967.120756,continental,Undefined,9.800000,7.000000,9.800000,7.100000,,
SWP7,SWP,7,Solomons,160.000000,-10.300000,159.000000,-12.800000,163.000000,-2.800000,22.000000,2,Undefined,-999,AUSTRALIA,PACIFIC,-999,-999,96.000000,74.000000,52.000000,59.000000,96.000000,74.000000,52.000000,59.000000,,-999.000000,-999.000000,,45.000000,77.000000,50.000000,2480.000000,4.387073,358,160.003662,-10.339289,801,847,32.291714,55.597542,9.935729,38.389597,7.787686,6.170142,1.867307,-6.284210,-1.867316,-6.284241,,667.170502,11,3967.120756,continental,Undefined,9.600000,5.900000,9.600000,5.900000,,
SWP8,SWP,8,Solomons,162.000000,-11.300000,161.800000,-14.000000,162.700000,-3.200000,5.000000,2,Undefined,-999,AUSTRALIA,PACIFIC,-999,-999,95.000000,75.000000,70.000000,33.000000,95.000000,75.000000,70.000000,33.000000,,-999.000000,-999.000000,,43.000000,70.000000,40.000000,1070.000000,28.514608,354,161.741319,-11.337711,801,847,16.372981,55.597542,9.749200,54.913587,5.603949,7.977634,0.000262,-6.527979,-0.000262,-6.528080,40.551025,444.780335,11,3967.120756,continental,Undefined,9.500000,3.300000,9.500000,3.300000,,
SWP9,SWP,9,Solomons,164.000000,-11.000000,164.400000,-13.700000,162.900000,-3.000000,352.000000,2,Undefined,-999,AUSTRALIA,PACIFIC,-999,-999,94.000000,76.000000,84.000000,10.000000,94.000000,76.000000,84.000000,10.000000,,-999.000000,-999.000000,,-999.000000,-999.000000,30.000000,-999.000000,31.007257,349,164.253255,-11.126426,801,847,351.776025,55.597542,9.677554,80.831094,1.542074,9.553903,-2.805575,-5.951273,2.805592,-5.951309,35.244438,166.792626,11,3967.120756,continental,Undefined,9.400000,1.000000,9.400000,1.000000,,
