lon,lat,subducting_plate_id,trench_plate_id,trench_normal_azimuth_deg,arc_segment_length_km,conv_mag_cm_yr,conv_obliquity_deg,conv_perp_cm_yr,conv_parallel_cm_yr,v_T_perp,v_T_parallel,v_OP_perp,v_OP_parallel,seafloor_age_Ma,dist_nearest_trench_edge_km,zone_id,trench_zone_width_km,upper_plate_nature
19.661507,41.109256,701,307,90.232950,27.798771,-0.196186,-172.820166,-0.194647,-0.024520,-2.307749,-1.981144,2.307749,-1.981144,,0.000000,6,7890.353345,continental
19.658829,40.609260,701,307,90.231198,55.597542,-0.132280,-157.567038,-0.122270,-0.050478,-2.247795,-1.955187,2.336530,-1.981144,,55.597542,6,7890.353345,continental
19.656191,40.109264,701,307069,90.229489,55.597542,-0.091242,-123.270049,-0.050054,-0.076287,-2.187840,-1.929377,2.165016,-1.922741,,111.195084,6,7890.353345,continental
19.943011,39.682116,701,307069,53.568489,55.597542,-0.117060,-98.987185,-0.018286,-0.115623,-2.943228,-0.205637,2.912491,-0.236044,,166.792626,6,7890.353345,continental
20.326606,39.279199,701,307067,53.812388,55.597542,-0.174167,-115.957802,-0.076234,-0.156596,-3.013037,-0.164663,3.031347,-0.146729,,222.390167,6,7890.353345,continental
20.319915,38.855678,701,307067,118.574951,55.597542,-0.181570,-129.974426,-0.116649,-0.139143,-1.086761,-2.659031,1.180487,-2.815723,,277.987709,6,7890.353345,continental
20.014686,38.416183,701,307061,118.384374,55.597542,0.419091,-85.383463,0.033731,-0.417732,-0.947954,-2.380431,0.831327,-2.185513,,333.585251,6,7890.353345,continental
19.704247,37.979917,701,307061,121.281540,55.597542,0.747565,-78.134965,0.153705,-0.731593,-0.687252,-2.115836,0.740091,-2.228185,,389.182793,6,7890.353345,continental
19.376774,37.552149,701,307061,121.080982,55.597542,1.149758,-74.173918,0.313560,-1.106175,-0.538829,-1.741278,0.767808,-2.228185,,444.780335,6,7890.353345,continental
19.053043,37.123487,701,307062,120.884633,55.597542,1.554432,-72.270922,0.473350,-1.480608,-0.390406,-1.366825,0.302874,-1.180572,,500.377877,6,7890.353345,continental
18.902181,36.658758,701,307062,88.384611,55.597542,1.838705,-42.509516,1.355430,-1.242437,-0.910311,-0.695522,0.913788,-0.827029,,555.975419,6,7890.353345,continental
18.919638,36.158955,701,307086,88.394973,55.597542,2.018480,-48.176019,1.346012,-1.504165,-0.930857,-0.433792,0.929158,-0.366705,222.491318,611.572960,6,7890.353345,continental
18.939890,35.659227,701,307086,88.029073,55.597542,2.383260,-49.974058,1.532756,-1.824989,-0.767796,-0.097936,0.958704,-0.360525,232.966492,667.170502,6,7890.353345,continental
18.960924,35.159520,701,307063,88.041260,55.597542,2.808619,-50.852954,1.773117,-2.178164,-0.538215,0.255283,0.483165,0.331117,238.993652,722.768044,6,7890.353345,continental
19.294852,34.767309,701,307063,46.615354,55.597542,2.897856,-9.614446,2.857153,-0.483992,-0.157890,0.583033,0.166616,0.572255,,778.365586,6,7890.353345,continental
19.711107,34.403220,701,307064,46.851636,55.597542,2.894977,-9.900583,2.851864,-0.497760,-0.173538,0.596801,0.162324,0.611533,,833.963128,6,7890.353345,continental
20.123749,34.037734,701,307064,47.083699,55.597542,2.891951,-10.188946,2.846344,-0.511571,-0.189187,0.610612,0.188488,0.611533,,889.560670,6,7890.353345,continental
20.645618,33.791197,701,307083,28.562832,55.597542,2.822546,4.772788,2.812759,0.234849,-0.038550,0.837971,0.066924,1.014758,,945.158212,6,7890.353345,continental
21.174277,33.553736,701,307083,26.729576,55.597542,2.758051,2.876291,2.754577,0.138398,-0.064646,1.039772,0.054851,1.017336,,1000.755754,6,7890.353345,continental
21.708745,33.327697,701,307087,27.024110,55.597542,2.679322,0.067593,2.679320,0.003161,-0.149373,1.175181,0.193722,1.276106,,1056.353295,6,7890.353345,continental
22.240547,33.099565,701,307087,27.222400,55.597542,2.667852,-3.369668,2.663240,-0.156811,-0.172793,1.339578,0.216843,1.276450,,1111.950837,6,7890.353345,continental
22.769914,32.869723,701,307087,27.510597,55.597542,2.848658,-8.162037,2.819803,-0.404433,-0.025270,1.587193,0.242020,1.276450,,1167.548379,6,7890.353345,continental
23.296531,32.637663,701,307065,27.795514,55.597542,3.046763,-12.359680,2.976149,-0.652154,0.122253,1.834924,-0.174719,1.910249,,1125.500887,6,7890.353345,continental
23.867609,32.538741,701,307065,4.716063,55.597542,1.938020,5.268995,1.929831,0.177972,-0.228521,2.041542,-0.894159,1.686986,,1069.903345,6,7890.353345,continental
24.458425,32.496250,701,307084,5.033662,55.597542,0.447309,-47.853134,0.300159,-0.331647,-1.866645,2.551108,2.290364,2.684913,,1014.305803,6,7890.353345,continental
25.048149,32.446633,701,307084,6.032484,55.597542,1.307998,-14.809106,1.264550,-0.334323,-0.936813,2.527807,2.346359,2.657377,,958.708261,6,7890.353345,continental
25.618813,32.443741,701,307066,320.139278,55.597542,2.834704,42.813645,2.079448,1.926510,2.132958,1.185623,-2.192048,1.143681,,903.110719,6,7890.353345,continental
26.075224,32.763381,701,307085,320.385204,55.597542,2.295077,44.815364,1.628086,1.617627,1.673536,1.494509,-1.400674,1.688108,300.295227,847.513177,6,7890.353345,continental
26.533680,33.082604,701,307085,320.136271,55.597542,1.801282,47.434720,1.218441,1.326657,1.282881,1.785008,-1.391311,1.675998,303.382874,791.915635,6,7890.353345,continental
26.993398,33.402243,701,307068,320.388282,55.597542,1.379245,48.600938,0.912094,1.034602,0.968466,2.077062,-0.908956,2.136967,305.560944,736.318094,6,7890.353345,continental
27.452671,33.724010,701,307068,319.923431,55.597542,1.075833,45.350260,0.756064,0.765365,0.843392,2.345370,-0.911452,2.125459,307.425140,680.720552,6,7890.353345,continental
27.933524,34.016936,701,307070,341.022094,55.597542,0.874349,15.153639,0.843946,0.228562,-0.188272,2.707536,0.215271,2.672394,312.823242,625.123010,6,7890.353345,continental
28.505054,34.178217,701,307071,341.342498,55.597542,0.979584,1.851037,0.979073,0.031642,-0.061174,2.904513,-0.079603,3.088340,316.033722,569.525468,6,7890.353345,continental
29.080646,34.329452,701,307071,354.465012,55.597542,1.118041,-20.589671,1.046624,-0.393185,-0.625957,3.024254,0.629867,3.024308,320.709015,513.927926,6,7890.353345,continental
29.683630,34.376201,701,307071,354.805270,55.597542,1.156903,-19.833495,1.088279,-0.392523,-0.592145,3.023593,0.653748,3.024308,329.261902,458.330384,6,7890.353345,continental
30.287266,34.419990,701,307072,355.146290,55.597542,1.195908,-19.139014,1.129806,-0.392092,-0.558332,3.023162,0.512241,3.022982,337.951660,402.732842,6,7890.353345,continental
30.891788,34.449209,701,307072,2.275168,55.597542,1.261240,-24.707661,1.145776,-0.527184,-0.849011,2.939592,0.889284,2.939028,338.809998,347.135301,6,7890.353345,continental
31.497493,34.427866,701,307072,2.617709,55.597542,1.436577,-21.658259,1.335157,-0.530197,-0.667072,2.942605,0.912738,2.939028,,291.537759,6,7890.353345,continental
32.102867,34.403538,701,307073,2.959865,55.597542,1.615024,-19.286695,1.524385,-0.533435,-0.485132,2.945843,0.321089,2.948596,,235.940217,6,7890.353345,continental
32.692434,34.431040,701,307073,330.539750,55.597542,1.712350,14.964614,1.654276,0.442167,1.263190,2.676978,-1.305136,2.663474,,180.342675,6,7890.353345,continental
33.221809,34.675811,701,307073,330.840000,55.597542,1.476411,14.688641,1.428159,0.374368,1.030004,2.744781,-1.282072,2.663474,,124.745133,6,7890.353345,continental
33.754307,34.918279,701,307074,331.143883,55.597542,1.240436,14.298101,1.202012,0.306347,0.796818,2.812803,-0.462328,2.921179,,69.147591,6,7890.353345,continental
34.289945,35.158411,701,307074,331.451408,41.348820,1.004465,13.712939,0.975834,0.238116,0.563633,2.881029,-0.439768,2.921179,,13.550049,6,7890.353345,continental
-99.199165,15.999861,909,101,27.428625,27.798771,6.209670,12.020784,6.073505,1.293266,0.679589,-0.659793,-0.679589,-0.659793,12.653730,0.000000,0,677.024314,continental
-99.671518,16.208763,909,101,22.613442,55.597542,6.084104,17.014573,5.817805,1.780300,0.640586,-0.713690,-0.640593,-0.713698,12.326308,55.597542,0,677.024314,continental
-100.154579,16.395891,909,101,21.398489,55.597542,5.959892,18.472598,5.652810,1.888398,0.644148,-0.725775,-0.644163,-0.725791,12.045720,111.195084,0,677.024314,continental
-100.640301,16.577758,909,101,21.260643,55.597542,5.835934,18.879751,5.521960,1.888409,0.661238,-0.725786,-0.661243,-0.725791,11.812924,166.792626,0,677.024314,continental
-101.117853,16.779396,909,101,24.081121,55.597542,5.710043,16.291509,5.480767,1.601807,0.714821,-0.690586,-0.714836,-0.690599,11.633340,222.390167,0,677.024314,continental
-101.594722,16.983777,909,101,24.224522,55.597542,5.583679,16.386146,5.356883,1.575209,0.735186,-0.687013,-0.735199,-0.687025,11.226784,277.987709,0,677.024314,continental
-102.072010,17.188377,909,101,24.084290,55.597542,5.457076,16.777514,5.224784,1.575218,0.752114,-0.687023,-0.752117,-0.687025,9.554205,333.585251,0,677.024314,continental
-102.536579,17.419062,909,101,27.616776,55.597542,5.328205,13.434840,5.182398,1.237952,0.811393,-0.637385,-0.811415,-0.637403,5.152399,287.841521,0,677.024314,continental
-102.997977,17.656283,909,101,31.086397,55.597542,5.198667,10.146907,5.117356,0.915863,0.866687,-0.584234,-0.866697,-0.584240,4.096748,232.243979,0,677.024314,continental
-103.447987,17.913936,909,101,30.948941,55.597542,5.067509,10.412393,4.984059,0.915860,0.883416,-0.584231,-0.883429,-0.584240,3.297881,176.646437,0,677.024314,continental
-103.898679,18.171545,909,101,31.009037,55.597542,4.936032,10.489562,4.853542,0.898636,0.902105,-0.581125,-0.902125,-0.581139,2.477916,121.048895,0,677.024314,continental
-104.340328,18.440496,909,101,46.604555,55.597542,4.804104,-5.002246,4.785806,-0.418893,1.041951,-0.310728,-1.041957,-0.310730,3.581758,65.451353,0,677.024314,continental
-104.703208,18.803465,909,101,46.488678,37.652582,4.670223,-5.146035,4.651399,-0.418894,1.058470,-0.310727,-1.058478,-0.310730,7.411450,9.853811,0,677.024314,continental
-125.168194,41.353512,903,12001,70.060942,27.798771,4.928009,1.738531,4.925740,0.149508,2.388747,-0.238958,-2.388747,-0.238958,3.705162,0.000000,1,1290.036767,continental
-125.284213,41.833940,903,12001,81.968176,55.597542,4.870113,-10.341478,4.791000,-0.874256,2.333394,0.260183,-2.333395,0.260183,2.852256,55.597542,1,1290.036767,continental
-125.252722,42.318922,903,12001,128.864739,55.597542,4.815599,-57.467715,2.589707,-4.059976,1.362493,1.849811,-1.362494,1.849812,2.630748,111.195084,1,1290.036767,continental
-125.283929,42.790022,903,12001,87.063471,55.597542,4.760652,-15.875002,4.579085,-1.302227,2.197032,0.471740,-2.197037,0.471741,2.086417,166.792626,1,1290.036767,continental
-125.398470,43.275832,903,12001,70.183703,55.597542,4.701370,0.811213,4.700899,0.066561,2.186477,-0.174101,-2.186477,-0.174101,3.456172,222.390167,1,1290.036767,continental
-125.475429,43.766122,903,12001,96.559069,55.597542,4.642379,-25.779112,4.180358,-2.018984,1.982698,0.804990,-1.982700,0.804990,6.277628,277.987709,1,1290.036767,continental
-125.369160,44.247469,903,12001,88.396369,55.597542,4.589572,-17.896723,4.367492,-1.410386,2.024847,0.522571,-2.024851,0.522572,6.402864,333.585251,1,1290.036767,continental
-125.434161,44.733865,903,12001,89.218350,55.597542,4.530939,-18.950270,4.285366,-1.471411,1.962962,0.548764,-1.962962,0.548764,6.647186,389.182793,1,1290.036767,continental
-125.463387,45.232300,903,12001,81.150873,55.597542,4.471723,-11.140870,4.387454,-0.864035,1.965587,0.274795,-1.965596,0.274796,7.066829,444.780335,1,1290.036767,continental
-125.589892,45.724239,903,12001,78.464682,55.597542,4.410114,-8.683348,4.359565,-0.665810,1.920556,0.186712,-1.920573,0.186714,6.945542,500.377877,1,1290.036767,continental
-125.744938,46.212440,903,12001,76.787303,55.597542,4.347847,-7.230257,4.313275,-0.547208,1.869334,0.134849,-1.869341,0.134850,6.396706,555.975419,1,1290.036767,continental
-125.897681,46.701164,903,12001,75.698672,55.597542,4.285333,-6.375009,4.258834,-0.475824,1.815642,0.104964,-1.815647,0.104965,6.145860,611.572960,1,1290.036767,continental
-126.047624,47.189955,903,12001,81.260680,55.597542,4.222653,-12.179825,4.127602,-0.890898,1.740621,0.280820,-1.740631,0.280822,5.530070,622.866265,1,1290.036767,continental
-126.302581,47.654082,903,12001,63.997766,55.597542,4.159432,4.885858,4.144318,0.354263,1.691114,-0.237312,-1.691123,-0.237313,5.121834,567.268723,1,1290.036767,continental
-126.585314,48.114419,903,12001,60.779458,55.597542,4.095563,7.912612,4.056569,0.563806,1.620787,-0.319191,-1.620794,-0.319192,4.378659,511.671181,1,1290.036767,continental
-126.987588,48.536317,903,12001,55.452950,55.597542,4.032342,13.111951,3.927214,0.914755,1.530391,-0.457974,-1.530393,-0.457975,3.641772,456.073640,1,1290.036767,continental
-127.568388,48.855099,903,12001,39.841389,55.597542,3.975774,28.732673,3.486245,1.911248,1.300900,-0.842928,-1.300901,-0.842929,2.438696,400.476098,1,1290.036767,continental
-127.836167,49.300258,903,12001,86.906033,55.597542,3.913536,-18.534653,3.710547,-1.244028,1.450635,0.366373,-1.450645,0.366376,3.536238,344.878556,1,1290.036767,continental
-128.027228,49.778418,903,12001,68.418294,55.597542,3.849526,-0.312069,3.849469,-0.020967,1.436716,-0.101958,-1.436716,-0.101958,3.047444,289.281014,1,1290.036767,continental
-128.500723,50.150464,903,12001,49.069925,55.597542,3.789320,18.956307,3.583812,1.230949,1.270855,-0.562450,-1.270859,-0.562452,2.348594,233.683472,1,1290.036767,continental
-129.059892,50.497882,903,12001,30.583977,55.597542,3.729281,37.415321,2.961990,2.265867,0.978892,-0.915504,-0.978894,-0.915505,1.595111,178.085930,1,1290.036767,continental
-129.680950,50.797407,903,12001,46.970303,55.597542,3.673066,21.066734,3.427567,1.320302,1.146954,-0.601835,-1.146956,-0.601836,0.239691,122.488388,1,1290.036767,continental
-130.123420,51.210405,903,12001,50.847628,51.236565,3.608389,17.061129,3.449592,1.058672,1.131591,-0.510837,-1.131593,-0.510838,0.394888,66.890847,1,1290.036767,continental
-130.745535,51.516318,903,12001,43.791698,43.453053,3.551168,24.153588,3.240270,1.453081,1.009570,-0.642670,-1.009572,-0.642671,0.574735,11.293305,1,1290.036767,continental
155.522876,-7.450999,849,847,38.080117,27.798771,10.424392,31.230794,8.913749,5.404908,2.706557,-6.070226,-2.706557,-6.070226,,0.000000,2,1026.424204,continental
155.126226,-7.142443,849,847,38.130495,55.597542,10.470652,31.076994,8.967845,5.404840,2.732958,-6.070158,-2.732988,-6.070226,39.310768,55.597542,2,1026.424204,continental
154.724214,-6.841207,849,847,36.614010,28.184418,10.515984,32.487556,8.870318,5.648307,2.592364,-6.142831,-2.592364,-6.142832,39.112461,111.195084,2,1026.424204,continental
154.320249,-6.542830,849,847,36.661086,83.010666,10.560334,32.333027,8.922993,5.648084,2.618296,-6.142607,-2.618392,-6.142832,38.933525,166.792626,2,1026.424204,continental
153.921315,-6.240006,849,847,58.543305,82.785876,10.604809,10.348629,10.432300,1.905018,4.739538,-4.718733,-4.739544,-4.718739,38.467964,222.390167,2,1026.424204,continental
153.659042,-5.813425,697,847,58.570842,28.409208,9.695297,-3.027999,9.681761,-0.512144,4.765078,-4.718731,-4.765086,-4.718739,37.193439,277.987709,3,297.831233,continental
153.397166,-5.386724,697,847,58.596398,55.597542,9.717070,-3.024516,9.703535,-0.512704,4.789687,-4.718170,-4.790266,-4.718739,,241.623254,3,297.831233,continental
153.135657,-4.959910,697,847,58.619978,55.597542,9.738450,-3.019054,9.724934,-0.512905,4.814295,-4.717970,-4.815081,-4.718739,,186.025712,3,297.831233,continental
152.874487,-4.532994,697,847,58.641589,55.597542,9.759438,-3.011624,9.745960,-0.512747,4.838904,-4.718128,-4.839529,-4.718739,,130.428170,3,297.831233,continental
152.613625,-4.105985,697,847,58.661237,55.597542,9.780035,-3.002238,9.766611,-0.512229,4.863513,-4.718646,-4.863608,-4.718739,,74.830628,3,297.831233,continental
152.253661,-3.761658,697,847,41.624367,47.031858,9.798951,14.036353,9.506375,2.376613,3.288676,-5.938878,-3.288714,-5.938946,,19.233087,3,297.831233,continental
-179.278712,-14.940154,901,821,167.860072,27.798771,-15.413642,96.701278,-1.798662,15.308337,1.844965,-9.722968,-1.844965,-9.722968,,0.000000,42,3754.768345,continental
-178.773039,-14.834449,901,821,167.730154,55.597542,-15.443842,97.599750,-2.042480,15.308186,1.627110,-9.722817,-1.627136,-9.722968,,55.597542,42,3754.768345,continental
-178.262956,-14.755516,901,821,173.076426,55.597542,-15.464110,93.022588,-0.815417,15.442597,2.330014,-9.531504,-2.330081,-9.531786,,111.195084,42,3754.768345,continental
-177.749818,-14.694678,901,821,172.945994,55.597542,-15.478965,93.922889,-1.058976,15.442699,2.111902,-9.531606,-2.111944,-9.531786,,166.792626,42,3754.768345,continental
-177.234227,-14.669815,901,821,179.008429,55.597542,15.479370,88.630167,0.370047,15.474947,2.909908,-9.255430,-2.909979,-9.255656,,222.390167,42,3754.768345,continental
-176.718030,-14.655188,901,821,169.829889,55.597542,-15.478289,98.578624,-2.308841,15.305120,1.202226,-9.566072,-1.202231,-9.566112,,277.987709,42,3754.768345,continental
-176.209541,-14.566351,901,821,169.701621,55.597542,-15.516288,99.467785,-2.552321,15.304929,0.983531,-9.565881,-0.983556,-9.566112,,333.585251,42,3754.768345,continental
-175.700229,-14.483651,901,821,171.639001,57.851136,-15.554780,98.288364,-2.242303,15.392311,1.108955,-9.529052,-1.108964,-9.529132,101.717209,389.182793,42,3754.768345,continental
-175.189473,-14.410396,901,821,171.511574,53.343948,-15.591516,99.172511,-2.485406,15.392145,0.890112,-9.528886,-0.890133,-9.529132,104.843307,444.780335,42,3754.768345,continental
-174.679056,-14.336044,901,821,171.384869,55.597542,-15.632070,100.051460,-2.728306,15.392139,0.671214,-9.528880,-0.671234,-9.529132,106.385101,500.377877,42,3754.768345,continental
-174.178919,-14.380978,901,821,197.889249,55.597542,15.617644,74.288043,4.229279,15.034095,4.662894,-8.263992,-4.663032,-8.264239,107.095634,555.975419,42,3754.768345,continental
-173.687362,-14.534059,901,821,197.766526,55.597542,15.553600,75.149872,3.986256,15.034103,4.443587,-8.264000,-4.443719,-8.264239,107.446793,611.572960,42,3754.768345,continental
-173.222701,-14.743517,901,821,212.196989,55.597542,15.464383,61.430595,7.395423,13.581416,6.160848,-6.910521,-6.160966,-6.910653,107.182137,667.170502,42,3754.768345,continental
-172.784647,-15.009519,901,821,212.084523,55.597542,15.349410,62.230030,7.151642,13.581546,5.940843,-6.910651,-5.940845,-6.910653,107.662971,722.768044,42,3754.768345,continental
-172.428335,-15.372371,901,821,226.580865,55.597542,15.185910,48.323074,10.097561,11.342448,7.269361,-5.191617,-7.269453,-5.191683,107.491089,778.365586,42,3754.768345,oceanic
-172.316120,-15.826545,901,821,271.155177,55.597542,14.967939,3.994138,14.931585,1.042583,8.620721,1.356329,-8.621355,1.356431,105.532387,833.963128,42,3754.768345,continental
-172.326623,-16.326443,901,821,271.158086,55.597542,14.721616,4.061340,14.684647,1.042650,8.398453,1.356263,-8.399494,1.356431,104.301926,889.560670,42,3754.768345,oceanic
-172.337181,-16.826341,901,821,271.161098,55.597542,14.474828,4.130558,14.437230,1.042613,8.176184,1.356299,-8.176992,1.356431,103.047585,945.158212,42,3754.768345,continental
-172.352773,-17.325579,901,821,284.631606,55.597542,14.227610,-9.273556,14.041658,-2.292756,7.419059,3.173450,-7.419087,3.173462,101.515625,1000.755754,42,3754.768345,continental
-172.485430,-17.809320,901,821,284.671646,55.597542,13.980703,-9.438109,13.791451,-2.292585,7.194968,3.173280,-7.195379,3.173462,100.253471,1056.353295,42,3754.768345,continental
-172.618809,-18.292971,901,821,284.712975,55.597542,13.733461,-9.609922,13.540741,-2.292657,6.970876,3.173351,-6.971123,3.173462,99.293747,1111.950837,42,3754.768345,continental
-172.763898,-18.773576,901,821,287.003788,55.597542,13.486198,-12.055954,13.188747,-2.816819,6.616539,3.439991,-6.616772,3.440114,98.388710,1167.548379,42,3754.768345,oceanic
-172.918774,-19.251655,901,821,287.054244,55.597542,13.238934,-12.284515,12.935803,-2.816799,6.391214,3.439971,-6.391482,3.440114,97.496544,1223.145921,42,3754.768345,oceanic
-173.080315,-19.727818,901,821,289.320972,55.597542,12.991817,-14.748207,12.563788,-3.307349,6.028120,3.678124,-6.028231,3.678193,96.527428,1278.743463,42,3754.768345,oceanic
-173.256584,-20.199572,901,821,289.381156,55.597542,12.745433,-15.039727,12.308852,-3.307296,5.801799,3.678071,-5.801993,3.678193,95.659233,1334.341005,42,3754.768345,oceanic
-173.436883,-20.670143,901,821,290.478462,55.597542,12.498991,-16.384953,11.991383,-3.525834,5.507804,3.779438,-5.507996,3.779574,94.782051,1348.205366,42,3754.768345,continental
-173.624428,-21.138443,901,821,290.545381,55.597542,12.252564,-16.722973,11.734369,-3.525608,5.280394,3.779212,-5.280896,3.779574,93.899765,1292.607825,42,3754.768345,continental
-173.813162,-21.606536,901,821,290.614161,55.597542,12.006196,-17.076857,11.476863,-3.525670,5.052984,3.779274,-5.053393,3.779574,92.907608,1237.010283,42,3754.768345,continental
-174.009880,-22.071561,901,821,298.290707,55.597542,11.761064,-25.066844,10.653338,-4.982872,4.282727,4.387900,-4.282781,4.387958,91.915100,1181.412741,42,3754.768345,oceanic
-174.266397,-22.511637,901,821,298.388010,55.597542,11.526239,-25.611963,10.393698,-4.982494,4.054157,4.387521,-4.054551,4.387958,91.202095,1125.815199,42,3754.768345,oceanic
-174.524551,-22.951305,901,821,298.487765,55.597542,11.292216,-26.182304,10.133574,-4.982450,3.825587,4.387477,-3.826013,4.387958,90.612556,1070.217657,42,3754.768345,oceanic
-174.784388,-23.390553,901,821,298.590005,75.312992,11.059080,-26.779390,9.872971,-4.982740,3.597017,4.387767,-3.597183,4.387958,87.941261,1014.620115,42,3754.768345,oceanic
-175.041128,-23.831067,901,821,278.828705,35.882092,10.825550,-7.527230,10.732263,-1.418118,4.658198,2.980311,-4.658210,2.980319,89.866646,959.022573,42,3754.768345,continental
-175.125344,-24.325119,901,821,278.863064,55.597542,10.565038,-7.712430,10.469468,-1.417841,4.428384,2.980033,-4.428798,2.980319,91.948105,903.425031,42,3754.768345,oceanic
-175.210219,-24.819125,901,821,278.898358,55.597542,10.304218,-7.908595,10.206213,-1.417790,4.198569,2.979982,-4.199049,2.980319,93.292824,847.827490,42,3754.768345,oceanic
-175.295773,-25.313083,901,821,278.934605,55.597542,10.043104,-8.116595,9.942500,-1.417966,3.968755,2.980158,-3.968980,2.980319,94.637993,792.229948,42,3754.768345,oceanic
-175.352490,-25.809820,901,821,273.172390,55.597542,9.779836,-2.466388,9.770776,-0.420859,4.019247,2.575766,-4.019421,2.575881,95.860703,736.632406,42,3754.768345,oceanic
-175.383357,-26.309050,901,821,273.185951,55.597542,9.514520,-2.534802,9.505211,-0.420791,3.788472,2.575698,-3.788743,2.575881,97.204987,681.034864,42,3754.768345,oceanic
-175.414492,-26.808274,901,821,273.199871,55.597542,9.248793,-2.608476,9.239210,-0.420920,3.557698,2.575827,-3.557776,2.575881,98.549217,625.437322,42,3754.768345,oceanic
-175.563404,-27.287070,901,821,288.917098,55.597542,8.992698,-18.691040,8.518427,-2.881844,2.501619,3.426370,-2.501700,3.426482,100.215012,569.839780,42,3754.768345,oceanic
-175.746585,-27.759945,901,821,289.001749,55.597542,8.739784,-19.253528,8.250957,-2.881933,2.270274,3.426460,-2.270289,3.426482,101.611282,514.242238,42,3754.768345,oceanic
-175.870263,-28.247537,901,821,281.976488,55.597542,8.478421,-12.571134,8.275164,-1.845341,2.443823,3.122776,-2.444063,3.123105,102.849411,458.644697,42,3754.768345,oceanic
-175.988590,-28.736603,901,821,282.032935,55.597542,8.216153,-12.978327,8.006272,-1.845204,2.211952,3.122639,-2.212281,3.123105,104.216713,403.047155,42,3754.768345,oceanic
-176.108030,-29.225564,901,821,282.090807,55.597542,7.953954,-13.414752,7.736940,-1.845304,1.980082,3.122739,-1.980331,3.123105,105.554726,347.449613,42,3754.768345,oceanic
-176.228616,-29.714419,901,821,282.150132,55.597542,7.691879,-13.883406,7.467169,-1.845643,1.748211,3.123077,-1.748230,3.123105,106.863815,291.852071,42,3754.768345,oceanic
-176.453188,-30.174390,901,821,293.671357,55.597542,7.446781,-26.155817,6.684220,-3.282644,0.863873,3.404007,-0.863957,3.404445,108.398315,236.254529,42,3754.768345,oceanic
-176.686486,-30.632116,901,821,293.789426,55.597542,7.204345,-27.104697,6.413131,-3.282429,0.631568,3.403791,-0.631679,3.404445,109.691734,180.656987,42,3754.768345,oceanic
-176.922001,-31.089421,901,821,293.910235,55.597542,6.963756,-28.122951,6.141602,-3.282472,0.399263,3.403835,-0.399353,3.404445,110.741661,125.059445,42,3754.768345,oceanic
-177.159793,-31.546293,901,821,294.033837,55.597542,6.725269,-29.217453,5.869636,-3.282775,0.166958,3.404138,-0.166996,3.404445,111.716377,69.461904,42,3754.768345,oceanic
-177.400395,-32.002542,901,821,294.286887,41.663133,6.489135,-30.522133,5.589955,-3.295645,-0.072881,3.404484,0.072881,3.404497,112.693497,13.864362,42,3754.768345,oceanic
124.612052,-0.710297,781,669,288.500431,27.798771,-1.162094,162.427675,-1.107867,0.350847,-0.884257,3.123992,0.884257,3.123992,,0.000000,4,1193.812099,continental
124.776087,-0.238039,781,669,290.500841,55.597542,-0.914659,155.232857,-0.830527,0.383179,-1.094117,3.088746,1.094142,3.088814,,55.597542,4,1193.812099,continental
124.951197,0.230295,781,669,290.500829,55.597542,-0.683496,145.896093,-0.565950,0.383233,-1.195359,3.088692,1.195406,3.088814,,111.195084,4,1193.812099,continental
125.147162,0.688171,781,669,302.780202,55.597542,-0.497989,115.154976,-0.211679,0.450760,-1.924228,2.747090,1.924265,2.747140,,166.792626,4,1193.812099,continental
125.417919,1.108538,781,669,302.784447,55.597542,0.453968,83.293818,0.053013,0.450862,-2.025193,2.746988,2.025304,2.747140,,222.390167,4,1193.812099,continental
125.688753,1.528881,781,669,302.790680,63.797034,0.551376,54.836027,0.317548,0.450754,-2.126157,2.747096,2.126190,2.747140,,277.987709,4,1193.812099,continental
125.781096,2.011762,781,669,275.838777,47.398050,0.661232,59.266323,0.337921,0.568363,-0.748654,3.420995,0.748675,3.421085,,233.058248,4,1193.812099,continental
125.832009,2.509167,781,669,275.840785,55.597542,0.828337,43.333387,0.602510,0.568440,-0.849336,3.420919,0.849376,3.421085,,177.460707,4,1193.812099,continental
125.886297,3.006033,781,669,282.505351,55.597542,1.037535,26.666943,0.927173,0.465649,-1.340517,3.288440,1.340522,3.288451,,121.863165,4,1193.812099,continental
125.994763,3.494165,781,669,282.511500,54.731190,1.279418,21.345794,1.191650,0.465703,-1.441042,3.288387,1.441069,3.288451,,66.265623,4,1193.812099,continental
126.103341,3.982285,674,669,282.518579,39.333204,1.988059,-50.909758,1.253558,-1.543039,-1.541502,3.288439,1.541508,3.288451,,10.668081,5,573.074945,continental
15.459824,37.474439,701,714001,5.625898,27.798771,2.911647,-77.807717,0.614920,-2.845973,-1.597813,4.756527,1.596839,4.758612,,0.000000,6,7890.353345,continental
14.841693,37.485266,701,714002,332.022602,55.597542,2.712340,-45.087251,1.914991,-1.920832,1.121575,4.725599,-1.120090,4.758428,,55.597542,6,7890.353345,continental
14.286966,37.249405,701,714003,331.685922,55.597542,2.542066,-41.040991,1.917328,-1.669117,1.136420,4.473883,-1.142515,4.338933,,111.195084,6,7890.353345,continental
13.707736,37.174662,701,714003,13.116906,55.597542,2.205694,-80.740655,0.354904,-2.176954,-2.085321,3.752643,2.035974,3.998020,,166.792626,6,7890.353345,continental
13.095685,37.286559,701,714004,12.746598,55.597542,1.664728,-81.740747,0.239142,-1.647462,-2.188333,3.223147,2.291502,2.711803,,222.390167,6,7890.353345,continental
12.481352,37.392167,701,714004,1.672555,55.597542,1.123675,-72.915294,0.330119,-1.074089,-1.749830,3.070816,1.744388,3.089475,,277.987709,6,7890.353345,continental
11.852178,37.405094,701,714005,1.290419,55.597542,0.545897,-72.978375,0.159802,-0.521983,-1.907043,2.518693,2.072758,1.983118,,333.585251,6,7890.353345,continental
11.224475,37.408335,701,714005,335.634916,55.597542,-0.014717,137.658829,-0.010878,0.009913,-1.015342,2.672625,1.015344,2.672629,,389.182793,6,7890.353345,continental
10.652653,37.200682,701,714006,335.288361,55.597542,-0.014508,136.697705,-0.010558,0.009950,-1.001646,2.672587,1.001662,2.672629,,444.780335,6,7890.353345,continental
10.070008,37.217879,701,714006,19.444627,55.597542,-0.014413,91.140806,-0.000287,0.014410,-2.575633,1.207626,2.575669,1.207643,,500.377877,6,7890.353345,continental
9.487442,37.235007,701,714007,334.265729,55.597542,-0.014331,134.841011,-0.010105,0.010162,-0.963958,2.666203,0.963975,2.666252,,555.975419,6,7890.353345,continental
8.923345,37.016569,701,714008,333.925256,55.597542,-0.014109,134.012823,-0.009803,0.010147,-0.949909,2.666218,0.949922,2.666252,,611.572960,6,7890.353345,continental
8.315527,36.925848,701,714009,354.249751,55.597542,-0.013964,112.247476,-0.005287,0.012925,-1.816729,2.159873,1.816749,2.159896,,667.170502,6,7890.353345,continental
7.754351,36.736810,701,714010,327.133203,55.597542,-0.013769,138.112555,-0.010251,0.009193,-0.635018,2.744402,0.635021,2.744417,,722.768044,6,7890.353345,continental
7.157127,36.726724,701,714011,7.321748,55.597542,-0.013701,96.290959,-0.001501,0.013619,-2.252937,1.674708,2.252969,1.674732,,778.365586,6,7890.353345,continental
6.536506,36.735552,701,714011,355.408127,55.597542,-0.013685,106.263159,-0.003832,0.013137,-1.857841,2.090209,1.857924,2.090303,,833.963128,6,7890.353345,continental
5.914936,36.693907,701,714012,355.036531,55.597542,-0.013643,104.751584,-0.003474,0.013193,-1.843127,2.090154,1.843259,2.090303,,889.560670,6,7890.353345,continental
5.294066,36.649034,701,714012,354.665729,55.597542,-0.013488,103.965807,-0.003255,0.013090,-1.828413,2.090257,1.828454,2.090303,,945.158212,6,7890.353345,continental
4.697892,36.513377,701,714013,340.925260,55.597542,-0.013357,116.188165,-0.005895,0.011986,-1.280031,2.455961,1.280053,2.456005,,1000.755754,6,7890.353345,continental
4.106078,36.464944,701,714013,15.378190,55.597542,0.013278,80.228103,0.002254,0.013086,-2.439475,1.291228,2.439495,1.291238,,1056.353295,6,7890.353345,continental
3.496453,36.523299,701,714014,356.512173,55.597542,-0.013346,97.116987,-0.001653,0.013243,-1.888749,1.995979,1.888825,1.996059,,1111.950837,6,7890.353345,continental
2.875670,36.491272,701,714015,356.142851,55.597542,-0.013371,95.495808,-0.001281,0.013309,-1.873335,1.995912,1.873473,1.996059,,1167.548379,6,7890.353345,continental
2.255425,36.456032,701,714015,355.774142,55.597542,-0.013265,94.540817,-0.001050,0.013224,-1.857920,1.995998,1.857978,1.996059,,1223.145921,6,7890.353345,continental
1.636570,36.478339,701,714015,5.808969,55.597542,0.013259,82.912273,0.001636,0.013157,-2.172256,1.628667,2.172296,1.628697,,1278.743463,6,7890.353345,continental
1.034613,36.452060,701,714016,333.894424,55.597542,-0.013243,113.211806,-0.005220,0.012171,-0.984565,2.518733,0.984578,2.518765,,1334.341005,6,7890.353345,continental
0.477993,36.230754,701,714017,333.564571,55.597542,-0.013119,111.984619,-0.004911,0.012165,-0.968667,2.518739,0.968677,2.518765,,1309.547477,6,7890.353345,continental
-0.079877,36.014142,701,714017,334.416159,55.597542,-0.013064,109.318125,-0.004322,0.012328,-1.004349,2.498253,1.004386,2.498345,,1253.949935,6,7890.353345,continental
-0.635889,35.796942,701,714018,334.090083,55.597542,-0.012921,108.177406,-0.004031,0.012276,-0.988318,2.498305,0.988334,2.498345,,1198.352393,6,7890.353345,continental
-1.173610,35.554078,701,714018,329.823002,55.597542,-0.012888,110.570310,-0.004528,0.012066,-0.797575,2.560143,0.797616,2.560276,,1142.754852,6,7890.353345,continental
-1.703236,35.301583,701,714019,329.515988,55.597542,-0.012784,109.251061,-0.004215,0.012069,-0.781390,2.560140,0.781432,2.560276,,1087.157310,6,7890.353345,continental
-2.247015,35.093578,701,714019,356.812266,55.597542,0.012649,80.510477,0.002085,0.012476,-1.864172,1.912517,1.864215,1.912561,,1031.559768,6,7890.353345,continental
-2.856941,35.064247,701,714019,356.461737,55.597542,0.012856,78.682298,0.002523,0.012606,-1.847686,1.912387,1.847853,1.912561,,975.962226,6,7890.353345,continental
-3.466406,35.031865,701,714020,356.111741,55.597542,0.012902,77.376700,0.002820,0.012590,-1.831199,1.912403,1.831351,1.912561,,920.364684,6,7890.353345,continental
-4.075390,34.997020,701,714020,0.216995,55.597542,0.012786,72.060793,0.003938,0.012165,-1.957774,1.765813,1.957776,1.765815,,864.767142,6,7890.353345,continental
-4.685758,34.997386,701,714021,359.866925,55.597542,0.012948,70.591622,0.004303,0.012212,-1.940936,1.765766,1.940991,1.765815,,809.169600,6,7890.353345,continental
-5.196833,35.122117,701,714021,65.539092,55.597542,0.051891,-87.941996,0.001863,-0.051858,-2.404722,-0.989640,2.393569,-1.042350,,753.572059,6,7890.353345,continental
-5.451383,35.576973,701,714021,65.391817,55.597542,-0.244722,-98.961056,-0.038119,-0.241735,-2.427907,-0.799783,2.376461,-1.042350,,697.974517,6,7890.353345,continental
-5.708839,36.031288,701,714022,65.241200,55.597542,-0.438575,-100.282004,-0.078283,-0.431532,-2.451092,-0.609964,2.472453,-0.473082,,642.376975,6,7890.353345,continental
-5.741392,36.420597,701,714022,153.656595,38.796605,-0.581395,170.916024,-0.574104,0.091792,0.407279,-2.479818,-0.407280,-2.479823,,586.779433,6,7890.353345,continental
8.171406,45.292579,701,307037,173.355917,81.688720,0.399904,-42.171840,0.296383,-0.268478,2.103174,-1.677488,-2.085729,-1.610214,,55.597542,6,7890.353345,continental
8.824828,45.197517,701,307039,214.065440,55.597542,0.243062,-52.960356,0.146413,-0.194017,2.796837,-0.118257,-2.775332,-0.229614,,111.195084,6,7890.353345,continental
9.398137,45.239224,701,307040,142.616995,55.597542,0.295625,54.665213,0.170975,0.241167,0.710726,-2.863900,-0.719379,-2.885887,,166.792626,6,7890.353345,continental
10.007510,45.209042,701,307041,220.914851,55.597542,0.369427,-12.463036,0.360722,-0.079726,3.049324,0.064289,-3.067070,0.156438,,222.390167,6,7890.353345,continental
10.554508,44.924819,701,307042,163.421799,55.597542,0.358892,76.552088,0.083464,0.349052,1.508980,-2.646452,-1.487194,-2.628362,,277.987709,6,7890.353345,continental
11.235600,45.039023,701,307043,188.167368,55.597542,0.611647,37.751138,0.483616,0.374471,2.741725,-1.877503,-2.722780,-1.860254,,333.585251,6,7890.353345,continental
11.859539,44.873758,701,307044,231.666265,55.597542,0.755556,-2.423277,0.754881,-0.031946,3.443494,0.482935,-3.434548,0.505063,,389.182793,6,7890.353345,continental
12.299585,44.484593,701,307045,217.712049,55.597542,0.782687,17.922286,0.744707,0.240854,3.476387,-0.469799,-3.473170,-0.459764,,444.780335,6,7890.353345,continental
12.851114,44.177415,701,307045,218.097462,55.597542,0.935314,30.111127,0.809097,0.469227,3.555854,-0.698169,-3.479299,-0.459764,,500.377877,6,7890.353345,continental
13.396902,43.867611,701,307046,218.476755,55.597542,1.118060,38.607455,0.873696,0.697649,3.635321,-0.926593,-3.659526,-1.001723,,555.975419,6,7890.353345,continental
13.656383,43.434793,701,307046,259.932490,55.597542,1.182021,5.138158,1.177271,0.105859,3.417230,1.547099,-3.416397,1.662598,,611.572960,6,7890.353345,continental
13.801701,42.949287,701,307047,240.247454,55.597542,1.214959,33.177524,1.016895,0.664868,3.697870,0.127998,-3.694247,0.154173,,667.170502,6,7890.353345,continental
14.138324,42.514703,701,307048,240.475878,55.597542,1.366603,40.512737,1.038976,0.887768,3.734252,-0.094908,-3.749801,-0.206586,,722.768044,6,7890.353345,continental
14.613547,42.195860,701,307049,203.916529,55.597542,1.580104,77.306036,0.347217,1.541483,2.991678,-2.529038,-3.101247,-2.639004,,778.365586,6,7890.353345,continental
15.100673,41.881579,701,307049,237.395824,55.597542,1.810055,44.096107,1.299934,1.259552,4.066765,-0.636423,-4.044301,-0.512036,,833.963128,6,7890.353345,continental
15.460170,41.459810,701,307050,237.634838,55.597542,2.011087,48.393904,1.335373,1.503745,4.115889,-0.880615,-4.151603,-1.077964,,889.560670,6,7890.353345,continental
15.844239,41.055996,701,307050,220.425236,55.597542,2.229306,68.792622,0.806439,2.078331,3.658771,-2.321585,-3.641496,-2.275316,,945.158212,6,7890.353345,continental
16.346527,40.730675,701,307051,220.754063,55.597542,2.483675,69.052272,0.887954,2.319521,3.753542,-2.562775,-3.845367,-2.808307,,1000.755754,6,7890.353345,continental
16.843911,40.403197,701,307051,221.077532,55.597542,2.738337,69.260783,0.969686,2.560898,3.848314,-2.804152,-3.849870,-2.808307,,1013.742938,6,7890.353345,continental
17.305876,40.048831,701,307051,225.351438,55.597542,3.331659,66.067968,1.351496,3.045227,4.252881,-3.088302,-4.039512,-2.534629,,958.145396,6,7890.353345,continental
17.762515,39.692217,701,307052,225.644171,55.597542,3.931686,66.619959,1.560204,3.608867,4.474187,-3.651942,-4.608106,-3.999351,,902.547854,6,7890.353345,continental
18.215137,39.334350,701,307052,225.710636,55.597542,4.638192,68.151803,1.726097,4.305045,4.652269,-4.359415,-4.596523,-4.017147,,846.950312,6,7890.353345,continental
18.664241,38.975573,701,307052,225.994212,55.597542,5.521187,70.279759,1.863002,5.197377,4.801328,-5.251747,-4.600086,-4.017147,,791.352770,6,7890.353345,continental
19.108808,38.615093,701,307053,226.272753,55.597542,6.410220,71.818864,2.000131,6.090189,4.950386,-6.144559,-5.158080,-7.420809,,735.755228,6,7890.353345,continental
19.548918,38.252948,701,307053,226.546333,55.597542,7.303102,72.981430,2.137484,6.983299,5.099445,-7.037669,-5.161873,-7.420809,,680.157686,6,7890.353345,continental
19.562974,37.846409,701,307053,298.543657,55.597542,7.607029,4.857108,7.579712,0.644095,8.555381,2.160648,-8.655572,2.615720,,624.560145,6,7890.353345,continental
19.262207,37.406799,701,307054,298.360033,55.597542,7.535146,11.024340,7.396092,1.440916,8.383178,1.363820,-8.268732,0.844807,,568.962603,6,7890.353345,continental
18.920020,36.991970,701,307054,312.674133,55.597542,7.521894,2.889043,7.512334,0.379118,7.775767,2.585394,-7.796074,2.891628,,513.365061,6,7890.353345,continental
18.497736,36.623610,701,307055,312.421127,55.597542,7.551409,9.587879,7.445926,1.257764,7.720671,1.706812,-7.645868,0.588465,,457.767519,6,7890.353345,continental
18.079478,36.253775,701,307055,312.172695,55.597542,7.682505,16.144367,7.379538,2.136186,7.665576,0.828291,-7.649612,0.588465,223.196793,402.169977,6,7890.353345,continental
17.578506,35.968125,701,307055,329.397473,55.597542,7.576277,4.291909,7.555031,0.566993,6.946534,2.347000,-7.120744,2.864261,230.379654,346.572435,6,7890.353345,continental
17.033313,35.749418,701,307056,354.109657,55.597542,7.300439,-15.850326,7.022866,-1.993935,5.249034,4.380686,-5.372654,4.455058,236.539078,290.974893,6,7890.353345,continental
16.436933,35.775490,701,307057,24.987504,55.597542,6.442284,-45.235207,4.536644,-4.574045,1.792737,5.699596,-1.957980,5.969731,239.235245,235.377352,6,7890.353345,continental
15.876849,35.985403,701,307058,24.659239,55.597542,5.405121,-42.699798,3.972315,-3.665521,1.240041,4.791073,-1.110825,4.579972,,179.779810,6,7890.353345,continental
15.557868,36.386225,701,307059,66.613685,55.597542,-4.271343,-90.160013,-0.011929,-4.271326,-2.781935,3.274439,3.237903,2.536194,,124.182268,6,7890.353345,continental
15.410008,36.858921,701,307059,93.675109,55.597542,-3.286498,-132.034774,-2.200578,-2.441009,-4.199309,0.293594,4.035334,0.780245,,68.584726,6,7890.353345,continental
15.450328,37.357886,701,307060,93.699436,40.785955,-2.875823,-158.870494,-2.682476,-1.036669,-4.668993,-1.110801,4.789790,-1.469368,,12.987184,6,7890.353345,continental
7.552617,45.107232,701,307,203.508353,1.707593,-0.307012,139.964530,-0.235062,0.197489,2.299974,-0.964391,-2.299974,-0.964391,,0.000000,6,7890.353345,continental
-5.182963,36.641174,301,714022,153.989005,72.398479,-0.000193,-99.554869,-0.000032,-0.000190,0.413717,-2.479633,-0.413749,-2.479823,,531.181891,7,575.781599,continental
-4.621347,36.859129,301,714023,154.325038,55.597542,-0.000261,-99.603019,-0.000044,-0.000257,0.420143,-2.479566,-0.420186,-2.479823,,475.584349,7,575.781599,continental
-4.056538,37.074427,301,714023,154.664689,55.597542,-0.000137,-99.651075,-0.000023,-0.000136,0.426569,-2.479688,-0.426592,-2.479823,,419.986807,7,575.781599,continental
-3.480843,37.272730,301,714023,158.667059,55.597542,-0.000166,-103.699752,-0.000039,-0.000161,0.590112,-2.447221,-0.590152,-2.447382,,364.389266,7,575.781599,continental
-2.894154,37.453178,301,714023,159.023100,55.597542,-0.000363,-103.746127,-0.000086,-0.000353,0.596393,-2.447029,-0.596480,-2.447382,,308.791724,7,575.781599,continental
-2.304650,37.630711,301,714024,159.382312,55.597542,-0.000368,-103.792372,-0.000088,-0.000358,0.602675,-2.447024,-0.602762,-2.447382,,253.194182,7,575.781599,continental
-1.712347,37.805297,301,714024,159.744671,55.597542,-0.000182,-103.838487,-0.000043,-0.000177,0.608956,-2.447205,-0.608999,-2.447382,,197.596640,7,575.781599,continental
-1.153464,38.031382,301,714024,144.612526,55.597542,0.000112,-88.734779,0.000002,-0.000112,-0.060028,-2.521935,0.060031,-2.522047,,141.999098,7,575.781599,continental
-0.633903,38.319792,301,714024,144.933655,55.597542,0.000217,-88.781665,0.000005,-0.000217,-0.053833,-2.521830,0.053838,-2.522047,,86.401556,7,575.781599,continental
-0.110209,38.605892,301,714025,145.259399,58.602785,0.000131,-88.828563,0.000003,-0.000131,-0.047638,-2.521916,0.047641,-2.522047,,30.804014,7,575.781599,continental
7.513771,45.107123,701,307,179.758800,3.048600,-0.307866,163.733148,-0.295542,0.086237,1.715880,-1.808187,-1.715881,-1.808187,,3.048600,6,7890.353345,continental
6.352834,43.754460,301,331002,15.403447,27.798771,-0.291918,95.742228,-0.029207,0.290453,-1.883620,1.115259,1.883222,1.106784,,0.000000,8,2684.426619,continental
5.672235,43.844882,301,331003,6.301203,55.597542,-0.673789,98.757002,-0.102580,0.665934,-1.642307,1.297834,1.694214,1.234955,,55.597542,8,2684.426619,continental
5.253020,44.098675,301,331009,96.017168,55.597542,0.494235,2.780840,0.493653,0.023978,-1.466823,-1.559329,1.442743,-1.542191,,111.195084,8,2684.426619,continental
5.210900,44.595954,301,331011,84.009976,55.597542,0.513043,33.924471,0.425710,0.286329,-1.803541,-1.381705,1.819978,-1.479034,,166.792626,8,2684.426619,continental
5.258301,45.085113,301,331012,129.529827,55.597542,0.509561,4.474283,0.508008,0.039752,-0.267901,-2.393137,0.265862,-2.391867,,222.390167,8,2684.426619,continental
5.712096,45.469865,301,331012,129.852262,55.597542,0.454064,9.840111,0.447384,0.077599,-0.321054,-2.430984,0.258418,-2.391867,,277.987709,8,2684.426619,continental
6.172114,45.852796,301,331013,130.181279,55.597542,0.403619,16.647665,0.386701,0.115631,-0.374208,-2.469017,0.393241,-2.480980,,333.585251,8,2684.426619,continental
6.347316,46.291707,301,331015,130.181554,55.597542,0.474411,10.947513,0.465777,0.090095,-0.293996,-2.438911,0.293992,-2.428637,,389.182793,8,2684.426619,continental
6.862510,46.631855,301,331016,155.302329,55.597542,0.464838,-5.371206,0.462797,-0.043513,0.763209,-2.405199,-0.786116,-2.389899,,444.780335,8,2684.426619,continental
7.533415,46.821432,301,331017,174.219602,55.597542,0.362962,-15.222609,0.350227,-0.095303,1.416682,-2.130704,-1.429118,-2.119214,,500.377877,8,2684.426619,continental
8.159300,47.032799,301,331020,148.580320,55.597542,0.306327,9.541126,0.302090,0.050775,0.287927,-2.519648,-0.287795,-2.517110,,555.975419,8,2684.426619,continental
8.814205,47.227278,301,331022,157.634735,55.597542,0.251325,-2.501171,0.251085,-0.010968,0.612619,-2.432298,-0.632457,-2.414723,,611.572960,8,2684.426619,continental
9.497535,47.415507,301,331023,158.137101,55.597542,0.212035,6.799538,0.210544,0.025104,0.579707,-2.468366,-0.558755,-2.487088,,667.170502,8,2684.426619,continental
10.131724,47.662583,301,331024,141.289694,55.597542,0.209546,26.243773,0.187946,0.092659,-0.179370,-2.536243,0.170077,-2.533651,,722.768044,8,2684.426619,continental
10.834247,47.780886,301,331025,173.077081,55.597542,0.166792,-0.911861,0.166771,-0.002654,1.128457,-2.275775,-1.082519,-2.297395,,778.365586,8,2684.426619,continental
11.574964,47.824349,301,331025,179.857875,55.597542,0.105925,2.674451,0.105810,0.004943,1.316641,-2.164907,-1.333010,-2.165706,,833.963128,8,2684.426619,continental
12.319663,47.823181,301,331026,180.409762,55.597542,0.044359,2.640684,0.044312,0.002044,1.262584,-2.162008,-1.240486,-2.161006,,889.560670,8,2684.426619,continental
12.994974,47.988554,301,331027,176.844812,55.597542,0.088952,6.743283,0.088337,0.010445,1.157202,-2.249317,-1.157205,-2.249317,,945.158212,8,2684.426619,continental
13.741289,48.013658,301,331028,177.399445,55.597542,0.074631,6.709732,0.074120,0.008720,1.150310,-2.247592,-1.142445,-2.246707,,1000.755754,8,2684.426619,continental
14.487456,48.043353,301,331028,175.518339,55.597542,0.060893,9.152822,0.060118,0.009686,1.047423,-2.292445,-1.053166,-2.293403,,1056.353295,8,2684.426619,continental
15.225892,48.103679,301,331029,159.447815,55.597542,0.061945,25.790537,0.055774,0.026951,0.355837,-2.498442,-0.345112,-2.493270,,1111.950837,8,2684.426619,continental
15.929366,48.277068,301,331030,159.972163,55.597542,0.133056,25.806619,0.119786,0.057924,0.426977,-2.529415,-0.432318,-2.532007,,1167.548379,8,2684.426619,continental
16.446169,48.634609,301,331041,131.665736,55.597542,0.319412,50.684435,0.202376,0.247119,-0.707693,-2.562892,0.668240,-2.606377,,1223.145921,8,2684.426619,continental
16.801393,49.069947,301,331042,112.669617,55.597542,0.548845,67.926433,0.206254,0.508616,-1.409759,-2.395194,1.394681,-2.426768,,1278.743463,8,2684.426619,continental
17.438288,49.316671,301,331045,155.295628,55.597542,0.310877,20.688950,0.290829,0.109831,0.365524,-2.592291,-0.316859,-2.562957,,1334.341005,8,2684.426619,continental
18.018134,49.636521,301,331046,156.928861,55.597542,0.303044,20.676320,0.283525,0.107001,0.416784,-2.585249,-0.418864,-2.587879,,1294.488073,8,2684.426619,continental
18.731277,49.830274,301,331047,157.473025,55.597542,0.249289,12.938563,0.242960,0.055817,0.383557,-2.534065,-0.380049,-2.529646,,1238.890531,8,2684.426619,continental
19.490038,49.930974,301,331047,169.650667,55.597542,0.255126,5.091435,0.254119,0.022641,0.897355,-2.421901,-0.888114,-2.401472,,1183.292989,8,2684.426619,continental
20.255759,50.016830,301,331048,179.142649,55.597542,0.267750,0.838587,0.267721,0.003919,1.281802,-2.273575,-1.281899,-2.272992,,1127.695447,8,2684.426619,continental
21.033900,50.021710,301,331048,179.738911,55.597542,0.264931,7.596196,0.262606,0.035021,1.283886,-2.304674,-1.289077,-2.272992,,1072.097905,8,2684.426619,continental
21.812114,50.021387,301,331049,180.335250,55.597542,0.265964,14.434479,0.257569,0.066298,1.285970,-2.335952,-1.282175,-2.359984,,1016.500363,8,2684.426619,continental
22.552903,49.946486,301,331049,217.241653,55.597542,0.266322,-14.872481,0.257400,-0.068356,2.436702,-1.147329,-2.437242,-1.138073,,960.902822,8,2684.426619,continental
23.167594,49.642265,301,331049,217.711115,55.597542,0.256835,-6.479706,0.255195,-0.028984,2.441397,-1.186711,-2.444116,-1.138073,,905.305280,8,2684.426619,continental
23.774610,49.334830,301,331050,218.172619,55.597542,0.253374,2.378191,0.253156,0.010514,2.446092,-1.226185,-2.444730,-1.254526,,849.707738,8,2684.426619,continental
24.336509,49.000141,301,331050,232.571340,55.597542,0.252283,-3.309455,0.251862,-0.014564,2.679884,-0.634473,-2.681746,-0.625926,,794.110196,8,2684.426619,continental
24.796049,48.602167,301,331051,232.917113,55.597542,0.245905,3.647514,0.245406,0.015644,2.679814,-0.664675,-2.672205,-0.701401,,738.512654,8,2684.426619,continental
25.248387,48.202394,301,331051,233.255386,55.597542,0.243499,10.863127,0.239136,0.045891,2.679743,-0.694927,-2.678425,-0.701401,,682.915112,8,2684.426619,continental
25.670889,47.790120,301,331051,236.298663,55.597542,0.267739,13.935404,0.259859,0.064479,2.734615,-0.596500,-2.714799,-0.573004,,627.317570,8,2684.426619,continental
26.080552,47.373416,301,331052,236.601095,55.597542,0.300452,18.314878,0.285232,0.094414,2.765813,-0.626434,-2.809684,-0.677828,,571.720029,8,2684.426619,continental
26.483780,46.955276,301,331052,236.896788,55.597542,0.334763,21.813296,0.310794,0.124392,2.797011,-0.656415,-2.815354,-0.677828,,516.122487,8,2684.426619,continental
26.763240,46.512852,301,331052,271.198876,55.597542,0.354510,-8.321803,0.350778,-0.051309,2.712592,1.006753,-2.716112,1.019230,,460.524945,8,2684.426619,continental
26.743066,46.013099,301,331053,273.264720,55.597542,0.334664,-2.567715,0.334328,-0.014993,2.665163,1.055699,-2.670992,1.069400,,404.927403,8,2684.426619,continental
26.702431,45.513903,301,331054,273.235606,55.597542,0.309557,10.231287,0.304635,0.054984,2.640556,0.985724,-2.625501,0.950133,,349.329861,8,2684.426619,continental
26.384686,45.131898,301,331054,328.498426,55.597542,0.285809,-34.728962,0.234894,-0.162824,0.704646,2.679363,-0.708462,2.703846,,293.732319,8,2684.426619,continental
25.783158,44.869053,301,331055,328.073076,55.597542,0.253753,-26.469145,0.227153,-0.113102,0.701777,2.629640,-0.697380,2.601399,,238.134777,8,2684.426619,continental
25.142515,44.691500,301,331055,352.850901,55.597542,0.216560,-43.886047,0.156079,-0.150125,-0.482627,2.630095,0.473368,2.651683,,182.537236,8,2684.426619,continental
24.445418,44.627153,301,331056,352.360916,55.597542,0.167663,-36.649185,0.134517,-0.100081,-0.499311,2.580051,0.509665,2.556136,,126.939694,8,2684.426619,continental
23.758234,44.661483,301,331056,14.713364,55.597542,0.106246,-52.681311,0.064412,-0.084495,-1.477418,2.125036,1.456953,2.158924,,71.342152,8,2684.426619,continental
23.076842,44.786452,301,331057,14.233870,43.543381,0.031744,-37.978408,0.025022,-0.019534,-1.511762,2.060074,1.524137,2.039730,,15.744610,8,2684.426619,continental
-27.710288,-60.728621,201,815,344.225856,27.798771,5.740066,-73.567307,1.623800,-5.505600,0.239107,5.048744,-0.239107,5.048744,15.731367,0.000000,9,928.677334,oceanic
-26.730410,-60.589110,201,815,343.371674,55.597542,5.770661,-72.563430,1.729177,-5.505494,0.341050,5.048639,-0.341057,5.048744,18.825045,55.597542,9,928.677334,oceanic
-25.864531,-60.354179,201,815,316.453037,55.597542,5.821465,-45.518087,4.079008,-4.153450,2.628531,4.356323,-2.628581,4.356406,15.324259,111.195084,9,928.677334,oceanic
-25.139542,-60.007715,201,815,315.824031,55.597542,5.895543,-44.790515,4.183993,-4.153509,2.730297,4.356382,-2.730312,4.356406,21.847727,166.792626,9,928.677334,oceanic
-24.650497,-59.574882,201,815,297.677494,55.597542,5.986979,-26.586391,5.353919,-2.679452,4.027887,3.315339,-4.027946,3.315387,22.520313,222.390167,9,928.677334,continental
-24.199129,-59.130963,201,815,297.140332,55.597542,6.080420,-25.999516,5.465068,-2.665435,4.137682,3.304766,-4.137724,3.304800,25.575890,277.987709,9,928.677334,continental
-23.928014,-58.658771,201,815,277.037158,55.597542,6.178930,-5.875161,6.146474,-0.632483,5.112599,1.685401,-5.112695,1.685433,28.762203,333.585251,9,928.677334,continental
-23.832598,-58.162992,201,815,257.739592,55.597542,6.281630,13.416857,6.110190,1.457552,5.477786,-0.122144,-5.477807,-0.122145,30.139507,389.182793,9,928.677334,continental
-24.031158,-57.674240,201,815,257.907833,55.597542,6.381611,13.202802,6.212931,1.457550,5.577757,-0.122142,-5.577872,-0.122145,43.660351,444.780335,9,928.677334,continental
-24.227852,-57.185584,201,815,257.631305,55.597542,6.481331,13.434874,6.303967,1.505872,5.676399,-0.165590,-5.676402,-0.165590,47.820461,428.299457,9,928.677334,continental
-24.678485,-56.750733,201,815,240.298960,55.597542,6.569044,30.691509,5.648904,3.352942,5.456108,-1.885252,-5.456116,-1.885254,56.386501,372.701915,9,928.677334,continental
-25.125258,-56.315645,201,815,240.664566,55.597542,6.656501,30.252681,5.749965,3.353641,5.554675,-1.885927,-5.554686,-1.885931,64.970520,317.104373,9,928.677334,continental
-25.638110,-55.905664,201,815,234.986295,55.597542,6.738445,35.851489,5.461765,3.946615,5.420985,-2.466441,-5.421016,-2.466455,71.931320,261.506831,9,928.677334,continental
-26.231579,-55.534851,201,815,226.819411,55.597542,6.812134,43.931034,4.905931,4.726204,5.085753,-3.256691,-5.085802,-3.256723,77.276741,205.909290,9,928.677334,oceanic
-26.943907,-55.248984,201,815,210.418484,55.597542,6.868542,60.232400,3.410116,5.962213,4.008764,-4.609113,-4.008772,-4.609122,80.946381,150.311748,9,928.677334,oceanic
-27.755763,-55.063607,201,815,199.861119,55.597542,6.904647,70.680486,2.284304,6.515835,3.132134,-5.305026,-3.132157,-5.305065,73.788727,94.714206,9,928.677334,oceanic
-28.573432,-54.890987,201,815,200.530733,66.915435,6.938371,69.901908,2.384221,6.515864,3.229247,-5.305056,-3.229253,-5.305065,73.018333,39.116664,9,928.677334,oceanic
172.598783,-23.241155,801,827,8.251979,27.798771,7.632049,65.974688,3.107314,6.970851,-1.355516,-5.856824,1.355516,-5.856824,31.594971,0.000000,11,3967.120756,oceanic
172.060552,-23.168475,801,827,8.464054,55.597542,7.665958,65.412299,3.189695,6.970851,-1.319190,-5.856824,1.319190,-5.856824,32.063911,55.597542,11,3967.120756,oceanic
171.532379,-23.050130,801,827,13.800192,55.597542,7.706646,59.751312,3.882255,6.657363,-0.753875,-5.950875,0.753928,-5.951301,32.427174,111.195084,11,3967.120756,oceanic
171.005151,-22.929988,801,827,14.006113,55.597542,7.748206,59.228775,3.964071,6.657390,-0.717415,-5.950902,0.717464,-5.951301,32.159687,166.792626,11,3967.120756,oceanic
170.486704,-22.791212,801,827,32.102862,55.597542,7.792818,40.834363,5.896069,5.095525,1.180908,-5.873933,-1.180910,-5.873942,33.277126,222.390167,11,3967.120756,oceanic
170.069500,-22.475545,801,827,43.235740,55.597542,7.859908,29.534208,6.838603,3.874487,2.313435,-5.539081,-2.313561,-5.539380,36.330524,277.987709,11,3967.120756,oceanic
169.676254,-22.132569,801,827,43.384986,55.597542,7.930032,29.246649,6.919148,3.874377,2.349681,-5.538971,-2.349854,-5.539380,,333.585251,11,3967.120756,oceanic
169.284922,-21.788655,801,827,43.531333,55.597542,8.000252,28.967987,6.999344,3.874689,2.385927,-5.539283,-2.385969,-5.539380,,389.182793,11,3967.120756,oceanic
168.994708,-21.371211,801,827,59.997921,55.597542,8.076076,12.456774,7.885957,1.742034,3.884883,-4.640827,-3.885271,-4.641287,,444.780335,11,3967.120756,oceanic
168.727019,-20.937996,801,827,60.094528,55.597542,8.152902,12.335847,7.964669,1.741799,3.920284,-4.640592,-3.920871,-4.641287,,500.377877,11,3967.120756,oceanic
168.460874,-20.504365,801,827,60.188696,55.597542,8.229538,12.220038,8.043073,1.741918,3.955685,-4.640711,-3.956173,-4.641287,38.765285,555.975419,11,3967.120756,oceanic
168.196233,-20.070332,801,827,60.280455,55.597542,8.305976,12.109200,8.121165,1.742391,3.991086,-4.641184,-3.991174,-4.641287,36.170238,611.572960,11,3967.120756,oceanic
167.951989,-19.627735,801,827,69.141913,55.597542,8.381690,3.240544,8.368288,0.473800,4.686997,-3.973758,-4.687125,-3.973866,33.397007,565.205418,11,3967.120756,oceanic
167.763523,-19.160405,801,827,69.204496,55.597542,8.457789,3.210160,8.444518,0.473624,4.721140,-3.973582,-4.721478,-3.973866,34.416523,509.607877,11,3967.120756,oceanic
167.576123,-18.692884,801,827,69.265282,55.597542,8.533624,3.182453,8.520464,0.473750,4.755282,-3.973708,-4.755470,-3.973866,36.134377,454.010335,11,3967.120756,oceanic
167.386524,-18.226357,801,827,68.632683,55.597542,8.608647,3.844150,8.589279,0.577147,4.740548,-4.031105,-4.740715,-4.031248,37.803371,398.412793,11,3967.120756,oceanic
167.195236,-17.760631,801,827,68.691774,55.597542,8.682944,3.811048,8.663743,0.577123,4.773789,-4.031081,-4.773985,-4.031248,39.062813,342.815251,11,3967.120756,oceanic
167.013703,-17.291750,801,827,72.154684,55.597542,8.756846,0.380152,8.756653,0.058100,5.038038,-3.738914,-5.038062,-3.738932,41.022884,287.217709,11,3967.120756,oceanic
166.805487,-16.835022,801,827,62.399412,55.597542,8.829368,10.146242,8.691288,1.555392,4.359189,-4.545443,-4.359190,-4.545444,42.775578,231.620167,11,3967.120756,oceanic
166.595684,-16.377232,801,827,66.343663,55.597542,8.901091,6.209247,8.848873,0.962740,4.688962,-4.239404,-4.689279,-4.239690,40.234413,176.022625,11,3967.120756,oceanic
166.387061,-15.919145,801,827,66.401687,55.597542,8.972543,6.159826,8.920739,0.962774,4.720829,-4.239437,-4.721110,-4.239690,,120.425084,11,3967.120756,continental
166.211180,-15.452611,801,827,83.409310,55.597542,9.043397,-10.818670,8.882661,-1.697458,5.782898,-2.670919,-5.782908,-2.670924,,64.827542,11,3967.120756,continental
166.230428,-14.954603,801,827,94.607974,37.028771,9.109615,-21.874609,8.453736,-3.394029,6.222535,-1.495073,-6.222565,-1.495080,,9.230000,11,3967.120756,continental
57.110993,27.670311,503,4060,28.178850,27.798771,2.590169,-25.292850,2.341864,-1.106637,-2.310621,2.716153,2.310621,2.716153,,897.313343,10,897.313343,continental
57.607573,27.433314,503,4060,28.408545,55.597542,2.619210,-24.989062,2.374022,-1.106473,-2.304937,2.715990,2.305075,2.716153,,841.715801,10,897.313343,continental
58.102018,27.194564,503,4060,28.635431,55.597542,2.648087,-24.699233,2.405823,-1.106516,-2.299252,2.716033,2.299354,2.716153,,786.118259,10,897.313343,continental
58.606707,26.977380,503,4060,21.778594,55.597542,2.677454,-17.362424,2.555459,-0.798992,-1.940755,2.978532,1.940833,2.978652,,730.520717,10,897.313343,continental
59.126853,26.790916,503,4060,22.013800,55.597542,2.707539,-17.160664,2.587002,-0.798865,-1.934626,2.978405,1.934787,2.978652,,674.923175,10,897.313343,continental
59.645285,26.602558,503,4060,22.246716,55.597542,2.737394,-16.969986,2.618201,-0.798965,-1.928498,2.978505,1.928593,2.978652,,619.325633,10,897.313343,continental
60.156652,26.401531,503,4060,25.396682,55.597542,2.766896,-19.689223,2.605126,-0.932217,-2.071464,2.876491,2.071577,2.876648,,563.728091,10,897.313343,continental
60.659993,26.186210,503,4060,25.619651,55.597542,2.796038,-19.471785,2.636121,-0.932039,-2.064838,2.876312,2.065079,2.876648,,508.130550,10,897.313343,continental
61.161469,25.969144,503,4060,25.840096,55.597542,2.824954,-19.265426,2.666757,-0.932079,-2.058212,2.876352,2.058424,2.876648,,452.533008,10,897.313343,continental
61.661091,25.750356,503,4060,26.058018,55.597542,2.853637,-19.069768,2.697033,-0.932338,-2.051586,2.876611,2.051613,2.876648,,396.935466,10,897.313343,continental
62.189209,25.599175,503,4060,16.827585,55.597542,2.883388,-9.498454,2.843856,-0.475819,-1.543933,3.174442,1.544009,3.174598,,341.337924,10,897.313343,continental
62.719248,25.453474,503,4060,17.055994,55.597542,2.912998,-9.402163,2.873865,-0.475877,-1.536891,3.174499,1.536939,3.174598,,285.740382,10,897.313343,continental
63.247998,25.305874,503,4060,17.282625,55.597542,2.942421,-9.307223,2.903685,-0.475872,-1.529702,3.174495,1.529752,3.174598,,230.142840,10,897.313343,continental
63.775453,25.156394,503,4060,17.507465,55.597542,2.971629,-9.215120,2.933277,-0.475882,-1.522403,3.174504,1.522448,3.174598,,174.545298,10,897.313343,continental
64.314242,25.098622,503,4060,356.215625,55.597542,3.000471,12.289403,2.931715,0.638649,-0.244607,3.510336,0.244614,3.510428,,118.947756,10,897.313343,continental
64.865316,25.130605,503,4060,356.449519,55.597542,3.028954,12.171699,2.960864,0.638631,-0.237171,3.510355,0.237176,3.510428,,63.350215,10,897.313343,continental
65.416670,25.160549,503,4060,356.683802,35.551444,3.057217,12.056290,2.989784,0.638569,-0.229719,3.510417,0.229720,3.510428,,7.752673,10,897.313343,continental
165.552218,-11.737174,801,847,48.861902,27.798771,9.553339,24.288867,8.707708,3.929644,3.424337,-5.604654,-3.424337,-5.604654,40.313881,0.000000,11,3967.120756,continental
165.202767,-11.376575,801,847,31.528589,55.597542,9.611280,41.518468,7.196370,6.370947,1.618008,-6.379440,-1.618013,-6.379462,38.803410,55.597542,11,3967.120756,continental
164.748314,-11.159419,801,847,16.946983,55.597542,9.655007,55.910325,5.411532,7.995903,-0.023265,-6.585580,0.023265,-6.585590,36.445728,111.195084,11,3967.120756,continental
164.253255,-11.126426,801,847,351.776025,55.597542,9.677554,80.831094,1.542074,9.553903,-2.805575,-5.951273,2.805592,-5.951309,35.244438,166.792626,11,3967.120756,continental
163.748828,-11.197741,801,847,350.466045,55.597542,9.687968,81.864862,1.370928,9.590479,-2.923068,-5.881262,2.923069,-5.881265,33.815529,222.390167,11,3967.120756,continental
163.245983,-11.279910,801,847,350.735055,55.597542,9.697191,81.319675,1.463513,9.586118,-2.877373,-5.889824,2.877406,-5.889892,26.323256,277.987709,11,3967.120756,continental
162.742645,-11.359985,801,847,350.833854,55.597542,9.706857,80.946552,1.527430,9.585929,-2.848965,-5.889635,2.849089,-5.889892,33.756107,333.585251,11,3967.120756,continental
162.239007,-11.438385,801,847,6.449636,55.597542,9.717418,65.060491,4.097458,8.811303,-1.142139,-6.429810,1.142139,-6.429811,36.746624,389.182793,11,3967.120756,continental
161.741319,-11.337711,801,847,16.372981,55.597542,9.749200,54.913587,5.603949,7.977634,0.000262,-6.527979,-0.000262,-6.528080,40.551025,444.780335,11,3967.120756,continental
161.255476,-11.187249,801,847,21.393920,55.597542,9.786613,49.690090,6.331172,7.462845,0.589420,-6.502022,-0.589421,-6.502035,43.667065,500.377877,11,3967.120756,continental
160.844633,-10.899169,801,847,39.702139,55.597542,9.837076,31.250472,8.409791,5.103281,2.622086,-5.989258,-2.622097,-5.989283,47.072769,555.975419,11,3967.120756,continental
160.437731,-10.599671,801,847,31.240729,55.597542,9.888324,39.586534,7.620566,6.301264,1.732158,-6.314932,-1.732167,-6.314966,,611.572960,11,3967.120756,continental
160.003662,-10.339289,801,847,32.291714,55.597542,9.935729,38.389597,7.787686,6.170142,1.867307,-6.284210,-1.867316,-6.284241,,667.170502,11,3967.120756,continental
159.574379,-10.071892,801,847,32.367776,55.597542,9.983378,38.173066,7.848408,6.170116,1.895424,-6.284184,-1.895441,-6.284241,,650.155075,11,3967.120756,continental
159.165396,-9.780307,801,847,49.885419,55.597542,10.032654,20.531796,9.395357,3.518724,3.719410,-5.420114,-3.719413,-5.420118,,594.557533,11,3967.120756,continental
158.727764,-9.543993,801,847,13.908472,55.597542,10.076422,56.360479,5.581995,8.389018,-0.156118,-6.578027,0.156118,-6.578036,,538.959992,11,3967.120756,continental
158.262119,-9.358503,801,847,29.610529,55.597542,10.115281,40.487251,7.693181,6.567638,1.648652,-6.373224,-1.648685,-6.373352,,483.362450,11,3967.120756,continental
157.821864,-9.111183,801,847,29.681183,55.597542,10.159900,40.273651,7.751655,6.567755,1.676326,-6.373341,-1.676329,-6.373352,5.356872,427.764908,11,3967.120756,continental
157.377171,-8.872278,801,847,28.540553,55.597542,10.203329,41.268688,7.669075,6.730024,1.568871,-6.407328,-1.568876,-6.407351,4.393635,372.167366,11,3967.120756,continental
156.918438,-8.661702,801,847,24.550114,55.597542,10.243891,45.102518,7.230552,7.256474,1.138643,-6.502441,-1.138662,-6.502547,2.894817,316.569824,11,3967.120756,continental
156.509127,-8.380607,801,847,44.077054,59.580749,10.289797,25.458268,9.290643,4.423106,3.267068,-5.746987,-3.267105,-5.747053,2.618815,260.972282,11,3967.120756,continental
156.159956,-8.019958,829,847,49.296591,51.614334,12.806163,-14.044000,12.423383,-3.107633,3.798640,-5.427812,-3.798666,-5.427848,5.118457,205.374740,12,225.966446,continental
155.793899,-7.678715,829,847,38.819926,55.597542,12.570646,-3.668834,12.544883,-0.804389,2.769610,-6.032311,-2.769727,-6.032565,,149.777198,12,225.966446,continental
155.401100,-7.365101,849,847,38.871346,55.597542,10.437447,30.404572,9.002019,5.282419,2.796158,-6.032231,-2.796313,-6.032565,,94.179657,2,1026.424204,continental
155.007706,-7.052634,849,847,36.124445,66.380886,10.484178,33.051856,8.787600,5.718048,2.525026,-6.162975,-2.525031,-6.162987,39.251900,38.582115,2,1026.424204,continental
131.487363,0.426457,608,697,195.602971,47.757196,6.157865,29.280601,5.371105,3.011733,6.482346,0.349888,-6.482346,0.349888,7.656713,0.000000,13,140.947628,oceanic
131.968943,0.291958,608,697,195.605990,35.639117,6.164238,29.247423,5.378409,3.011736,6.508921,0.349885,-6.508975,0.349888,4.241118,55.597542,13,140.947628,oceanic
132.450512,0.157439,608,697,195.607879,57.551315,6.170218,29.216389,5.385258,3.011741,6.534956,0.349880,-6.535108,0.349888,0.949492,111.195084,13,140.947628,continental
132.932074,0.022909,653,697,195.608637,53.643768,4.306701,0.714242,4.306367,0.053685,6.560664,0.349884,-6.560743,0.349888,2.930360,166.792626,14,838.066065,continental
133.416647,-0.098862,653,697,190.948664,55.597542,4.153158,5.456103,4.134341,0.394895,6.591910,-0.185607,-6.592561,-0.185625,6.318052,222.390167,14,838.066065,continental
133.907548,-0.193822,653,697,190.947411,55.597542,3.998681,5.666884,3.979139,0.394848,6.614858,-0.185560,-6.617195,-0.185625,9.976350,277.987709,14,838.066065,continental
134.398455,-0.288768,653,697,190.945343,55.597542,3.844464,5.894505,3.824137,0.394815,6.637806,-0.185527,-6.641324,-0.185625,,333.585251,14,838.066065,continental
134.889371,-0.383692,653,697,190.942462,55.597542,3.690527,6.141008,3.669349,0.394797,6.660754,-0.185508,-6.664948,-0.185625,,389.182793,14,838.066065,continental
135.380297,-0.478588,653,697,190.938768,55.597542,3.536892,6.408780,3.514789,0.394792,6.683702,-0.185504,-6.688064,-0.185625,,444.780335,14,838.066065,continental
135.871236,-0.573450,653,697,190.934261,55.597542,3.383582,6.700626,3.360470,0.394802,6.706650,-0.185513,-6.710671,-0.185625,,500.377877,14,838.066065,continental
136.362192,-0.668269,653,697,190.928941,55.597542,3.230624,7.019861,3.206407,0.394826,6.729598,-0.185537,-6.732767,-0.185625,,555.975419,14,838.066065,continental
136.853167,-0.763039,653,697,190.922809,55.597542,3.078044,7.370436,3.052611,0.394863,6.752545,-0.185575,-6.754350,-0.185625,,611.572960,14,838.066065,continental
137.343682,-0.859662,653,697,197.374089,55.597542,2.925699,1.287182,2.924960,0.065722,6.753256,0.577557,-6.753307,0.577561,28.088287,667.170502,14,838.066065,continental
137.820943,-1.008935,653,697,197.366307,55.597542,2.768944,1.362147,2.768162,0.065823,6.772626,0.577456,-6.773860,0.577561,29.543888,722.066641,14,838.066065,continental
138.298248,-1.158138,653,697,197.357281,55.597542,2.612499,1.444975,2.611668,0.065879,6.791995,0.577400,-6.793898,0.577561,,666.469100,14,838.066065,continental
138.775604,-1.307261,653,697,197.347012,55.597542,2.456377,1.537131,2.455493,0.065892,6.811365,0.577387,-6.813419,0.577561,32.455559,610.871558,14,838.066065,continental
139.253016,-1.456293,653,697,197.335499,55.597542,2.300593,1.640463,2.299650,0.065860,6.830735,0.577418,-6.832420,0.577561,33.912067,555.274016,14,838.066065,continental
139.730491,-1.605224,653,697,197.322744,61.654252,2.145160,1.757350,2.144151,0.065785,6.850105,0.577494,-6.850901,0.577561,35.334717,499.676474,14,838.066065,continental
140.208035,-1.754043,847,697,197.308747,49.540831,10.013709,37.653909,7.928006,6.117278,6.868838,0.577559,-6.868861,0.577561,36.134045,444.078932,15,465.820992,continental
140.666521,-1.951991,847,697,205.148346,55.597542,10.007345,29.823340,8.682002,4.976927,6.741752,1.511108,-6.742896,1.511363,36.295448,388.481390,15,465.820992,continental
141.119449,-2.164410,847,697,205.132080,55.597542,10.000373,29.847756,8.673833,4.977156,6.757650,1.510878,-6.759822,1.511363,36.378342,332.883848,15,465.820992,continental
141.572503,-2.376693,847,697,205.114130,55.597542,9.993218,29.872051,8.665517,4.977270,6.773547,1.510764,-6.776233,1.511363,36.454128,277.286307,15,465.820992,continental
142.025696,-2.588828,847,697,205.094498,55.597542,9.985883,29.896220,8.657058,4.977269,6.789445,1.510765,-6.792128,1.511363,36.529922,221.688765,15,465.820992,continental
142.479042,-2.800801,847,697,205.073184,55.597542,9.978370,29.920259,8.648457,4.977153,6.805342,1.510881,-6.807506,1.511363,,166.091223,15,465.820992,continental
142.932551,-3.012599,847,697,205.050186,55.597542,9.970678,29.944164,8.639715,4.976922,6.821240,1.511113,-6.822366,1.511363,,110.493681,15,465.820992,continental
143.392686,-3.207260,847,697,196.578524,82.694910,9.962657,38.418376,7.805684,6.190786,6.984523,0.491245,-6.984587,0.491249,,54.896139,15,465.820992,continental
-81.660183,-3.174404,911,201,99.436698,27.798771,8.018025,-17.528284,7.645735,-2.414841,0.884623,-0.997150,-0.884623,-0.997150,24.149942,0.000000,25,6884.559025,continental
-81.742330,-3.667634,911,201,99.441600,55.597542,8.052456,-17.451291,7.681819,-2.414890,0.878321,-0.997101,-0.878364,-0.997150,30.989494,55.597542,25,6884.559025,continental
-81.824566,-4.160857,911,201,99.447214,55.597542,8.086383,-17.375536,7.717385,-2.414864,0.872019,-0.997128,-0.872038,-0.997150,30.591166,111.195084,25,6884.559025,continental
-81.802376,-4.655856,911,201,82.509249,55.597542,8.090174,-0.531486,8.089826,-0.075045,0.506604,-1.191344,-0.537438,-1.207391,30.250237,166.792626,25,6884.559025,continental
-81.736929,-5.151586,911,201,82.503655,55.597542,8.081207,-0.692486,8.080617,-0.097668,0.456638,-1.168729,-0.531010,-1.207391,30.048307,222.390167,25,6884.559025,continental
-81.671381,-5.647309,911,201,82.497487,55.597542,8.071723,-0.853307,8.070828,-0.120208,0.406671,-1.146193,-0.524541,-1.207391,29.843817,277.987709,25,6884.559025,continental
-81.605719,-6.143025,911,201001,82.490743,55.597542,8.061718,-1.013940,8.060455,-0.142657,0.356705,-1.123741,-0.241482,-1.064519,29.636772,333.585251,25,6884.559025,continental
-81.539936,-6.638732,911,201001,82.483420,55.597542,8.051187,-1.174398,8.049496,-0.165014,0.306738,-1.101378,-0.234887,-1.064519,29.427090,389.182793,25,6884.559025,continental
-81.474020,-7.134431,911,201001,82.475517,55.597542,8.040128,-1.334703,8.037947,-0.187278,0.256772,-1.079108,-0.228274,-1.064519,29.214695,444.780335,25,6884.559025,continental
-81.358482,-7.615958,911,201001,65.315780,55.597542,8.036179,15.722737,7.735500,2.177664,-0.109933,-1.086633,0.102111,-1.083223,29.054188,500.377877,25,6884.559025,continental
-81.147587,-8.070218,911,201001,65.287001,55.597542,8.046362,15.776445,7.743255,2.187682,-0.139406,-1.096652,0.108737,-1.083223,29.075129,555.975419,25,6884.559025,continental
-80.936218,-8.524369,911,201001,65.256498,55.597542,8.055999,15.831779,7.750409,2.197788,-0.168878,-1.106758,0.115355,-1.083223,29.096382,611.572960,25,6884.559025,continental
-80.724345,-8.978406,911,201002,65.224262,55.597542,8.065086,15.888734,7.756961,2.207980,-0.198351,-1.116949,0.239614,-1.135618,29.117878,667.170502,25,6884.559025,continental
-80.511942,-9.432322,911,201002,65.190283,55.597542,8.073622,15.947306,7.762907,2.218253,-0.227824,-1.127223,0.246314,-1.135618,29.139597,722.768044,25,6884.559025,continental
-80.286007,-9.878938,911,201002,56.241954,55.597542,8.082807,24.900162,7.331452,3.403172,-0.428325,-1.083247,0.425852,-1.082922,29.975426,778.365586,25,6884.559025,continental
-80.003620,-10.294515,911,201002,56.192497,55.597542,8.096646,24.868563,7.345883,3.404948,-0.448106,-1.085023,0.432505,-1.082922,38.013485,833.963128,25,6884.559025,continental
-79.720488,-10.709846,911,201002,56.140889,55.597542,8.109985,24.839381,7.359722,3.406809,-0.467887,-1.086885,0.439125,-1.082922,39.562103,889.560670,25,6884.559025,continental
-79.436579,-11.124921,911,201002,56.087118,55.597542,8.122820,24.812601,7.372964,3.408755,-0.487668,-1.088831,0.445711,-1.082922,39.816566,945.158212,25,6884.559025,continental
-79.151860,-11.539729,911,201002,56.031171,55.597542,8.135149,24.788213,7.385607,3.410786,-0.507449,-1.090861,0.452264,-1.082922,40.095051,1000.755754,25,6884.559025,continental
-78.866299,-11.954259,911,201002,55.973033,55.597542,8.146969,24.766206,7.397649,3.412900,-0.527230,-1.092976,0.458782,-1.082922,40.482914,1056.353295,25,6884.559025,continental
-78.579862,-12.368500,911,201003,55.912690,55.597542,8.158277,24.746568,7.409088,3.415098,-0.547011,-1.095174,0.604685,-1.105811,40.876183,1111.950837,25,6884.559025,continental
-78.292515,-12.782440,911,201003,55.850126,55.597542,8.169070,24.729290,7.419921,3.417379,-0.566792,-1.097454,0.611425,-1.105811,41.246124,1167.548379,25,6884.559025,continental
-78.004225,-13.196068,911,201003,55.785327,55.597542,8.179346,24.714364,7.430146,3.419742,-0.586573,-1.099818,0.618120,-1.105811,41.594498,1223.145921,25,6884.559025,continental
-77.714958,-13.609373,911,201003,55.718276,55.597542,8.189102,24.701780,7.439760,3.422187,-0.606354,-1.102263,0.624766,-1.105811,41.923248,1278.743463,25,6884.559025,continental
-77.424679,-14.022342,911,201003,55.648957,55.597542,8.198336,24.691531,7.448762,3.424714,-0.626135,-1.104789,0.631366,-1.105811,42.233849,1334.341005,25,6884.559025,continental
-77.091633,-14.401784,911,201003,45.638483,55.597542,8.211175,34.644666,6.755280,4.667932,-0.826685,-0.988535,0.819085,-0.979941,44.410358,1389.938547,25,6884.559025,continental
-76.730116,-14.758978,911,201003,45.547475,55.597542,8.226278,34.692975,6.763759,4.682222,-0.845800,-1.002825,0.825573,-0.979941,44.588253,1445.536088,25,6884.559025,continental
-76.367410,-15.115609,911,201004,45.453982,55.597542,8.240955,34.743862,6.771659,4.696592,-0.864915,-1.017195,0.895022,-1.051735,44.768356,1501.133630,25,6884.559025,continental
-76.003483,-15.471660,911,201004,45.357990,55.597542,8.255206,34.797310,6.778977,4.711040,-0.884030,-1.031642,0.901548,-1.051735,44.950813,1556.731172,25,6884.559025,continental
-75.638304,-15.827115,911,201004,45.259482,55.597542,8.269026,34.853303,6.785711,4.725560,-0.903146,-1.046163,0.908005,-1.051735,45.135712,1612.328714,25,6884.559025,continental
-75.248150,-16.156688,911,201004,38.839348,55.597542,8.258057,41.034989,6.229125,5.421578,-1.033765,-0.918009,1.024512,-0.945251,45.385113,1667.926256,25,6884.559025,continental
-74.842035,-16.469871,911,201004,38.725274,55.597542,8.231731,40.788223,6.232485,5.377502,-1.055120,-0.873934,1.030822,-0.945251,45.794441,1723.523798,25,6884.559025,continental
-74.434606,-16.782269,911,201005,38.608698,55.597542,8.205173,40.542698,6.235290,5.333482,-1.076475,-0.829915,1.107938,-0.738232,50.990818,1779.121340,25,6884.559025,continental
-74.025838,-17.093863,911,201005,38.489607,55.597542,8.178386,40.298461,6.237538,5.289529,-1.097830,-0.785961,1.114270,-0.738232,51.713516,1834.718881,25,6884.559025,continental
-73.615701,-17.404635,911,201005,38.367989,55.597542,8.151370,40.055563,6.239228,5.245653,-1.119185,-0.742083,1.120517,-0.738232,52.444717,1890.316423,25,6884.559025,continental
-73.205071,-17.715653,911,201006,38.418113,55.597542,8.155366,40.378856,6.212574,5.283363,-1.181967,-0.802169,1.226852,-0.849424,53.178959,1945.913965,25,6884.559025,continental
-72.815682,-18.047843,911,201006,50.509941,55.597542,8.181571,28.495693,7.190398,3.903368,-1.006251,-1.090950,1.025464,-1.090631,53.722435,2001.511507,25,6884.559025,continental
-72.480515,-18.433420,911,201007,50.405030,55.597542,8.254104,28.231855,7.272201,3.904527,-0.945757,-1.092110,0.915165,-1.092670,54.174076,2057.109049,25,6884.559025,continental
-72.126296,-18.803411,911,201007,45.546155,55.597542,8.213288,32.904114,6.895719,4.461743,-1.082035,-0.978270,1.008481,-1.012978,54.736050,2112.706591,25,6884.559025,continental
-71.762554,-19.164904,911,201008,60.567815,55.597542,8.115988,18.010136,7.718320,2.509344,-0.911761,-1.235311,0.933692,-1.203655,55.201233,2168.304133,25,6884.559025,continental
-71.510855,-19.604707,911,201014,63.963740,55.597542,8.385882,15.882289,8.065759,2.294897,-0.645150,-1.547782,0.581661,-1.618415,55.359161,2166.841525,25,6884.559025,continental
-71.303878,-20.062359,911,201009,78.427146,55.597542,8.214449,0.619140,8.213969,0.088764,-0.423986,-1.555271,0.437992,-1.531546,55.397186,2111.243984,25,6884.559025,continental
-71.196754,-20.552162,911,201010,78.389968,55.597542,8.295495,1.397149,8.293029,0.202264,-0.363044,-1.668772,0.354724,-1.682879,55.098019,2055.646442,25,6884.559025,continental
-71.186068,-21.050884,911,201010,90.326772,55.597542,8.325044,-10.557352,8.184117,-1.525312,0.001328,-1.700833,0.004883,-1.720012,54.598495,2000.048900,25,6884.559025,continental
-71.189134,-21.550875,911,201011,90.327885,55.597542,8.346661,-10.681825,8.202027,-1.547095,0.002388,-1.679050,-0.013540,-1.645740,53.971592,1944.451358,25,6884.559025,continental
-71.192221,-22.050867,911,201011,90.329032,55.597542,8.367680,-10.805587,8.219313,-1.568748,0.003448,-1.657396,-0.007363,-1.645740,53.331711,1888.853816,25,6884.559025,continental
-71.216472,-22.549913,911,201011,95.218827,55.597542,8.387616,-15.759945,8.072310,-2.278139,0.145139,-1.636027,-0.141186,-1.639431,52.546822,1833.256274,25,6884.559025,continental
-71.265897,-23.047832,911,201011,95.237979,55.597542,8.406374,-15.775758,8.089732,-2.285467,0.147566,-1.628700,-0.134998,-1.639431,51.019203,1777.658732,25,6884.559025,continental
-71.315688,-23.545737,911,201011,95.257672,55.597542,8.424519,-15.791844,8.106550,-2.292676,0.149994,-1.621491,-0.128800,-1.639431,50.024693,1722.061190,25,6884.559025,continental
-71.365858,-24.043625,911,201011,95.277914,55.597542,8.442049,-15.808195,8.122762,-2.299765,0.152422,-1.614402,-0.122592,-1.639431,49.006798,1666.463649,25,6884.559025,continental
-71.416418,-24.541497,911,201012,95.298714,55.597542,8.458962,-15.824805,8.138367,-2.306732,0.154850,-1.607435,-0.186336,-1.583915,47.980431,1610.866107,25,6884.559025,continental
-71.467382,-25.039352,911,201012,95.320083,55.597542,8.475257,-15.841666,8.153364,-2.313575,0.157277,-1.600592,-0.179832,-1.583915,47.606815,1555.268565,25,6884.559025,continental
-71.518760,-25.537189,911,201012,95.342031,55.597542,8.490933,-15.858774,8.167753,-2.320293,0.159705,-1.593874,-0.173314,-1.583915,47.294323,1499.671023,25,6884.559025,continental
-71.570567,-26.035008,911,201012,95.364568,55.597542,8.505988,-15.876123,8.181531,-2.326885,0.162133,-1.587282,-0.166783,-1.583915,46.981640,1444.073481,25,6884.559025,continental
-71.656306,-26.528059,911,201012,102.626840,55.597542,8.535056,-23.122822,7.849393,-3.351746,0.375175,-1.540521,-0.358122,-1.550794,46.677052,1388.475939,25,6884.559025,continental
-71.778992,-27.015914,911,201012,102.682104,55.597542,8.579301,-23.151031,7.888425,-3.373006,0.404037,-1.519262,-0.351551,-1.550794,46.299950,1332.878397,25,6884.559025,continental
-71.902749,-27.503661,911,201012,102.738788,55.597542,8.622985,-23.179808,7.926887,-3.394162,0.432898,-1.498107,-0.344954,-1.550794,45.922428,1277.280856,25,6884.559025,continental
-72.027607,-27.991298,911,201013,102.796919,55.597542,8.666103,-23.209123,7.964778,-3.415209,0.461760,-1.477060,-0.577952,-1.409335,45.544491,1221.683314,25,6884.559025,continental
-72.153599,-28.478821,911,201013,102.856526,55.597542,8.708653,-23.238944,8.002097,-3.436143,0.490622,-1.456126,-0.571178,-1.409335,45.166058,1166.085772,25,6884.559025,continental
-72.280760,-28.966227,911,201013,102.917636,55.597542,8.750634,-23.269243,8.038845,-3.456959,0.519484,-1.435309,-0.564362,-1.409335,44.787045,1110.488230,25,6884.559025,continental
-72.409124,-29.453512,911,201013,102.980279,55.597542,8.792042,-23.299995,8.075020,-3.477652,0.548346,-1.414615,-0.557502,-1.409335,44.243790,1054.890688,25,6884.559025,continental
-72.531159,-29.942130,911,201013,102.005718,55.597542,8.814616,-22.358017,8.151977,-3.353017,0.531422,-1.402465,-0.525052,-1.419144,40.026905,999.293146,25,6884.559025,continental
-72.651779,-30.431139,911,201013,102.066369,55.597542,8.830370,-22.472961,8.159792,-3.375386,0.533079,-1.380102,-0.518111,-1.419144,39.563770,943.695604,25,6884.559025,continental
-72.773614,-30.920035,911,201013,102.128527,55.597542,8.845597,-22.588530,8.167026,-3.397687,0.534736,-1.357811,-0.511129,-1.419144,39.094593,888.098063,25,6884.559025,continental
-72.896702,-31.408817,911,201013,102.192225,55.597542,8.860295,-22.704707,8.173679,-3.419913,0.536393,-1.335595,-0.504109,-1.419144,38.610348,832.500521,25,6884.559025,continental
-73.021078,-31.897479,911,201013,102.257495,55.597542,8.874462,-22.821478,8.179750,-3.442059,0.538049,-1.313459,-0.497051,-1.419144,38.110538,776.902979,25,6884.559025,continental
-73.146782,-32.386019,911,201013,102.324372,55.597542,8.888097,-22.938832,8.185239,-3.464120,0.539706,-1.291405,-0.489955,-1.419144,37.594524,721.305437,25,6884.559025,continental
-73.273852,-32.874432,911,201013,102.392891,55.597542,8.901197,-23.056756,8.190146,-3.486090,0.541363,-1.269438,-0.482821,-1.419144,37.061680,665.707895,25,6884.559025,continental
-73.402330,-33.362716,911,201,102.463089,55.597542,8.913762,-23.175241,8.194470,-3.507964,0.543020,-1.247564,-0.600998,-1.110114,36.511662,610.110353,25,6884.559025,oceanic
-73.532259,-33.850866,911,201,102.535003,55.597542,8.925790,-23.294277,8.198212,-3.529737,0.544676,-1.225786,-0.593715,-1.110114,35.943630,554.512811,25,6884.559025,oceanic
-73.663680,-34.338879,911,201,102.608674,55.597542,8.937279,-23.413857,8.201371,-3.551405,0.546333,-1.204111,-0.586386,-1.110114,35.357086,498.915270,25,6884.559025,continental
-73.796640,-34.826749,911,201,102.684142,55.597542,8.948229,-23.533973,8.203947,-3.572963,0.547990,-1.182543,-0.579013,-1.110114,34.751762,443.317728,25,6884.559025,continental
-73.931184,-35.314472,911,201,102.761450,55.597542,8.958638,-23.654618,8.205940,-3.594406,0.549647,-1.161089,-0.571596,-1.110114,34.126534,387.720186,25,6884.559025,continental
-74.067360,-35.802045,911,201,102.840641,55.597542,8.968506,-23.775789,8.207350,-3.615731,0.551303,-1.139755,-0.564135,-1.110114,33.481071,332.122644,25,6884.559025,continental
-74.205218,-36.289463,911,201,102.921762,55.597542,8.977830,-23.897481,8.208176,-3.636931,0.552960,-1.118549,-0.556631,-1.110114,32.880936,276.525102,25,6884.559025,continental
-74.327517,-36.779576,911,201,100.295717,55.597542,8.976313,-21.260753,8.365383,-3.254927,0.496157,-1.134847,-0.496201,-1.134951,32.329693,220.927560,25,6884.559025,continental
-74.439814,-37.271472,911,201,100.363340,55.597542,8.967366,-21.283701,8.355742,-3.255030,0.488530,-1.134745,-0.488618,-1.134951,31.810875,165.330018,25,6884.559025,continental
-74.553588,-37.763261,911,201,100.432629,55.597542,8.957831,-21.307571,8.345502,-3.255046,0.480903,-1.134729,-0.480997,-1.134951,31.000935,109.732476,25,6884.559025,continental
-74.668885,-38.254940,911,201,100.503628,81.933706,8.947708,-21.332372,8.334663,-3.254976,0.473276,-1.134799,-0.473340,-1.134951,28.096107,54.134935,25,6884.559025,continental
-76.997979,9.849564,224,201,125.939147,27.798771,2.399317,-40.412734,1.826827,-1.555451,1.368917,-0.464665,-1.368917,-0.464665,,0.000000,16,337.319863,continental
-76.699755,10.254252,224,201,125.991199,55.597542,2.354546,-41.348106,1.767580,-1.555489,1.372617,-0.464628,-1.372727,-0.464665,137.936203,55.597542,16,337.319863,continental
-76.400768,10.658667,224,201,126.045462,55.597542,2.310357,-42.320328,1.708260,-1.555505,1.376274,-0.464612,-1.376433,-0.464665,141.318985,111.195084,16,337.319863,continental
-76.100987,11.062798,224,201,126.101948,55.597542,2.266817,-43.329949,1.648915,-1.555487,1.379930,-0.464630,-1.380034,-0.464665,142.042435,166.792626,16,337.319863,continental
-75.786823,11.455626,224,201,133.128836,55.597542,2.225451,-51.381586,1.388973,-1.738790,1.429644,-0.293566,-1.429676,-0.293572,142.759857,114.929696,16,337.319863,continental
-75.437599,11.820326,224,201,133.199284,55.597542,2.188708,-52.602440,1.329294,-1.738798,1.432990,-0.293557,-1.433064,-0.293572,143.380859,59.332154,16,337.319863,continental
-75.087444,12.184599,224,201,133.272101,31.533383,2.152979,-53.863868,1.269624,-1.738785,1.436335,-0.293570,-1.436343,-0.293572,144.010010,3.734612,16,337.319863,oceanic
-81.475540,-1.686374,911,201,97.510558,64.780825,7.910120,-15.821927,7.610435,-2.156682,0.869122,-1.026056,-0.869125,-1.026060,20.438316,166.792626,25,6884.559025,continental
-81.408037,-1.191425,911,201,94.793137,55.597542,7.873205,-13.183613,7.665701,-1.795661,0.825516,-1.066396,-0.825518,-1.066398,19.230320,222.390167,25,6884.559025,continental
-81.282516,-0.708581,911,201,105.246437,55.597542,7.837367,-23.750041,7.173630,-3.156479,1.011241,-0.898815,-1.011243,-0.898816,17.715183,277.987709,25,6884.559025,continental
-81.129204,-0.233794,911,201,113.227711,55.597542,7.802022,-31.861508,6.626464,-4.118437,1.132070,-0.749129,-1.132074,-0.749132,16.492243,333.585251,25,6884.559025,continental
-80.935164,0.227014,911,201,112.680865,55.597542,7.767860,-31.469050,6.625381,-4.055118,1.130630,-0.759912,-1.130638,-0.759918,15.119756,389.182793,25,6884.559025,continental
-80.757294,0.694217,911,201,110.228443,55.597542,7.732611,-29.163814,6.752348,-3.768165,1.102744,-0.807689,-1.102744,-0.807690,13.415488,444.780335,25,6884.559025,continental
-80.549892,1.149124,911,201,113.361590,55.597542,7.698353,-32.462209,6.495452,-4.132039,1.150782,-0.746384,-1.150789,-0.746389,11.317066,488.199878,25,6884.559025,continental
-80.323093,1.592976,911,201,122.715641,55.597542,7.664931,-41.993606,5.696726,-5.128204,1.262201,-0.548996,-1.262209,-0.548999,9.467649,432.602336,25,6884.559025,continental
-80.059275,2.017741,911,201,121.178194,55.597542,7.633316,-40.655215,5.790968,-4.973149,1.252344,-0.582907,-1.252349,-0.582910,11.428369,377.004794,25,6884.559025,continental
-79.775683,2.429399,911,201,125.829419,55.597542,7.602854,-45.517662,5.327239,-5.424382,1.300703,-0.479564,-1.300711,-0.479567,11.195424,321.407253,25,6884.559025,continental
-79.482274,2.834482,911,201,125.964212,55.597542,7.572907,-45.870599,5.272873,-5.435599,1.306927,-0.476802,-1.306938,-0.476806,9.917412,265.809711,25,6884.559025,continental
-79.177095,3.230613,911,201,129.277065,55.597542,7.543744,-49.409329,4.908341,-5.728547,1.337297,-0.400705,-1.337305,-0.400708,11.588954,210.212169,25,6884.559025,continental
-78.827528,3.586669,911,201,123.739647,55.597542,7.518601,-44.121053,5.397382,-5.234274,1.297117,-0.529278,-1.297118,-0.529278,11.648067,154.614627,25,6884.559025,continental
-78.528722,3.985571,911,201,135.403459,55.597542,7.488877,-56.010841,4.186552,-6.209353,1.382081,-0.255853,-1.382084,-0.255854,12.116056,99.017085,25,6884.559025,continental
-78.299340,4.398227,911,201,137.160610,71.218314,7.456653,-57.956433,3.956231,-6.320594,1.393520,-0.212343,-1.393534,-0.212346,10.875622,43.419543,25,6884.559025,continental
-81.660183,-3.174404,911,201,97.117924,27.798771,8.018025,-15.209510,7.737177,-2.103524,0.843555,-1.032125,-0.843555,-1.032125,25.383137,0.000000,25,6884.559025,continental
-81.599972,-2.678046,911,201,96.082852,55.597542,7.982568,-14.245741,7.737098,-1.964360,0.831019,-1.047237,-0.831021,-1.047240,22.064104,55.597542,25,6884.559025,continental
-81.549523,-2.180785,911,201,99.699224,46.414259,7.946387,-17.929061,7.560498,-2.446210,0.901570,-0.992284,-0.901571,-0.992286,21.174032,111.195084,25,6884.559025,continental
-76.153691,-45.401489,911,201,87.385388,43.621570,8.732073,-7.712667,8.653079,-1.171890,0.070697,-1.192534,-0.070697,-1.192535,2.593837,752.370271,25,6884.559025,continental
-76.120467,-44.902304,911,201,93.487544,55.597542,8.751607,-13.808812,8.498664,-2.088858,0.205623,-1.178063,-0.205624,-1.178067,3.211724,696.772729,25,6884.559025,continental
-76.066240,-44.403839,911,201,95.015631,55.597542,8.770378,-15.342688,8.457807,-2.320568,0.245807,-1.171918,-0.245808,-1.171921,5.955782,641.175187,25,6884.559025,continental
-75.980198,-43.907716,911,201,97.745815,55.597542,8.788285,-18.096125,8.353588,-2.729748,0.310604,-1.158466,-0.310605,-1.158471,11.900176,585.577645,25,6884.559025,continental
-75.884414,-43.412545,911,201,98.107334,55.597542,8.805499,-18.486619,8.351115,-2.792076,0.327262,-1.156092,-0.327263,-1.156096,12.288537,529.980103,25,6884.559025,continental
-75.789649,-42.917345,911,201,97.893938,55.597542,8.822108,-18.302333,8.375822,-2.770417,0.332256,-1.156929,-0.332260,-1.156943,12.675310,474.382561,25,6884.559025,continental
-75.696626,-42.422045,911,201,97.830889,55.597542,8.838116,-18.267917,8.392685,-2.770403,0.340230,-1.156943,-0.340230,-1.156943,13.063755,418.785020,25,6884.559025,continental
-75.599556,-41.927257,911,201,99.137510,55.597542,8.853479,-19.606004,8.340175,-2.970787,0.375772,-1.148338,-0.375773,-1.148342,14.299228,363.187478,25,6884.559025,continental
-75.489415,-41.434094,911,201,100.287875,55.597542,8.868128,-20.795230,8.290416,-3.148444,0.408122,-1.139932,-0.408124,-1.139938,16.121181,307.589936,25,6884.559025,continental
-75.369281,-40.942337,911,201,100.526720,55.597542,8.882092,-21.078721,8.287766,-3.194447,0.422324,-1.137623,-0.422329,-1.137635,20.404671,251.992394,25,6884.559025,continental
-75.247906,-40.450879,911,201,100.706605,55.597542,8.895446,-21.304329,8.287565,-3.231908,0.435320,-1.135692,-0.435321,-1.135695,22.206743,196.394852,25,6884.559025,continental
-75.153075,-39.956219,911,201,97.933945,55.597542,8.908389,-18.564294,8.444859,-2.836151,0.388928,-1.155063,-0.388929,-1.155067,22.922407,140.797310,25,6884.559025,continental
-75.071239,-39.460211,911,201,97.625391,55.597542,8.920800,-18.282312,8.470499,-2.798449,0.391549,-1.156732,-0.391551,-1.156738,23.226013,85.199768,25,6884.559025,continental
-74.875928,-38.989321,911,201,114.680640,28.768170,8.931599,-35.423379,7.278283,-5.176877,0.723345,-0.988561,-0.723346,-0.988562,28.594460,29.602226,25,6884.559025,continental
-76.935289,-51.218619,802,201,72.827456,75.178253,2.013195,28.193930,1.774336,0.951149,-0.331406,-1.132950,0.331408,-1.132956,21.072304,1167.548379,17,1818.896082,oceanic
-77.132216,-50.734639,802,201,77.583163,55.597542,2.031621,23.344087,1.865316,0.805034,-0.231180,-1.155624,0.231181,-1.155627,20.789988,1223.145921,17,1818.896082,oceanic
-77.288131,-50.245408,802,201,83.530457,55.597542,2.050332,17.301210,1.957563,0.609758,-0.104433,-1.172413,0.104433,-1.172416,20.561733,1278.743463,17,1818.896082,oceanic
-77.391369,-49.749903,802,201,83.878469,55.597542,2.069415,16.855564,1.980510,0.600048,-0.090647,-1.172678,0.090648,-1.172681,20.149992,1252.748147,17,1818.896082,oceanic
-77.410144,-49.252358,802,201,95.034214,55.597542,2.088846,5.599274,2.078879,0.203809,0.145859,-1.167163,-0.145860,-1.167172,18.461378,1197.150606,17,1818.896082,oceanic
-77.275502,-48.762146,802,201,104.926410,55.597542,2.108579,-4.397906,2.102370,-0.161691,0.354418,-1.123459,-0.354419,-1.123464,16.280275,1141.553064,17,1818.896082,oceanic
-77.049599,-48.285227,802,201,107.428257,55.597542,2.128077,-7.004750,2.112193,-0.259522,0.414641,-1.105710,-0.414642,-1.105713,11.909262,1085.955522,17,1818.896082,oceanic
-76.808314,-47.812025,802,201,110.181548,55.597542,2.147350,-9.860785,2.115627,-0.367744,0.478887,-1.082838,-0.478889,-1.082842,11.409010,1030.357980,17,1818.896082,continental
-76.550574,-47.343270,802,201,112.220744,55.597542,2.166377,-12.000373,2.119033,-0.450429,0.528829,-1.063109,-0.528831,-1.063112,11.493729,974.760438,17,1818.896082,continental
-76.284386,-46.877452,802,201,108.230251,55.597542,2.185176,-8.107983,2.163333,-0.308195,0.465430,-1.096197,-0.465432,-1.096202,7.149240,919.162896,17,1818.896082,continental
-76.089202,-46.396276,802,201,102.912579,55.597542,2.204069,-2.884795,2.201276,-0.110926,0.372738,-1.134080,-0.372740,-1.134084,3.317643,863.565354,17,1818.896082,continental
-76.119527,-45.900861,802,201,84.049697,67.573513,2.222312,15.896037,2.137332,0.608675,-0.006377,-1.194174,0.006377,-1.194176,1.061713,807.967813,17,1818.896082,continental
-68.029631,-57.342528,802,201,33.386235,60.096024,1.802190,68.436531,0.662362,1.676057,-1.006114,-0.754915,1.006120,-0.754919,11.817397,222.390167,17,1818.896082,oceanic
-68.830650,-57.094907,802,201,19.925733,55.597542,1.808913,81.910208,0.254559,1.790912,-1.152769,-0.487675,1.152769,-0.487675,12.826743,277.987709,17,1818.896082,continental
-69.667608,-56.891213,802,201,26.449315,55.597542,1.813536,75.413435,0.456725,1.755082,-1.089928,-0.601826,1.089929,-0.601826,14.672484,333.585251,17,1818.896082,oceanic
-70.489325,-56.673708,802,201,26.219709,55.597542,1.818786,75.662038,0.450406,1.762134,-1.091895,-0.584292,1.091896,-0.584293,16.134026,389.182793,17,1818.896082,oceanic
-71.302784,-56.452164,802,201,26.099563,55.597542,1.824210,75.796909,0.447588,1.768448,-1.092325,-0.569081,1.092328,-0.569083,17.805077,444.780335,17,1818.896082,oceanic
-72.037258,-56.166518,802,201,44.229115,55.597542,1.832719,57.654822,0.980539,1.548355,-0.862805,-0.870310,0.862806,-0.870311,20.222044,500.377877,17,1818.896082,oceanic
-72.726578,-55.848265,802,201,38.874097,55.597542,1.842792,62.982661,0.837107,1.641687,-0.940298,-0.776701,0.940299,-0.776702,22.640488,555.975419,17,1818.896082,oceanic
-73.406069,-55.526884,802,201,40.348045,55.597542,1.852998,61.478730,0.884779,1.628118,-0.919974,-0.791571,0.919975,-0.791572,22.894308,611.572960,17,1818.896082,oceanic
-74.081625,-55.206771,802,201,42.221629,55.597542,1.863121,59.574166,0.943526,1.606542,-0.893632,-0.812225,0.893633,-0.812226,22.771004,667.170502,17,1818.896082,oceanic
-74.708412,-54.859312,802,201,43.729472,55.597542,1.874589,58.023024,0.992742,1.590140,-0.871434,-0.827685,0.871438,-0.827689,22.730408,722.768044,17,1818.896082,oceanic
-75.305712,-54.498074,802,201,47.971238,55.597542,1.886728,53.731528,1.116131,1.521182,-0.807334,-0.882764,0.807342,-0.882773,22.687773,778.365586,17,1818.896082,oceanic
-75.871895,-54.122721,802,201,49.195439,55.597542,1.899558,52.451869,1.157643,1.506049,-0.787396,-0.893420,0.787396,-0.893420,22.962717,833.963128,17,1818.896082,oceanic
-76.224261,-53.669403,802,201,78.171056,55.597542,1.916636,23.385458,1.759194,0.760741,-0.253876,-1.159966,0.253876,-1.159967,22.837509,889.560670,17,1818.896082,oceanic
-76.375475,-53.177967,802,201,83.215720,55.597542,1.936198,18.228307,1.839035,0.605651,-0.145236,-1.176964,0.145237,-1.176970,22.525887,945.158212,17,1818.896082,oceanic
-76.459932,-52.680617,802,201,84.922392,55.597542,1.956216,16.406268,1.876564,0.552526,-0.103321,-1.180533,0.103321,-1.180538,22.039722,1000.755754,17,1818.896082,oceanic
-76.538422,-52.183020,802,201,87.352031,55.597542,1.976145,13.864002,1.918574,0.473520,-0.046282,-1.183395,0.046282,-1.183396,21.530056,1056.353295,17,1818.896082,continental
-76.681017,-51.692789,802,201,70.763708,36.016831,1.995329,30.348438,1.721907,1.008155,-0.376330,-1.121476,0.376330,-1.121477,21.253725,1111.950837,17,1818.896082,continental
-64.595021,-58.081796,802,201,5.470819,27.798771,-1.786794,96.179248,-0.192329,1.776412,-1.258263,-0.251408,1.258263,-0.251408,15.501757,0.000000,17,1818.896082,oceanic
-65.528732,-58.017700,802,201,22.895789,55.597542,1.785145,78.844387,0.345380,1.751415,-1.126890,-0.599221,1.126896,-0.599224,15.267519,55.597542,17,1818.896082,oceanic
-66.393617,-57.820226,802,201,23.628609,55.597542,1.789529,78.152414,0.367406,1.751407,-1.119760,-0.599213,1.119781,-0.599224,16.750265,111.195084,17,1818.896082,oceanic
-67.233160,-57.599834,802,201,28.272903,51.099060,1.794986,73.537902,0.508665,1.721405,-1.068823,-0.674422,1.068833,-0.674428,12.397170,166.792626,17,1818.896082,oceanic
7.513771,45.107123,701,307,179.758800,27.798771,-0.307866,163.733148,-0.295542,0.086237,1.715880,-1.808187,-1.715881,-1.808187,,3.048600,6,7890.353345,continental
7.825010,45.508315,701,307,315.319805,55.597542,0.297551,30.414691,0.256603,0.150637,0.021887,2.483712,-0.021887,2.483712,,52.548942,6,7890.353345,continental
8.423072,45.623585,701,307,15.179859,55.597542,0.283445,-28.947814,0.248031,-0.137191,-2.151878,1.267586,2.151896,1.267597,,108.146484,6,7890.353345,continental
9.104421,45.477336,701,307,4.799378,55.597542,0.269573,-19.840643,0.253572,-0.091495,-1.906019,1.657573,1.906021,1.657575,,163.744026,6,7890.353345,continental
9.814914,45.437219,701,307,4.248179,55.597542,0.254266,-19.999923,0.238932,-0.086964,-1.907450,1.692806,1.907461,1.692816,,219.341568,6,7890.353345,continental
10.514297,45.499623,701,307,346.766695,55.597542,0.238308,-2.578353,0.238066,-0.010720,-1.323442,2.202406,1.323445,2.202411,,274.939110,6,7890.353345,continental
11.104071,45.767361,701,307,335.508151,55.597542,0.223044,10.339448,0.219422,0.040032,-0.881447,2.420152,0.881455,2.420176,,330.536652,6,7890.353345,continental
11.772003,45.945554,701,307,346.675369,55.597542,0.206880,0.200938,0.206879,0.000726,-1.346715,2.210593,1.346720,2.210601,,386.134193,6,7890.353345,continental
12.440603,46.098663,701,307,320.587399,55.597542,0.190962,27.220906,0.169813,0.087350,-0.244891,2.590914,0.244892,2.590930,,441.731735,6,7890.353345,continental
12.987268,46.190603,701,307,43.825176,55.597542,0.178209,-55.501196,0.100936,-0.146869,-2.614683,0.058850,2.614711,0.058851,,497.329277,6,7890.353345,continental
13.503709,45.842225,701,307,45.173481,55.597542,0.169501,-61.059022,0.082023,-0.148334,-2.647104,0.013818,2.647121,0.013818,,552.926819,6,7890.353345,continental
14.006480,45.486495,701,307,45.533095,55.597542,0.162201,-66.135947,0.065621,-0.148334,-2.678704,0.013818,2.678711,0.013818,,608.524361,6,7890.353345,continental
14.179077,45.010316,701,307,83.538538,55.597542,-0.164750,-109.575807,-0.055200,-0.155227,-2.153221,-1.638093,2.153282,-1.638139,,664.121903,6,7890.353345,continental
14.257983,44.513465,701,307,83.594101,55.597542,-0.170932,-114.770687,-0.071619,-0.155205,-2.184480,-1.638115,2.184512,-1.638139,,622.089236,6,7890.353345,continental
14.515500,44.055107,701,307,63.166476,55.597542,-0.174253,-99.412891,-0.028499,-0.171907,-2.651784,-0.761750,2.651862,-0.761772,,566.491694,6,7890.353345,continental
14.827208,43.608521,701,307,63.382349,55.597542,-0.177668,-104.656987,-0.044956,-0.171886,-2.682710,-0.761771,2.682716,-0.761772,,510.894153,6,7890.353345,continental
15.284345,43.235384,701,307,48.037211,55.597542,-0.178265,-94.265711,-0.013260,-0.177771,-2.819368,-0.009142,2.819370,-0.009142,,455.296611,6,7890.353345,continental
15.914702,43.041332,701,307,22.696826,55.597542,0.173018,-73.493228,0.049159,-0.165887,-2.573144,1.217706,2.573312,1.217786,,399.699069,6,7890.353345,continental
16.543859,42.846679,701,307,23.125463,55.597542,0.169100,-78.833338,0.032749,-0.165899,-2.603412,1.217718,2.603557,1.217786,,344.101527,6,7890.353345,continental
17.183280,42.690966,701,307,4.235511,55.597542,0.165370,-64.958650,0.069996,-0.149825,-2.082679,2.018069,2.082696,2.018085,,288.503985,6,7890.353345,continental
17.847948,42.615334,701,307,25.178019,55.597542,-0.160355,-90.880518,-0.002464,-0.160337,-2.685761,1.153040,2.685779,1.153048,,232.906443,6,7890.353345,continental
18.438801,42.377944,701,307,44.601803,55.597542,-0.162336,-115.646529,-0.070262,-0.146343,-2.943276,0.206543,2.943281,0.206543,,177.308901,6,7890.353345,continental
18.935179,42.039277,701,307,42.036162,55.597542,-0.169525,-117.822318,-0.079123,-0.149928,-2.958487,0.355539,2.958525,0.355544,,121.711359,6,7890.353345,continental
19.288174,41.631739,701,307,70.440130,55.597542,-0.180722,-149.695050,-0.156027,-0.091193,-2.803579,-1.089640,2.803593,-1.089645,,66.113818,6,7890.353345,continental
19.598213,41.190944,701,307,59.718765,38.315047,-0.193733,-141.784665,-0.152214,-0.119847,-2.988192,-0.537173,2.988209,-0.537176,,10.516276,6,7890.353345,continental
126.124190,4.075944,674,645,238.865339,27.798771,5.841173,71.007536,1.900974,5.523188,1.079856,-2.327357,-1.079856,-2.327357,,0.000000,5,573.074945,continental
125.864866,4.503878,674,645,238.845941,55.597542,5.851432,70.717721,1.932274,5.523185,1.084389,-2.327354,-1.084390,-2.327357,,55.597542,5,573.074945,continental
125.472164,4.813395,674,645,217.683464,55.597542,-5.850751,91.543226,-0.157567,5.848629,0.176946,-2.561726,-0.176953,-2.561835,,111.195084,5,573.074945,continental
125.074882,5.118926,674,645,217.649072,55.597542,-5.850073,91.237269,-0.126319,5.848709,0.181422,-2.561806,-0.181424,-2.561835,39.832973,166.792626,5,573.074945,oceanic
124.701362,5.452734,674,645,222.626730,55.597542,5.851672,85.920066,0.416336,5.836843,0.408966,-2.535966,-0.408993,-2.536132,40.791729,222.390167,5,573.074945,oceanic
124.331586,5.791229,674,645,222.590505,55.597542,5.853960,85.615415,0.447540,5.836828,0.413384,-2.535951,-0.413413,-2.536132,41.934601,255.754032,5,573.074945,oceanic
123.961367,6.129483,674,645,222.552061,55.597542,5.856606,85.311191,0.478742,5.837006,0.417801,-2.536130,-0.417801,-2.536132,43.006744,200.156490,5,573.074945,oceanic
123.853492,6.617233,674,645,257.817832,55.597542,5.876229,49.801417,3.792746,4.488334,1.809931,-1.828922,-1.810095,-1.829088,42.708866,144.558948,5,573.074945,oceanic
123.747167,7.105962,674,645,257.805129,55.597542,5.896067,49.573400,3.823442,4.488306,1.814069,-1.828894,-1.814261,-1.829088,38.050770,88.961406,5,573.074945,oceanic
123.640615,7.594667,674,645,257.791497,61.162635,5.916004,49.348919,3.853986,4.488418,1.818208,-1.829006,-1.818289,-1.829088,,33.363864,5,573.074945,continental
123.007942,17.076359,608,737,287.888036,27.798771,0.718022,-62.983524,0.326159,-0.639669,-3.529987,1.100838,3.529987,1.100838,56.240826,0.000000,44,4365.731205,continental
123.090244,17.557066,608,737,259.591871,55.597542,0.712938,-35.215355,0.582464,-0.411117,-2.605489,2.650814,2.605745,2.651069,44.195351,55.597542,44,4365.731205,continental
122.995241,18.048816,608,737,259.562824,55.597542,0.705633,-35.565505,0.573998,-0.410420,-2.626935,2.650117,2.627895,2.651069,40.224819,111.195084,44,4365.731205,continental
122.899705,18.540519,608,737,259.532835,55.597542,0.698275,-35.948106,0.565288,-0.409924,-2.648382,2.649621,2.649845,2.651069,36.259113,166.792626,44,4365.731205,continental
122.803617,19.032174,608,737,259.501891,55.597542,0.690872,-36.364349,0.556334,-0.409631,-2.669829,2.649327,2.671593,2.651069,34.773331,222.390167,44,4365.731205,continental
122.706959,19.523780,608,737,259.469979,55.597542,0.683430,-36.815478,0.547134,-0.409539,-2.691276,2.649236,2.693138,2.651069,34.608986,277.987709,44,4365.731205,continental
122.609712,20.015333,608,737,259.437085,55.597542,0.675958,-37.302790,0.537687,-0.409649,-2.712723,2.649346,2.714477,2.651069,34.672791,333.585251,44,4365.731205,continental
122.511854,20.506833,608,737,259.403197,55.597542,0.668464,-37.827638,0.527993,-0.409961,-2.734169,2.649658,2.735610,2.651069,38.731220,308.811685,44,4365.731205,continental
122.413366,20.998278,608,737,259.368299,55.597542,0.660958,-38.391426,0.518050,-0.410475,-2.755616,2.650172,2.756534,2.651069,40.490021,253.214143,44,4365.731205,oceanic
122.314228,21.489666,608,737,259.332377,55.597542,0.653450,-38.995608,0.507858,-0.411191,-2.777063,2.650888,2.777249,2.651069,42.297794,197.616601,44,4365.731205,oceanic
122.233388,21.983906,608,737,261.909273,55.597542,0.646322,-42.155389,0.479136,-0.433775,-2.915251,2.521640,2.915446,2.521809,44.064381,142.019059,44,4365.731205,oceanic
122.157232,22.478912,608,737,261.880459,55.597542,0.639293,-42.722954,0.469652,-0.433731,-2.935479,2.521597,2.935725,2.521809,45.451485,86.421517,44,4365.731205,oceanic
122.080529,22.973882,608,737,261.850826,58.622746,0.632272,-43.331860,0.459909,-0.433880,-2.955706,2.521745,2.955780,2.521809,,30.823975,44,4365.731205,oceanic
120.967393,23.308052,602,612,101.558378,27.798771,-0.001633,-159.972219,-0.001535,-0.000559,-2.462352,0.893042,2.462352,0.893042,,375.646269,18,1345.115776,continental
120.858705,22.818154,602,612,101.515799,55.597542,-0.001453,-159.920246,-0.001364,-0.000499,-2.462602,0.892904,2.462981,0.893042,,431.243811,18,1345.115776,continental
120.750797,22.328183,602,612,101.474377,55.597542,-0.001228,-159.869871,-0.001153,-0.000423,-2.462851,0.892835,2.463422,0.893042,,486.841352,18,1345.115776,continental
120.643643,21.838141,602,612,101.434092,55.597542,-0.000944,-159.828025,-0.000887,-0.000326,-2.463101,0.892833,2.463676,0.893042,,542.438894,18,1345.115776,continental
120.537222,21.348030,602,612,101.394927,55.597542,-0.000568,-159.801601,-0.000533,-0.000196,-2.463351,0.892900,2.463742,0.893042,,598.036436,18,1345.115776,continental
120.431511,20.857853,602,612,101.356866,55.597542,-0.000029,-159.796561,-0.000027,-0.000010,-2.463600,0.893035,2.463620,0.893042,,653.633978,18,1345.115776,continental
120.411919,20.358480,602,612,91.688328,55.597542,-0.000162,-149.788067,-0.000140,-0.000082,-2.278220,1.293684,2.278496,1.293841,,709.231520,18,1345.115776,continental
120.396256,19.858696,602,612,91.682943,55.597542,-0.000217,-149.713199,-0.000187,-0.000109,-2.277625,1.293617,2.278019,1.293841,,764.829062,18,1345.115776,continental
120.380692,19.358911,602,612,91.677720,55.597542,-0.000176,-149.639756,-0.000152,-0.000089,-2.277030,1.293648,2.277370,1.293841,,820.426604,18,1345.115776,continental
120.365223,18.859125,602,612,91.672656,55.597542,-0.000058,-149.679476,-0.000050,-0.000030,-2.276435,1.293778,2.276547,1.293841,,876.024145,18,1345.115776,continental
120.179911,18.405651,602,612,120.379327,55.597542,-0.000141,-176.741941,-0.000141,-0.000008,-2.617166,0.038781,2.617278,0.038783,,931.621687,18,1345.115776,continental
119.914079,17.974119,602,612,120.296342,64.419135,-0.000280,-177.339164,-0.000280,-0.000013,-2.615968,0.038781,2.616078,0.038783,,987.219229,18,1345.115776,continental
119.649543,17.542227,602,612,120.215658,46.775948,-0.000221,-177.782783,-0.000221,-0.000009,-2.614657,0.038783,2.614678,0.038783,,1042.816771,18,1345.115776,continental
119.494597,17.083394,602,612,88.668627,55.597542,-0.000090,-147.611033,-0.000076,-0.000048,-2.207511,1.398681,2.207643,1.398764,24.181948,1098.414313,18,1345.115776,continental
119.506719,16.583528,602,612,88.672138,55.597542,-0.000211,-147.588682,-0.000179,-0.000113,-2.205525,1.398544,2.205872,1.398764,22.507463,1121.424318,18,1345.115776,continental
119.518777,16.083662,602,612,88.675529,55.597542,-0.000232,-147.596311,-0.000196,-0.000124,-2.203539,1.398514,2.203934,1.398764,20.689335,1065.826776,18,1345.115776,continental
119.530775,15.583795,602,612,88.678803,55.597542,-0.000166,-147.622849,-0.000140,-0.000089,-2.201553,1.398590,2.201828,1.398764,17.043737,1010.229234,18,1345.115776,continental
119.547179,15.084594,602,612,73.750426,55.597542,0.001580,34.742747,0.001298,0.000900,-1.764826,1.918332,1.764832,1.918338,17.557484,954.631692,18,1345.115776,continental
119.691760,14.604522,602,612,73.787468,55.597542,0.056855,34.752195,0.046714,0.032409,-1.762307,1.918228,1.762408,1.918338,19.484369,899.034150,18,1345.115776,continental
119.835710,14.124362,602,612,73.823181,55.597542,0.099381,34.694410,0.081711,0.056568,-1.759788,1.918270,1.759851,1.918338,22.203547,843.436609,18,1345.115776,continental
120.117828,13.733090,602,612,39.302047,65.724484,0.748669,69.352647,0.263992,0.700581,-0.357321,2.577579,0.357326,2.577615,24.864962,787.839067,18,1345.115776,continental
120.515589,13.416069,602,612,39.395407,45.470599,0.405270,69.538545,0.141673,0.379701,-0.354609,2.577594,0.354612,2.577615,27.568310,732.241525,18,1345.115776,continental
120.927972,13.120197,602,612,30.578967,55.597542,0.010126,82.836985,0.001263,0.010047,0.051659,2.601122,-0.051659,2.601154,,676.643983,18,1345.115776,continental
121.354616,12.853742,602,612,71.551989,55.597542,0.020952,48.692811,0.013830,0.015739,-1.661121,2.002274,1.661125,2.002279,,621.046441,18,1345.115776,continental
121.516603,12.379388,602,612,71.587371,38.573542,0.401771,48.764612,0.264829,0.302135,-1.658302,2.002264,1.658315,2.002279,,565.448899,18,1345.115776,continental
121.678001,11.904937,677,612,71.621320,72.621542,0.918175,50.871330,0.579427,0.712257,-1.655360,2.002257,1.655378,2.002279,25.872873,509.851357,19,177.469960,continental
121.838838,11.430395,677,612,71.653847,55.597542,0.884285,53.659671,0.524010,0.712302,-1.652260,2.002212,1.652315,2.002279,15.780693,454.253816,19,177.469960,continental
121.999136,10.955766,677,612,71.684963,49.250877,0.852548,56.665314,0.468500,0.712283,-1.649087,2.002231,1.649127,2.002279,,398.656274,19,177.469960,continental
122.114492,10.472450,646,612,86.002486,61.944207,2.117999,41.959462,1.574982,1.416104,-2.089188,1.533545,2.089232,1.533577,,343.058732,37,809.046920,continental
122.149883,9.973664,646,612,86.008767,55.597542,2.068126,43.214592,1.507238,1.416114,-2.085707,1.533536,2.085763,1.533577,6.067217,287.461190,37,809.046920,continental
122.281435,9.501980,646,612,62.121948,55.597542,2.030393,68.651052,0.739159,1.891069,-1.281760,2.246484,1.281795,2.246546,9.748010,231.863648,37,809.046920,continental
122.518182,9.059929,646,612,62.160130,55.597542,2.006665,70.457816,0.671231,1.891072,-1.278032,2.246481,1.278069,2.246546,16.025240,176.266106,37,809.046920,continental
122.815728,8.662918,646,612,44.453145,70.485291,-1.995091,90.105362,-0.003669,1.995088,-0.528486,2.528636,0.528494,2.528672,,120.668564,37,809.046920,continental
123.176427,8.312588,645,612,44.506384,40.709793,0.001209,-44.846235,0.000858,-0.000853,-0.524627,2.528658,0.524630,2.528672,,65.071022,20,77.982044,continental
123.527067,7.953101,645,612,48.543872,37.272252,0.001259,-47.031839,0.000858,-0.000921,-0.695315,2.486230,0.695316,2.486236,,9.473481,20,77.982044,continental
149.319783,-0.738378,847,689,81.480871,27.798771,-9.778645,146.171532,-8.123198,5.443854,-1.643871,-7.798190,1.643871,-7.798190,,0.000000,21,27.798771,continental
149.245714,-0.243894,653,689,81.481506,55.597542,0.000412,-79.408333,0.000076,-0.000405,-1.478211,-7.797785,1.478286,-7.798190,36.782009,55.597542,22,694.233194,oceanic
149.171649,0.250590,653,689,81.481502,55.597542,0.000219,-79.800877,0.000039,-0.000216,-1.312550,-7.797974,1.312589,-7.798190,35.988701,111.195084,22,694.233194,oceanic
149.020025,0.723139,653,689,66.932954,55.597542,0.000285,-67.356472,0.000110,-0.000263,-3.065225,-7.233369,3.065335,-7.233632,35.447964,166.792626,22,694.233194,oceanic
148.824081,1.183158,653,689,66.929694,55.597542,0.000244,-67.730895,0.000092,-0.000226,-2.899192,-7.233406,2.899285,-7.233632,34.770565,222.390167,22,694.233194,oceanic
148.719209,1.663039,653,689,88.458934,55.597542,-0.000476,-91.986523,-0.000016,-0.000475,0.118312,-7.761886,-0.118328,-7.762361,33.814842,277.987709,22,694.233194,oceanic
148.705753,2.162858,653,689,88.458485,55.597542,-0.000985,-92.394975,-0.000041,-0.000985,0.284549,-7.761376,-0.284591,-7.762361,33.023880,333.585251,22,694.233194,oceanic
148.692288,2.662677,653,689,88.457918,55.597542,-0.000904,-92.803164,-0.000044,-0.000903,0.450787,-7.761458,-0.450831,-7.762361,29.995852,332.849172,22,694.233194,oceanic
148.678812,3.162496,653,689,88.457233,55.597542,-0.000230,-93.211043,-0.000013,-0.000230,0.617025,-7.762131,-0.617038,-7.762361,28.884085,277.251630,22,694.233194,oceanic
148.571792,3.648338,653,689,74.511742,55.597542,0.000915,-83.120038,0.000110,-0.000908,-1.105778,-7.690403,1.105888,-7.691311,32.997513,221.654088,22,694.233194,oceanic
148.437925,4.130170,653,689,74.502662,55.597542,0.001565,-83.527499,0.000176,-0.001555,-0.939428,-7.689756,0.939604,-7.691311,50.978531,166.056546,22,694.233194,oceanic
148.303896,4.611980,653,689,74.492447,55.597542,0.001625,-83.935673,0.000172,-0.001616,-0.773077,-7.689695,0.773249,-7.691311,33.569122,110.459004,22,694.233194,oceanic
148.169685,5.093764,653,689,74.481093,82.660233,0.001097,-84.344517,0.000108,-0.001092,-0.606727,-7.690219,0.606835,-7.691311,37.784477,54.861462,22,694.233194,oceanic
-80.952747,6.880967,911,2015,357.963802,27.798771,6.128192,84.303309,0.608298,6.097927,-1.489814,0.248809,1.489814,0.248809,10.938343,0.000000,25,6884.559025,continental
-80.449418,6.898469,911,2015,358.024181,55.597542,6.144056,82.974616,0.751474,6.097927,-1.399317,0.248809,1.399319,0.248809,12.005530,55.597542,25,6884.559025,continental
-79.948246,6.947858,911,2015,354.232135,55.597542,6.153964,85.496523,0.483207,6.134964,-1.288829,0.342055,1.288845,0.342060,12.160917,111.195084,25,6884.559025,continental
-79.449382,7.015996,911,2015,351.134600,55.597542,6.161632,87.325418,0.287522,6.154920,-1.177363,0.410858,1.177390,0.410868,11.989745,75.874064,25,6884.559025,continental
-78.953098,7.099433,911,2015,342.699379,48.075293,-6.168002,94.494582,-0.483354,6.149034,-1.013881,0.568132,1.013882,0.568132,11.942513,20.276522,25,6884.559025,continental
103.466275,-8.754929,801,736,9.831088,27.798771,6.935163,6.706307,6.887711,0.809889,0.858035,2.232892,-0.858035,2.232892,98.313416,0.000000,23,3455.128780,oceanic
103.964628,-8.841169,801,736,11.483041,55.597542,6.942091,4.971628,6.915973,0.601618,0.780951,2.257484,-0.780954,2.257494,100.271805,55.597542,23,3455.128780,oceanic
104.460646,-8.940381,801,736,11.406380,50.212452,6.948510,4.967253,6.922414,0.601646,0.771525,2.257456,-0.771537,2.257494,101.183823,111.195084,23,3455.128780,oceanic
104.958427,-9.028503,801,736,4.770409,60.982632,6.954390,11.520422,6.814284,1.388911,1.014871,2.155429,-1.014897,2.155485,102.256462,166.792626,23,3455.128780,oceanic
105.463004,-9.069740,801,736,4.691048,55.597542,6.959630,11.513373,6.819589,1.389119,1.005227,2.155221,-1.005350,2.155485,103.448380,222.390167,23,3455.128780,oceanic
105.967695,-9.110285,801,736,4.611313,55.597542,6.964403,11.505737,6.824452,1.389162,0.995584,2.155178,-0.995726,2.155485,105.026642,277.987709,23,3455.128780,oceanic
106.472501,-9.150135,801,736,4.531211,55.597542,6.968709,11.497517,6.828870,1.389041,0.985941,2.155299,-0.986027,2.155485,107.350021,333.585251,23,3455.128780,continental
106.976705,-9.196184,801,736,7.207482,55.597542,6.972526,8.733525,6.891681,1.058703,0.871447,2.200059,-0.871454,2.200078,,389.182793,23,3455.128780,continental
107.479302,-9.258567,801,736,7.126889,55.597542,6.975805,8.729415,6.894998,1.058706,0.861603,2.200056,-0.861612,2.200078,,444.780335,23,3455.128780,continental
107.982076,-9.320249,801,736,7.045730,55.597542,6.978569,8.725852,6.897796,1.058696,0.851699,2.200066,-0.851704,2.200078,,500.377877,23,3455.128780,continental
108.485027,-9.381227,801,736,6.964011,55.597542,6.980798,8.723522,6.900042,1.058754,0.841704,2.200008,-0.841731,2.200078,,546.275981,23,3455.128780,continental
108.988331,-9.439208,801,736,1.870870,55.597542,6.982534,13.731582,6.782962,1.657469,1.020674,2.118975,-1.020677,2.118980,,490.678439,23,3455.128780,continental
109.494948,-9.455169,801,736,1.787715,55.597542,6.983719,13.729297,6.784179,1.657480,1.010561,2.118964,-1.010568,2.118980,,435.080897,23,3455.128780,continental
110.001610,-9.470404,801,736,1.704415,55.597542,6.984407,13.727828,6.784890,1.657469,1.000381,2.118975,-1.000383,2.118980,,379.483355,23,3455.128780,continental
110.508316,-9.484912,801,736,1.620979,55.597542,6.984590,13.727470,6.785078,1.657471,0.990119,2.118974,-0.990121,2.118980,,323.885813,23,3455.128780,continental
111.015064,-9.498692,801,736,1.537412,55.597542,6.984270,13.728157,6.784748,1.657476,0.979779,2.118968,-0.979784,2.118980,,268.288271,23,3455.128780,continental
111.521851,-9.511742,801,736,1.453722,55.597542,6.983449,13.729843,6.783901,1.657481,0.969365,2.118964,-0.969373,2.118980,,212.690730,23,3455.128780,continental
112.028628,-9.505005,801,736,358.343083,55.597542,6.982145,16.759738,6.685560,2.013364,1.069426,2.064983,-1.069429,2.064990,,157.093188,23,3455.128780,continental
112.535354,-9.490183,801,736,358.259470,55.597542,6.980355,16.764200,6.683689,2.013369,1.058855,2.064979,-1.058861,2.064990,,101.495646,23,3455.128780,continental
113.042036,-9.474632,801,736,358.175996,73.696875,6.978079,16.769820,6.681312,2.013368,1.048206,2.064980,-1.048211,2.064990,,45.898104,23,3455.128780,continental
113.460287,-9.461246,801,651,5.734619,27.798771,7.107962,8.324030,7.033081,1.029028,0.902046,2.264685,-0.902046,2.264685,,0.000000,23,3455.128780,continental
113.964719,-9.510846,801,651,5.651484,55.597542,7.070972,8.369177,6.995672,1.029186,0.857167,2.264527,-0.857226,2.264685,,55.597542,23,3455.128780,continental
114.469296,-9.559722,801,651,5.567898,55.597542,7.033499,8.413967,6.957796,1.029171,0.812289,2.264542,-0.812341,2.264685,,111.195084,23,3455.128780,continental
114.974212,-9.593754,801,651,356.081186,55.597542,6.995766,17.871074,6.658216,2.146834,1.126915,2.107518,-1.126965,2.107621,,166.792626,23,3455.128780,continental
115.480067,-9.559216,801,651,355.997030,55.597542,6.958656,17.974024,6.619049,2.147342,1.081651,2.107009,-1.081942,2.107621,,222.390167,23,3455.128780,continental
115.985818,-9.523947,801,651,355.913194,55.597542,6.921118,18.077898,6.579460,2.147690,1.036387,2.106661,-1.036836,2.107621,,277.987709,23,3455.128780,continental
116.491464,-9.487949,801,651,355.829686,55.597542,6.883152,18.182733,6.539449,2.147878,0.991122,2.106473,-0.991651,2.107621,,333.585251,23,3455.128780,continental
116.997003,-9.451226,801,651,355.746512,55.597542,6.844757,18.288564,6.499016,2.147905,0.945858,2.106446,-0.946391,2.107621,,389.182793,23,3455.128780,continental
117.502432,-9.413781,801,651,355.663679,55.597542,6.805935,18.395430,6.458160,2.147772,0.900594,2.106580,-0.901059,2.107621,,444.780335,23,3455.128780,continental
118.007752,-9.375617,801,651,355.581193,55.597542,6.766684,18.503370,6.416880,2.147478,0.855329,2.106874,-0.855658,2.107621,,500.377877,23,3455.128780,continental
118.512959,-9.336736,801,651,355.499060,55.597542,6.727004,18.612426,6.375177,2.147023,0.810065,2.107328,-0.810192,2.107621,,555.975419,23,3455.128780,continental
119.018842,-9.315358,801,651,359.679235,55.597542,6.686428,14.452395,6.474838,1.668769,0.605806,2.160099,-0.605852,2.160282,,611.572960,23,3455.128780,continental
119.525512,-9.312201,801,651,359.597234,55.597542,6.644915,14.546895,6.431895,1.669019,0.560172,2.159849,-0.560278,2.160282,,667.170502,23,3455.128780,continental
120.032171,-9.308329,801,651,359.515266,55.597542,6.602946,14.642182,6.388504,1.669104,0.514537,2.159764,-0.514661,2.160282,,722.768044,23,3455.128780,continental
120.538818,-9.303741,801,651,359.433337,55.597542,6.560521,14.738293,6.344666,1.669025,0.468903,2.159843,-0.469005,2.160282,,778.365586,23,3455.128780,continental
121.045451,-9.298439,801,651,359.351453,57.210241,6.517640,14.835263,6.300381,1.668781,0.423269,2.160086,-0.423313,2.160282,,833.963128,23,3455.128780,continental
121.552067,-9.292422,801,651,359.269621,53.984843,6.474319,14.935609,6.255592,1.668648,0.377579,2.160220,-0.377589,2.160282,,889.560670,23,3455.128780,continental
122.058665,-9.285692,801,651,359.187848,55.597542,6.430563,15.039725,6.210291,1.668658,0.331825,2.160209,-0.331836,2.160282,,945.158212,23,3455.128780,continental
122.559348,-9.233239,801,651,346.162203,55.597542,6.387933,28.127024,5.633548,3.011450,0.762192,2.036987,-0.762253,2.037169,,1000.755754,23,3455.128780,continental
123.051043,-9.113319,801,651,346.083816,55.597542,6.347288,28.326846,5.587233,3.011793,0.716249,2.036645,-0.716420,2.037169,,1056.353295,23,3455.128780,continental
123.542406,-8.992740,801,651,346.006500,55.597542,6.306320,28.529612,5.540546,3.011980,0.670306,2.036457,-0.670533,2.037169,,1111.950837,23,3455.128780,continental
124.033442,-8.871511,801,651,345.930260,55.597542,6.265033,28.735414,5.493489,3.012012,0.624364,2.036425,-0.624595,2.037169,,1167.548379,23,3455.128780,continental
124.524153,-8.749640,801,651,345.855098,55.597542,6.223428,28.944346,5.446061,3.011889,0.578421,2.036548,-0.578609,2.037169,,1129.731459,23,3455.128780,continental
125.014542,-8.627139,801,651,345.781019,55.597542,6.181508,29.156506,5.398263,3.011611,0.532478,2.036826,-0.532580,2.037169,,1074.133918,23,3455.128780,continental
125.505609,-8.508322,801,651,348.497997,55.597542,6.139127,26.580071,5.490282,2.746940,0.386745,2.058745,-0.386758,2.058843,,1018.536376,23,3455.128780,continental
126.000891,-8.408309,801,651,348.425146,55.597542,6.095753,26.788942,5.441513,2.747388,0.340585,2.058297,-0.340656,2.058843,,962.938834,23,3455.128780,continental
126.495917,-8.307677,801,651,348.353189,55.597542,6.052044,27.001152,5.392356,2.747679,0.294425,2.058006,-0.294528,2.058843,,907.341292,23,3455.128780,continental
126.990689,-8.206433,801,651,348.282132,55.597542,6.008003,27.216810,5.342810,2.747813,0.248266,2.057872,-0.248378,2.058843,,851.743750,23,3455.128780,continental
127.485207,-8.104586,801,651,348.211979,55.597542,5.963631,27.436031,5.292876,2.747791,0.202106,2.057895,-0.202208,2.058843,,796.146208,23,3455.128780,continental
127.979475,-8.002144,801,651,348.142734,55.597542,5.918931,27.658932,5.242555,2.747611,0.155946,2.058074,-0.156023,2.058843,,740.548666,23,3455.128780,continental
128.473494,-7.899115,801,651,348.074401,55.597542,5.873907,27.885638,5.191846,2.747275,0.109786,2.058410,-0.109827,2.058843,,684.951125,23,3455.128780,continental
128.966323,-7.791779,801,651,343.880698,34.669426,5.828784,32.246597,4.929749,3.110031,0.211592,2.048572,-0.211593,2.048573,,629.353583,23,3455.128780,continental
129.450982,-7.652686,801,651,343.815574,76.525658,5.785342,32.520114,4.878216,3.110175,0.165365,2.048428,-0.165376,2.048573,,573.756041,23,3455.128780,continental
129.935325,-7.513052,801,651,343.751659,55.597542,5.741663,32.798669,4.826322,3.110194,0.119136,2.048409,-0.119146,2.048573,,518.158499,23,3455.128780,continental
130.419355,-7.372888,801,651,343.688958,55.597542,5.697735,33.082141,4.774069,3.110057,0.072906,2.048547,-0.072908,2.048573,,462.560957,23,3455.128780,continental
130.814480,-7.069981,801,651,319.465483,55.597542,5.667661,57.685146,3.029770,4.789872,0.859574,1.841208,-0.859628,1.841324,,406.963415,23,3455.128780,continental
131.197134,-6.744874,801,651,319.419462,55.597542,5.639609,58.138549,2.976964,4.789873,0.813242,1.841207,-0.813294,1.841324,,351.365873,23,3455.128780,continental
131.573843,-6.413972,801,651,311.690503,55.597542,5.612460,66.287143,2.257069,5.138614,1.006210,1.721487,-1.006220,1.721504,,295.768332,23,3455.128780,continental
131.908251,-6.040491,801,651,311.654229,55.597542,5.591317,66.787169,2.203805,5.138684,0.959706,1.721417,-0.959754,1.721504,,240.170790,23,3455.128780,continental
132.242198,-5.666807,801,651,311.620170,55.597542,5.570446,67.291331,2.150446,5.138623,0.913202,1.721478,-0.913216,1.721504,,184.573248,23,3455.128780,continental
132.343207,-5.192056,801,651,275.495627,55.597542,-5.577029,103.936198,-1.343179,5.412867,1.707301,0.857465,-1.707422,0.857527,,128.975706,23,3455.128780,continental
132.391252,-4.694352,801,651,275.491487,55.597542,-5.590147,104.467403,-1.396582,5.412883,1.660512,0.857449,-1.660664,0.857527,,73.378164,23,3455.128780,continental
132.439229,-4.196646,801,651,275.487768,45.579393,-5.603620,104.993949,-1.449752,5.412834,1.613723,0.857497,-1.613780,0.857527,,17.780622,23,3455.128780,continental
-96.178331,15.203067,909,2000,28.227326,27.798771,6.995809,9.085275,6.908043,1.104668,0.656013,-0.660302,-0.656013,-0.660302,15.294408,0.000000,24,1695.087148,continental
-95.722325,14.966124,909,2000,28.346000,55.597542,7.064946,8.995222,6.978057,1.104619,0.581865,-0.660253,-0.581906,-0.660302,21.548597,55.597542,24,1695.087148,continental
-95.267328,14.728277,909,2000,28.462591,55.597542,7.133626,8.907920,7.047584,1.104620,0.507716,-0.660254,-0.507754,-0.660302,23.074989,111.195084,24,1695.087148,oceanic
-94.812947,14.490243,909,2000,26.573792,55.597542,7.201813,10.825756,7.073641,1.352665,0.410211,-0.675164,-0.410214,-0.675172,24.273140,166.792626,24,1695.087148,oceanic
-94.351539,14.266120,909,2000,26.688370,55.597542,7.268977,10.723299,7.142041,1.352511,0.335940,-0.675010,-0.335991,-0.675172,24.452589,222.390167,24,1695.087148,oceanic
-93.891050,14.041111,909,2000,26.800971,55.597542,7.335665,10.623858,7.209922,1.352408,0.261670,-0.674907,-0.261743,-0.675172,24.633841,277.987709,24,1695.087148,oceanic
-93.431467,13.815233,909,2000,26.911596,55.597542,7.401863,10.527350,7.277273,1.352356,0.187399,-0.674855,-0.187475,-0.675172,24.817062,333.585251,24,1695.087148,oceanic
-92.972775,13.588501,909,2000,27.020247,55.597542,7.467560,10.433690,7.344085,1.352356,0.113128,-0.674855,-0.113193,-0.675172,25.002150,389.182793,24,1695.087148,oceanic
-92.514962,13.360933,909,2000,27.126925,55.597542,7.532745,10.342802,7.410347,1.352408,0.038858,-0.674907,-0.038902,-0.675172,24.629395,444.780335,24,1695.087148,oceanic
-92.058013,13.132543,909,2000,27.231634,55.597542,7.597404,10.254608,7.476046,1.352510,-0.035413,-0.675009,0.035391,-0.675172,23.704088,500.377877,24,1695.087148,oceanic
-91.601914,12.903349,909,2000,27.334373,55.597542,7.661528,10.169036,7.541174,1.352664,-0.109683,-0.675164,0.109683,-0.675172,23.967838,555.975419,24,1695.087148,oceanic
-91.133588,12.699893,909,2000,23.892516,55.597542,7.724302,13.601855,7.507662,1.816552,-0.225457,-0.666775,0.225502,-0.666873,24.385723,611.572960,24,1695.087148,oceanic
-90.665341,12.496974,909,2000,23.994649,55.597542,7.786504,13.490728,7.571656,1.816498,-0.299691,-0.666721,0.299766,-0.666873,24.754463,667.170502,24,1695.087148,oceanic
-90.197830,12.293247,909,2000,24.095002,55.597542,7.848163,13.382736,7.635052,1.816495,-0.373925,-0.666718,0.374007,-0.666873,24.136564,722.768044,24,1695.087148,oceanic
-89.731045,12.088728,909,2000,24.193575,55.597542,7.909268,13.277801,7.697837,1.816543,-0.448159,-0.666766,0.448220,-0.666873,24.170218,778.365586,24,1695.087148,oceanic
-89.264974,11.883431,909,2000,24.290366,55.597542,7.969807,13.175847,7.760002,1.816641,-0.522393,-0.666864,0.522399,-0.666873,22.763350,833.963128,24,1695.087148,oceanic
-88.869539,11.569043,909,2000,40.226228,55.597542,8.031296,-2.668102,8.022589,-0.373859,-0.394229,-0.785582,0.394272,-0.785660,22.503399,889.560670,24,1695.087148,oceanic
-88.480317,11.245882,909,2000,40.303210,55.597542,8.092261,-2.648168,8.083619,-0.373885,-0.468327,-0.785557,0.468388,-0.785660,22.380236,945.158212,24,1695.087148,oceanic
-88.091968,10.922216,909,2000,40.377871,55.597542,8.152573,-2.628322,8.143997,-0.373851,-0.542425,-0.785591,0.542468,-0.785660,22.312281,912.082388,24,1695.087148,oceanic
-87.695494,10.609964,909,2000,32.614925,55.597542,8.212230,5.215720,8.178227,0.746539,-0.717995,-0.696420,0.718026,-0.696446,22.512480,856.484847,24,1695.087148,oceanic
-87.267387,10.340182,909,2000,32.692759,55.597542,8.271240,5.177790,8.237489,0.746451,-0.791872,-0.696331,0.792012,-0.696446,22.755978,800.887305,24,1695.087148,oceanic
-86.840015,10.069836,909,2000,32.768477,55.597542,8.329574,5.141184,8.296063,0.746415,-0.865748,-0.696295,0.865938,-0.696446,22.999453,745.289763,24,1695.087148,oceanic
-86.413360,9.798942,909,2000,32.842084,55.597542,8.387221,5.105872,8.353940,0.746432,-0.939625,-0.696313,0.939797,-0.696446,23.222168,689.692221,24,1695.087148,oceanic
-85.987402,9.527516,909,2000,32.913585,55.597542,8.444171,5.071825,8.411109,0.746503,-1.013502,-0.696383,1.013586,-0.696446,22.732542,634.094679,24,1695.087148,continental
-85.558444,9.261361,909,2000,31.185018,55.597542,8.500536,6.831376,8.440187,1.011119,-1.108500,-0.662913,1.108635,-0.662984,20.345852,578.497137,24,1695.087148,continental
-85.125361,9.002202,909,2000,31.253751,55.597542,8.556348,6.785746,8.496410,1.010992,-1.181877,-0.662785,1.182262,-0.662984,18.885170,522.899595,24,1695.087148,continental
-84.692899,8.742537,909,2000,31.320452,55.597542,8.611439,6.741616,8.551896,1.010915,-1.255255,-0.662708,1.255798,-0.662984,17.243332,467.302054,24,1695.087148,continental
-84.261040,8.482383,909,2000,31.385124,55.597542,8.665799,6.698955,8.606636,1.010888,-1.328632,-0.662681,1.329239,-0.662984,16.152136,411.704512,24,1695.087148,continental
-83.829766,8.221754,909,2000,31.447769,55.597542,8.719419,6.657731,8.660619,1.010912,-1.402010,-0.662705,1.402579,-0.662984,15.057804,356.106970,24,1695.087148,continental
-83.399058,7.960667,909,2000,31.508391,55.597542,8.772287,6.617916,8.713835,1.010986,-1.475387,-0.662780,1.475812,-0.662984,14.308078,300.509428,24,1695.087148,continental
-82.968900,7.699136,909,2000,31.566993,54.959663,8.824395,6.579480,8.766276,1.011111,-1.548765,-0.662905,1.548933,-0.662984,13.598599,244.911886,24,1695.087148,continental
-82.539273,7.437177,911,2000,31.623578,56.235421,5.932122,54.052052,3.482453,4.802354,-1.621930,-0.662982,1.621935,-0.662984,12.746783,189.314344,25,6884.559025,oceanic
-82.092150,7.206856,911,2000,26.596701,55.597542,5.922033,59.294024,3.023983,5.091759,-1.747120,-0.515532,1.747132,-0.515535,9.935626,133.716802,25,6884.559025,oceanic
-81.637590,6.991201,911,2000,25.286073,55.597542,5.912438,60.824638,2.882220,5.162338,-1.831646,-0.473335,1.831672,-0.473341,9.887655,78.119261,25,6884.559025,oceanic
-81.156714,6.885228,911,2000,1.193203,50.320490,5.907050,85.154406,0.498973,5.885938,-1.934610,0.331478,1.934625,0.331481,10.692612,22.521719,25,6884.559025,oceanic
-79.830024,8.774006,224,2031,59.337928,27.798771,1.161744,61.986023,0.545656,1.025626,-1.425451,-1.051247,1.425451,-1.051247,,0.000000,26,214.322540,continental
-79.572312,8.343825,224,2031,59.376283,55.597542,1.271755,53.750775,0.751987,1.025610,-1.282219,-1.051231,1.282239,-1.051247,,55.597542,26,214.322540,continental
-79.298614,7.923901,224,2031,55.697342,55.597542,1.397582,50.445483,0.889997,1.077562,-1.204480,-0.969595,1.204512,-0.969622,,111.195084,26,214.322540,continental
-79.014395,7.510770,224,2031,55.735509,75.328685,1.537124,44.510021,1.096166,1.077576,-1.061095,-0.969609,1.061110,-0.969622,10.315331,166.792626,26,214.322540,continental
-78.737819,7.092773,911,2031,57.012510,35.866399,6.164089,21.727205,5.726173,2.281871,-0.896368,-0.991707,0.896371,-0.991710,11.855349,222.390167,25,6884.559025,continental
-78.457574,6.677397,911,2031,55.356956,55.597542,6.344997,22.738741,5.851845,2.452530,-0.781675,-0.966949,0.781693,-0.966973,11.256805,241.594974,25,6884.559025,continental
-78.171637,6.265962,911,2031,55.389185,55.597542,6.525275,22.076974,6.046841,2.452537,-0.638070,-0.966956,0.638083,-0.966973,9.635639,185.997432,25,6884.559025,continental
-78.007143,5.801896,911,2031,77.470086,55.597542,6.715365,-0.182786,6.715331,-0.021423,-0.087775,-1.118877,0.087777,-1.118914,8.200935,130.399890,25,6884.559025,continental
-77.898201,5.313795,911,2031,77.480637,55.597542,6.909386,-0.177507,6.909352,-0.021406,0.055884,-1.118895,-0.055883,-1.118914,9.314427,74.802348,25,6884.559025,continental
-77.965951,4.830163,911,2031,105.433343,47.003578,7.086560,-27.597402,6.280284,-3.282891,0.713028,-0.943818,-0.713035,-0.943827,10.132481,19.204807,25,6884.559025,continental
-61.238082,19.583622,101,2011,224.489682,27.798771,1.447007,41.581113,1.082385,0.960349,1.202681,0.461330,-1.202681,0.461330,85.387009,0.000000,27,427.866837,oceanic
-60.860311,19.232840,101,2011,224.615215,55.597542,1.446680,41.596721,1.081880,0.960427,1.216636,0.461251,-1.216846,0.461330,83.491234,55.597542,27,427.866837,oceanic
-60.484153,18.881286,101,2011,224.738036,55.597542,1.446339,41.611026,1.081384,0.960470,1.230592,0.461208,-1.230918,0.461330,81.598236,111.195084,27,427.866837,oceanic
-60.109571,18.528980,101,2011,224.858164,55.597542,1.445982,41.623997,1.080901,0.960478,1.244548,0.461200,-1.244896,0.461330,79.713600,166.792626,27,427.866837,oceanic
-59.736532,18.175938,101,2011,224.975621,55.597542,1.445612,41.635607,1.080429,0.960451,1.258503,0.461227,-1.258780,0.461330,77.854919,222.390167,27,427.866837,oceanic
-59.365001,17.822180,101,2011,225.090425,55.597542,1.445228,41.645824,1.079971,0.960389,1.272459,0.461289,-1.272568,0.461330,76.022316,277.987709,27,427.866837,oceanic
-59.079762,17.412324,101,2011,246.006087,55.597542,1.444654,20.828153,1.350248,0.513670,1.038606,0.885883,-1.038642,0.885914,73.975075,333.585251,27,427.866837,oceanic
-58.867205,16.955418,101,2011,246.068886,66.482815,1.443892,20.839886,1.349430,0.513675,1.052212,0.885877,-1.052255,0.885914,73.121758,389.182793,27,427.866837,oceanic
-58.655679,16.498293,201,2011,246.129765,44.712269,1.384893,26.375800,1.240725,0.615248,1.065770,0.885899,-1.065788,0.885914,75.984520,444.780335,28,703.251106,oceanic
-58.445151,16.040956,201,2011,246.188747,55.597542,1.397272,26.124554,1.254525,0.615252,1.079216,0.885895,-1.079239,0.885914,78.775101,500.377877,28,703.251106,oceanic
-58.178971,15.614911,201,2011,233.733654,55.597542,1.408668,38.348210,1.104755,0.873993,1.258892,0.629472,-1.258940,0.629496,77.215988,555.975419,28,703.251106,oceanic
-57.872465,15.211562,201,2011,233.815118,55.597542,1.419376,38.007206,1.118374,0.873996,1.272158,0.629469,-1.272212,0.629496,75.231438,519.544982,28,703.251106,oceanic
-57.626522,14.782719,201,2011,258.917781,55.597542,1.430791,12.695490,1.395811,0.314444,0.898488,1.112704,-0.898523,1.112747,81.148262,463.947440,28,703.251106,oceanic
-57.527344,14.292022,201,2011,258.942676,55.597542,1.443850,12.582565,1.409173,0.314537,0.911512,1.112611,-0.911624,1.112747,82.519150,408.349898,28,703.251106,oceanic
-57.428599,13.801284,201,2011,258.966643,55.597542,1.456859,12.468733,1.422497,0.314546,0.924536,1.112602,-0.924656,1.112747,82.706902,352.752357,28,703.251106,oceanic
-57.330269,13.310507,201,2011,258.989691,55.597542,1.469818,12.354006,1.435783,0.314469,0.937560,1.112679,-0.937617,1.112747,82.662659,297.154815,28,703.251106,oceanic
-57.330940,12.819377,201,2011,280.612300,55.597542,1.482692,-9.279644,1.463288,-0.239089,0.474022,1.382178,-0.474053,1.382266,96.953987,241.557273,28,703.251106,oceanic
-57.425193,12.327912,201,2011,280.591782,55.597542,1.495479,-9.196059,1.476258,-0.238997,0.486843,1.382087,-0.486907,1.382266,114.406441,185.959731,28,703.251106,oceanic
-57.519094,11.836415,201,2011,280.572127,55.597542,1.508211,-9.118294,1.489152,-0.239011,0.499665,1.382100,-0.499724,1.382266,130.734177,130.362189,28,703.251106,oceanic
-57.612657,11.344888,201,2011,280.553328,55.597542,1.520888,-9.046193,1.501971,-0.239130,0.512486,1.382219,-0.512502,1.382266,144.483780,74.764647,28,703.251106,oceanic
-57.739882,10.861128,201,2011,285.764011,46.965876,1.533237,-14.176340,1.486545,-0.375501,0.396967,1.423538,-0.396971,1.423553,145.718750,19.167105,28,703.251106,oceanic
102.873901,-7.574421,511,686,39.596934,42.365149,6.200495,-11.728880,6.071032,-1.260442,-0.564215,1.048905,0.564234,1.048943,75.495789,251.319190,40,2565.897814,continental
103.262858,-7.892937,511,686,39.544592,55.597542,6.238198,-11.656119,6.109553,-1.260349,-0.537684,1.048812,0.537750,1.048943,82.416245,195.721648,40,2565.897814,oceanic
103.652414,-8.211094,511,686,39.490026,55.597542,6.275432,-11.585874,6.147569,-1.260335,-0.511153,1.048799,0.511224,1.048943,92.605644,140.124106,40,2565.897814,oceanic
104.042595,-8.528876,511,686,39.433229,55.597542,6.312193,-11.518088,6.185077,-1.260402,-0.484622,1.048865,0.484659,1.048943,97.274750,84.526564,40,2565.897814,oceanic
104.443735,-8.832728,511,686,34.544699,56.727793,6.348698,-6.635173,6.306175,-0.733573,-0.368109,1.084666,0.368112,1.084674,100.217262,28.929022,40,2565.897814,oceanic
153.661919,-5.818110,849,830,5.551925,27.798771,10.345728,55.139755,5.913377,8.489173,0.225828,-5.613833,-0.225828,-5.613833,37.155586,0.000000,2,1026.424204,continental
153.162070,-5.767198,849,830,10.939145,55.597542,10.839738,46.246029,7.496363,7.829716,1.540762,-5.498078,-1.540766,-5.498090,38.639053,55.597542,2,1026.424204,continental
152.668740,-5.672104,849,830,10.988311,55.597542,11.423534,43.267042,8.318242,7.829685,2.337709,-5.498047,-2.337726,-5.498090,39.776279,111.195084,2,1026.424204,oceanic
152.197674,-5.804242,849,830,337.927469,55.597542,11.720934,72.696883,3.486120,11.190499,-0.273607,-5.968098,0.273613,-5.968210,40.970493,166.792626,2,1026.424204,oceanic
151.756556,-6.035547,849,830,323.078085,55.597542,11.910952,83.749966,1.296715,11.840156,-1.018045,-5.822983,1.018052,-5.823022,42.848621,222.390167,2,1026.424204,oceanic
151.344348,-6.321539,849,830,326.835902,55.597542,12.055896,76.174160,2.881014,11.706596,0.157381,-5.852697,-0.157384,-5.852781,45.636936,245.705774,2,1026.424204,oceanic
150.910934,-6.572557,849,830,336.633797,55.597542,12.316391,62.777069,5.634181,10.952146,1.935012,-5.646829,-1.935044,-5.646912,43.502743,190.108232,2,1026.424204,oceanic
150.448717,-6.770646,849,830,336.687497,55.597542,12.712624,59.487393,6.454555,10.952148,2.731808,-5.646831,-2.731844,-5.646912,48.747353,134.510690,2,1026.424204,oceanic
149.965417,-6.904417,849,830,347.588145,55.597542,13.233408,45.864825,9.215130,9.497603,4.537664,-4.988600,-4.537812,-4.988758,43.092113,78.913148,2,1026.424204,oceanic
149.473424,-7.011633,849,830,347.647747,51.114377,13.816478,43.426116,10.034375,9.497704,5.333986,-4.988701,-5.334042,-4.988758,,23.315606,2,1026.424204,oceanic
134.641439,6.977067,653,699,4.754018,27.798771,5.336647,-72.163560,1.634619,-5.080140,-1.057608,2.598596,1.057608,2.598596,27.534256,0.000000,29,536.771581,continental
135.140265,7.034698,653,699,351.606104,55.597542,5.330343,-59.069860,2.739757,-4.572339,-0.624197,2.777102,0.624274,2.777382,33.095158,55.597542,29,536.771581,oceanic
135.638740,7.107422,653,699,351.667466,55.597542,5.323713,-59.186480,2.727048,-4.572212,-0.813206,2.776975,0.813327,2.777382,35.184219,111.195084,29,536.771581,oceanic
136.137371,7.179614,653,699,351.729474,55.597542,5.317149,-59.307052,2.714070,-4.572297,-1.002215,2.777060,1.002318,2.777382,35.588028,166.792626,29,536.771581,continental
136.636160,7.251267,653,699,351.792123,55.597542,5.310647,-59.431711,2.700809,-4.572593,-1.191224,2.777356,1.191233,2.777382,39.338081,222.390167,29,536.771581,continental
137.075518,7.491871,653,699,329.703767,55.597542,5.300205,-37.376956,4.211855,-3.217523,-0.244383,3.026124,0.244388,3.026191,53.123737,277.987709,29,536.771581,continental
137.468097,7.794203,653,699,309.580714,55.597542,5.288457,-17.274792,5.049903,-1.570433,0.632672,2.965339,-0.632682,2.965390,71.289246,333.585251,29,536.771581,continental
137.789951,8.179444,653,699,309.625435,55.597542,5.274986,-17.320524,5.035787,-1.570452,0.443795,2.965358,-0.443801,2.965390,91.884590,389.182793,29,536.771581,continental
138.048909,8.607102,653,699,298.713815,55.597542,5.260643,-6.393485,5.227925,-0.585804,0.810707,2.834292,-0.810745,2.834434,118.064667,444.780335,29,536.771581,continental
138.292149,9.045539,653,699,298.751138,64.192475,5.245838,-6.411772,5.213025,-0.585819,0.621725,2.834307,-0.621756,2.834434,141.646927,500.377877,29,536.771581,continental
144.272571,41.053807,601,406,314.643963,5.187616,-0.491550,-121.083450,-0.253781,-0.420972,2.319372,0.075356,-2.319372,0.075356,127.738335,5.187616,30,5.187616,continental
138.521386,9.489993,901,699,287.652302,47.002609,8.962093,-26.409294,8.026806,-3.986164,0.971407,2.691555,-0.971420,2.691601,141.586517,555.975419,45,10186.753245,continental
138.675328,9.966416,901,699,287.678315,55.597542,8.803681,-26.921223,7.849625,-3.985999,0.782265,2.691390,-0.782324,2.691601,141.309311,611.572960,45,10186.753245,continental
138.829719,10.442768,901,699,287.705668,55.597542,8.645614,-27.454718,7.671906,-3.986038,0.593124,2.691429,-0.593167,2.691601,141.046402,667.170502,45,10186.753245,continental
139.063747,10.814930,901,699,358.769063,55.597542,-8.529402,-99.168867,-1.359116,-8.420421,-2.442359,1.297411,2.442433,1.297447,140.520752,722.768044,45,10186.753245,oceanic
139.572689,10.825254,901,699,358.864605,55.597542,-8.559503,-100.346579,-1.537304,-8.420320,-2.631222,1.297309,2.631508,1.297447,141.686188,778.365586,45,10186.753245,oceanic
140.081664,10.834745,901,699,358.960239,55.597542,-8.593308,-101.515961,-1.715576,-8.420317,-2.820084,1.297306,2.820384,1.297447,142.816772,833.963128,45,10186.753245,continental
140.590670,10.843400,901,699,359.055959,55.597542,-8.630778,-102.676100,-1.893932,-8.420413,-3.008947,1.297403,3.009044,1.297447,143.900009,889.560670,45,10186.753245,oceanic
141.090264,10.927266,901,699,346.946953,55.597542,-8.644491,-91.644203,-0.248035,-8.640932,-2.853846,1.915183,2.854044,1.915311,144.999161,945.158212,45,10186.753245,oceanic
141.586528,11.039791,901,699,347.041505,55.597542,-8.651372,-92.822224,-0.425969,-8.640879,-3.041979,1.915130,3.042264,1.915311,145.862686,1000.755754,45,10186.753245,oceanic
142.083171,11.151508,901,699,347.137084,82.979779,-8.662064,-93.999124,-0.604103,-8.640973,-3.230112,1.915224,3.230252,1.915311,146.843048,1056.353295,45,10186.753245,oceanic
142.561637,11.316537,901,699,335.600229,28.215304,8.656063,-83.540932,0.973750,-8.601118,-2.963887,2.543693,2.963892,2.543697,148.464279,1111.950837,45,10186.753245,oceanic
143.026345,11.522723,901,699,335.692238,55.597542,8.637526,-84.710979,0.796205,-8.600750,-3.150925,2.543326,3.151410,2.543697,149.639359,1167.548379,45,10186.753245,continental
143.491734,11.728170,901,699,335.786021,55.597542,8.622777,-85.887651,0.618360,-8.600576,-3.337962,2.543152,3.338688,2.543697,150.790878,1223.145921,45,10186.753245,continental
143.957815,11.932864,901,699,335.881576,55.597542,8.611855,-87.069924,0.440214,-8.600596,-3.525000,2.543172,3.525712,2.543697,151.883774,1278.743463,45,10186.753245,oceanic
144.424599,12.136789,901,699,335.978904,55.597542,8.604792,-88.256743,0.261765,-8.600810,-3.712038,2.543385,3.712468,2.543697,152.426208,1334.341005,45,10186.753245,continental
144.874199,12.366603,901,699,317.430290,55.597542,8.590243,-70.788289,2.826703,-8.111845,-2.882975,3.644795,2.883082,3.644919,152.922226,1389.938547,45,10186.753245,oceanic
145.251666,12.704584,901,699,317.512218,55.597542,8.532907,-71.915513,2.648777,-8.111380,-3.068792,3.644330,3.069312,3.644919,153.095825,1445.536088,45,10186.753245,oceanic
145.630137,13.042030,901,699,317.596541,55.597542,8.479056,-73.060900,2.470416,-8.111192,-3.254609,3.644142,3.255308,3.644919,,1500.469131,45,10186.753245,oceanic
146.009642,13.378925,901,699,317.683269,55.597542,8.428785,-74.223824,2.291619,-8.111282,-3.440427,3.644232,3.441057,3.644919,,1444.871589,45,10186.753245,oceanic
146.390209,13.715253,901,699,317.772415,55.597542,8.382185,-75.403577,2.112386,-8.111649,-3.626244,3.644599,3.626543,3.644919,,1389.274047,45,10186.753245,oceanic
146.685487,14.109130,901,699,291.644752,55.597542,8.306273,-50.284302,5.307531,-6.389389,-1.819474,4.916249,1.819583,4.916520,153.591537,1333.676505,45,10186.753245,oceanic
146.876041,14.573799,901,699,291.691953,55.597542,8.192600,-51.247520,5.128217,-6.389059,-2.004397,4.915920,2.004647,4.916520,153.329819,1278.078963,45,10186.753245,oceanic
147.067401,15.038313,901,699,291.740855,55.597542,8.081270,-52.242225,4.948360,-6.389104,-2.189320,4.915965,2.189558,4.916520,,1222.481421,45,10186.753245,oceanic
147.259596,15.502665,901,699,291.791475,55.597542,7.972418,-53.269141,4.767960,-6.389524,-2.374243,4.916384,2.374303,4.916520,,1166.883879,45,10186.753245,oceanic
147.300000,15.995171,901,699,270.000000,55.597542,7.828557,-32.231948,6.622145,-4.175346,-0.560229,5.460556,0.560292,5.461051,,1111.286338,45,10186.753245,oceanic
147.300000,16.495171,901,699,270.000000,55.597542,7.675841,-32.951325,6.441051,-4.175092,-0.744753,5.460303,0.744857,5.461051,,1055.688796,45,10186.753245,oceanic
147.300000,16.995171,901,699,270.000000,55.597542,7.524159,-33.704731,6.259410,-4.175255,-0.929278,5.460465,0.929365,5.461051,,1000.091254,45,10186.753245,oceanic
147.300000,17.495171,901,699,270.000000,55.597542,7.373616,-34.494068,6.077222,-4.175833,-1.113802,5.461043,1.113803,5.461051,,944.493712,45,10186.753245,oceanic
147.300000,17.995171,901,699,270.000000,55.597542,7.223767,-35.311664,5.894738,-4.175509,-1.298075,5.460719,1.298156,5.461051,,888.896170,45,10186.753245,oceanic
147.300000,18.495171,901,699,270.000000,55.597542,7.075249,-36.168957,5.711708,-4.175588,-1.482345,5.460799,1.482410,5.461051,,833.298628,45,10186.753245,oceanic
147.300000,18.995171,901,699,270.000000,55.597542,6.928045,-37.065014,5.528248,-4.175677,-1.666498,5.460888,1.666551,5.461051,,777.701086,45,10186.753245,oceanic
147.300000,19.495171,901,699,270.000000,55.597542,6.782188,-38.000179,5.344424,-4.175548,-1.850467,5.460759,1.850565,5.461051,145.577347,722.103545,45,10186.753245,oceanic
147.300000,19.995171,901,699,270.000000,55.597542,6.638052,-38.981942,5.160052,-4.175836,-2.034437,5.461046,2.034438,5.461051,145.112656,666.506003,45,10186.753245,oceanic
147.157476,20.476772,901,699,254.307555,55.597542,6.469061,-23.988591,5.910305,-2.630027,-0.670220,5.807589,0.670248,5.807827,144.350357,610.908461,45,10186.753245,oceanic
147.012660,20.958076,901,699,254.256325,55.597542,6.300411,-24.674903,5.725128,-2.630227,-0.853968,5.807789,0.853973,5.807827,143.693176,555.310919,45,10186.753245,oceanic
146.708354,21.366590,901,699,233.378860,55.597542,6.116632,-4.076120,6.101160,-0.434781,1.078092,5.738632,-1.078149,5.738947,142.686462,499.713377,45,10186.753245,oceanic
146.387196,21.767582,901,699,233.260805,55.597542,5.931066,-4.204580,5.915103,-0.434853,0.894299,5.738705,-0.894341,5.738947,141.896164,444.115835,45,10186.753245,oceanic
146.032381,22.141082,901,699,222.215495,55.597542,5.745389,6.720046,5.705917,0.672315,1.782590,5.485837,-1.782658,5.486062,140.959549,388.518293,45,10186.753245,oceanic
145.631629,22.476552,901,699,222.063368,55.597542,5.559721,6.948037,5.518892,0.672555,1.598517,5.485598,-1.598652,5.486062,140.154907,332.920752,45,10186.753245,oceanic
145.228933,22.811027,901,699,221.908329,55.597542,5.373800,7.187756,5.331569,0.672376,1.414444,5.485776,-1.414524,5.486062,139.346054,277.323210,45,10186.753245,oceanic
144.841200,23.160238,901,699,227.613354,55.597542,5.186922,1.498288,5.185149,0.135623,0.663662,5.590905,-0.663683,5.591116,138.603149,221.725668,45,10186.753245,oceanic
144.473571,23.529117,901,699,227.467676,55.597542,4.998802,1.556752,4.996957,0.135803,0.479360,5.590725,-0.479394,5.591116,137.854004,166.128126,45,10186.753245,oceanic
144.103878,23.897127,901,699,227.319000,55.597542,4.810331,1.614836,4.808421,0.135557,0.295057,5.590971,-0.295068,5.591116,137.162643,110.530584,45,10186.753245,oceanic
143.735270,24.266918,901,699,227.797053,82.731813,4.621458,1.033961,4.620705,0.083394,0.049380,5.593298,-0.049381,5.593450,135.678207,54.933042,45,10186.753245,oceanic
149.287203,-7.101507,849,69702,352.160151,27.798771,10.652589,67.197461,4.128479,9.820046,-0.919302,-5.695705,0.919302,-5.695705,,0.000000,2,1026.424204,oceanic
148.787973,-7.169442,849,69702,352.222164,75.576251,10.412496,70.576115,3.462720,9.819860,-1.607503,-5.695518,1.607554,-5.695705,,55.597542,2,1026.424204,oceanic
148.291129,-7.208794,615,69702,17.959349,35.618833,3.847526,48.016055,2.573696,2.859990,0.390112,-6.090159,-0.390112,-6.090210,,96.401393,31,104.221455,oceanic
147.811863,-7.054375,615,69702,18.018850,68.602622,2.455257,49.369716,1.598803,1.863361,-0.297964,-6.090019,0.297971,-6.090210,,40.803851,31,104.221455,continental
172.598783,-23.241155,801,827,8.251979,27.798771,7.631980,65.974459,3.107314,6.970776,-1.355516,-5.856824,1.355516,-5.856824,31.594971,0.000000,11,3967.120756,oceanic
172.060552,-23.168475,801,827,8.464054,55.597542,7.665891,65.412068,3.189695,6.970777,-1.319190,-5.856824,1.319190,-5.856824,32.063911,55.597542,11,3967.120756,oceanic
171.532379,-23.050130,801,827,13.800192,55.597542,7.706582,59.751036,3.882255,6.657290,-0.753875,-5.950875,0.753928,-5.951301,32.427174,111.195084,11,3967.120756,oceanic
171.005151,-22.929988,801,827,14.006113,55.597542,7.748143,59.228498,3.964071,6.657317,-0.717415,-5.950902,0.717464,-5.951301,32.159687,166.792626,11,3967.120756,oceanic
170.486704,-22.791212,801,827,32.102862,55.597542,7.792770,40.833959,5.896069,5.095452,1.180908,-5.873933,-1.180910,-5.873942,33.277126,222.390167,11,3967.120756,oceanic
170.069500,-22.475545,801,827,43.235740,55.597542,7.859872,29.533751,6.838603,3.874415,2.313435,-5.539081,-2.313561,-5.539380,36.330524,277.987709,11,3967.120756,oceanic
169.676254,-22.132569,801,827,43.384986,55.597542,7.929997,29.246198,6.919148,3.874306,2.349681,-5.538971,-2.349854,-5.539380,,333.585251,11,3967.120756,oceanic
169.284922,-21.788655,801,827,43.531333,55.597542,8.000218,28.967543,6.999344,3.874618,2.385927,-5.539283,-2.385969,-5.539380,,389.182793,11,3967.120756,oceanic
168.994708,-21.371211,801,827,59.997921,55.597542,8.076061,12.456286,7.885957,1.741963,3.884883,-4.640827,-3.885271,-4.641287,,444.780335,11,3967.120756,oceanic
168.727019,-20.937996,801,827,60.094528,55.597542,8.152887,12.335367,7.964669,1.741729,3.920284,-4.640592,-3.920871,-4.641287,,500.377877,11,3967.120756,oceanic
168.460874,-20.504365,801,827,60.188696,55.597542,8.229523,12.219565,8.043073,1.741849,3.955685,-4.640711,-3.956173,-4.641287,38.765285,555.975419,11,3967.120756,oceanic
168.196233,-20.070332,801,827,60.280455,55.597542,8.305962,12.108735,8.121165,1.742322,3.991086,-4.641184,-3.991174,-4.641287,36.170238,611.572960,11,3967.120756,oceanic
167.951989,-19.627735,801,827,69.141913,55.597542,8.381686,3.240077,8.368288,0.473732,4.686997,-3.973758,-4.687125,-3.973866,33.397007,587.418340,11,3967.120756,oceanic
167.763523,-19.160405,801,827,69.204496,55.597542,8.457786,3.209701,8.444518,0.473556,4.721140,-3.973582,-4.721478,-3.973866,34.416523,531.820798,11,3967.120756,oceanic
167.576123,-18.692884,801,827,69.265282,55.597542,8.533621,3.182000,8.520464,0.473683,4.755282,-3.973708,-4.755470,-3.973866,36.134377,476.223256,11,3967.120756,oceanic
167.386524,-18.226357,801,827,68.632683,55.597542,8.608643,3.843705,8.589279,0.577080,4.740548,-4.031105,-4.740715,-4.031248,37.803371,420.625714,11,3967.120756,oceanic
167.195236,-17.760631,801,827,68.691774,55.597542,8.682940,3.810610,8.663743,0.577057,4.773789,-4.031081,-4.773985,-4.031248,39.062813,365.028172,11,3967.120756,oceanic
167.013703,-17.291750,801,827,72.154684,55.597542,8.756846,0.379720,8.756653,0.058034,5.038038,-3.738914,-5.038062,-3.738932,41.022884,309.430630,11,3967.120756,oceanic
166.805487,-16.835022,801,827,62.399412,55.597542,8.829356,10.145823,8.691288,1.555327,4.359189,-4.545443,-4.359190,-4.545444,42.775578,253.833088,11,3967.120756,oceanic
166.595684,-16.377232,801,827,66.343663,55.597542,8.901084,6.208831,8.848873,0.962675,4.688962,-4.239404,-4.689279,-4.239690,40.234413,198.235547,11,3967.120756,oceanic
166.387061,-15.919145,801,827,66.401687,55.597542,8.972536,6.159416,8.920739,0.962710,4.720829,-4.239437,-4.721110,-4.239690,,142.638005,11,3967.120756,continental
166.211180,-15.452611,801,827,83.409310,55.597542,9.043409,-10.819068,8.882661,-1.697522,5.782898,-2.670919,-5.782908,-2.670924,,87.040463,11,3967.120756,continental
166.215887,-14.953725,801,827,92.539901,59.241692,9.110278,-19.815045,8.570874,-3.088247,6.164360,-1.718167,-6.164463,-1.718195,,31.442921,11,3967.120756,continental
-134.457065,54.266816,901,901,50.958429,27.798771,0.000000,0.000000,0.000000,0.000000,0.955021,-4.120762,-0.955021,-4.120762,14.693524,0.000000,32,336.128622,continental
-133.719444,54.035505,901,901,22.811891,55.597542,0.000208,-75.173382,0.000053,-0.000201,-1.093545,-4.077071,1.093598,-4.077272,12.847174,55.597542,32,336.128622,continental
-132.938330,53.839111,901,901,23.443327,55.597542,0.000180,-75.401700,0.000045,-0.000174,-1.041445,-4.077098,1.041490,-4.077272,11.751757,111.195084,32,336.128622,continental
-132.209046,53.595016,901,901,39.346351,55.597542,-0.000128,-92.099314,-0.000005,-0.000128,0.123428,-4.198845,-0.123433,-4.198973,,166.792626,32,336.128622,continental
-131.562400,53.276259,901,901,39.865734,55.597542,-0.000249,-92.336320,-0.000010,-0.000248,0.175611,-4.198725,-0.175621,-4.198973,,121.009957,32,336.128622,continental
-130.925377,52.954056,901,901,40.375256,55.597542,-0.000049,-92.573225,-0.000002,-0.000049,0.227794,-4.198924,-0.227796,-4.198973,,65.412415,32,336.128622,continental
-130.252805,52.663496,901,901,35.068652,30.342141,0.000006,-87.777646,0.000000,-0.000006,-0.148673,-4.201028,0.148674,-4.201034,,9.814874,32,336.128622,continental
165.552218,-11.737174,801,827,70.497932,27.798771,9.553339,2.652836,9.543101,0.442168,5.249562,-3.947192,-5.249562,-3.947192,40.081493,0.000000,11,3967.120756,continental
165.722999,-12.208437,801,827,70.462504,55.597542,9.487354,2.670500,9.477051,0.442036,5.221207,-3.947060,-5.221382,-3.947192,42.350006,55.597542,11,3967.120756,continental
165.887838,-12.681475,801,827,76.790076,55.597542,9.420963,-3.678601,9.401553,-0.604445,5.598196,-3.346948,-5.598254,-3.346983,,111.195084,11,3967.120756,continental
166.005182,-13.168219,801,827,76.763829,55.597542,9.353554,-3.706058,9.333994,-0.604593,5.568958,-3.346800,-5.569263,-3.346983,,166.792626,11,3967.120756,continental
166.122993,-13.654909,801,827,76.736503,43.455616,9.285844,-3.732459,9.266148,-0.604486,5.539720,-3.346907,-5.539847,-3.346983,,136.361119,11,3967.120756,continental
166.206704,-14.146146,801,827,87.664470,67.739468,9.218060,-14.736698,8.914832,-2.344866,6.045096,-2.237568,-6.045182,-2.237600,,80.763577,11,3967.120756,continental
166.227763,-14.645729,801,827,87.659234,30.636697,9.151009,-14.846981,8.845490,-2.344840,6.014874,-2.237594,-6.014890,-2.237600,,25.166035,11,3967.120756,continental
119.299387,1.209154,645,669,157.017132,27.798771,4.209888,-10.851598,4.134607,-0.792578,2.076911,-0.618251,-2.076911,-0.618251,,0.000000,33,724.627052,continental
119.770873,1.362140,645,669,173.664610,55.597542,4.315144,-27.092305,3.841661,-1.965226,2.267362,0.022953,-2.267423,0.022953,,55.597542,33,724.627052,continental
120.267972,1.417262,645,669,173.676666,55.597542,4.413313,-26.442200,3.951610,-1.965225,2.370574,0.022952,-2.370724,0.022953,,111.195084,33,724.627052,continental
120.765094,1.472278,645,669,173.689200,55.597542,4.511917,-25.821150,4.061439,-1.965226,2.473785,0.022953,-2.473844,0.022953,,166.792626,33,724.627052,continental
121.264409,1.489849,645,669,179.651864,55.597542,4.606649,-31.089793,3.944945,-2.378785,2.560681,0.282215,-2.560917,0.282241,,222.390167,33,724.627052,continental
121.764569,1.492830,645,669,179.664881,55.597542,4.700298,-30.403663,4.053919,-2.378769,2.663261,0.282199,-2.663654,0.282241,,277.987709,33,724.627052,continental
122.264731,1.495697,645,669,179.677924,55.597542,4.794513,-29.745281,4.162787,-2.378774,2.765840,0.282204,-2.766188,0.282241,,333.585251,33,724.627052,continental
122.764894,1.498451,645,669,179.690991,55.597542,4.889255,-29.113182,4.271548,-2.378800,2.868420,0.282231,-2.868512,0.282241,,335.444259,33,724.627052,continental
123.262429,1.543841,645,669,173.258462,55.597542,4.987678,-22.160243,4.619251,-1.881343,2.983568,-0.044292,-2.984016,-0.044299,,279.846717,33,724.627052,continental
123.759166,1.602478,645,669,173.272099,55.597542,5.087342,-21.703886,4.726687,-1.881349,3.085058,-0.044287,-3.085893,-0.044299,43.302700,224.249175,33,724.627052,continental
124.255932,1.660994,645,669,173.286245,55.597542,5.187198,-21.265559,4.833999,-1.881351,3.186549,-0.044285,-3.187536,-0.044299,50.355927,168.651633,33,724.627052,continental
124.752727,1.719386,645,669,173.300898,55.597542,5.287228,-20.844262,4.941185,-1.881349,3.288039,-0.044286,-3.288937,-0.044299,52.657383,113.054091,33,724.627052,continental
125.249552,1.777648,645,669,173.316057,55.597542,5.387415,-20.439066,5.048245,-1.881345,3.389530,-0.044291,-3.390086,-0.044299,45.224117,57.456550,33,724.627052,continental
125.746494,1.834945,645,669,174.950579,29.657779,5.487637,-21.666384,5.099932,-2.026044,3.490838,0.054173,-3.490838,0.054173,,1.859008,33,724.627052,oceanic
156.301681,-8.181729,829,847,44.106933,27.798771,12.905353,-8.767803,12.754544,-1.967169,3.282614,-5.747053,-3.282614,-5.747053,4.064283,0.000000,12,225.966446,continental
155.962333,-7.812945,829,847,38.797225,55.597542,12.672976,-3.640145,12.647408,-0.804604,2.758256,-6.032527,-2.758274,-6.032565,,55.597542,12,225.966446,continental
155.569289,-7.499483,829,847,38.849590,35.358256,12.434084,-3.710166,12.408024,-0.804602,2.784934,-6.032529,-2.784950,-6.032565,,7.559485,12,225.966446,continental
120.967393,23.308052,678,648,8.118099,27.798771,5.916928,-65.761243,2.429135,-5.395307,0.905847,1.832102,-0.905847,1.832102,,0.000000,34,112.820944,continental
121.508838,23.265562,678,648,1.645963,55.597542,6.015512,-57.327512,3.247391,-5.063678,1.299635,1.703231,-1.299661,1.703265,,55.597542,34,112.820944,continental
122.052809,23.250263,678,648,1.860763,29.424631,6.129824,-55.697863,3.454505,-5.063709,1.486861,1.703262,-1.486864,1.703265,,111.195084,34,112.820944,continental
122.596648,23.233092,608,648,2.075369,81.770452,6.279871,-59.947078,3.144957,-5.435625,1.673839,1.703152,-1.673953,1.703265,,156.922024,44,4365.731205,continental
123.140339,23.214050,608,648,2.289758,55.597542,6.380821,-58.415756,3.341966,-5.435637,1.860810,1.703164,-1.860915,1.703265,49.185886,101.324482,44,4365.731205,continental
123.682164,23.216391,608,648,349.791695,73.525711,6.493240,-44.274592,4.649175,-4.532917,2.373285,1.219571,-2.373301,1.219579,51.236546,45.726940,44,4365.731205,continental
171.593537,-33.493382,801,8680,188.104571,27.798771,0.000000,0.000000,0.000000,0.000000,4.400914,-0.195487,-4.400914,-0.195487,,0.000000,35,513.829158,continental
172.187583,-33.562455,801,8680,187.776451,55.597542,-0.000046,-177.435501,-0.000046,-0.000002,4.353053,-0.195485,-4.353100,-0.195487,,55.597542,35,513.829158,continental
172.763871,-33.696243,801,8680,198.486441,55.597542,-0.000146,171.465921,-0.000144,0.000022,4.262055,0.638321,-4.262199,0.638342,,111.195084,35,513.829158,continental
173.334878,-33.853471,801,8680,198.168998,55.597542,-0.000066,171.433902,-0.000065,0.000010,4.213665,0.638333,-4.213730,0.638342,,166.792626,35,513.829158,continental
173.894820,-34.037663,801,8680,202.578118,55.597542,-0.000082,166.528636,-0.000080,0.000019,4.098053,0.982081,-4.098133,0.982100,,222.390167,35,513.829158,continental
174.444732,-34.243338,801,8680,207.937425,55.597542,-0.000054,160.625446,-0.000051,0.000018,3.932112,1.378796,-3.932162,1.378813,,235.841449,35,513.829158,continental
174.980580,-34.476427,801,8680,207.634997,55.597542,-0.000004,160.549904,-0.000004,0.000001,3.882757,1.378812,-3.882760,1.378813,,180.243907,35,513.829158,continental
175.398283,-34.838940,801,8680,226.780890,55.597542,-0.000063,140.715149,-0.000049,0.000040,3.155401,2.588948,-3.155450,2.588988,,124.646365,35,513.829158,continental
175.729804,-35.252394,801,8680,243.729315,55.597542,-0.000039,122.992677,-0.000021,0.000033,2.203392,3.397752,-2.203413,3.397785,,69.048823,35,513.829158,continental
176.039015,-35.683294,801,8680,236.588957,41.250052,-0.000021,129.413705,-0.000013,0.000016,2.549021,3.108318,-2.549035,3.108335,,13.451281,35,513.829158,continental
119.426183,5.422047,604,614,141.925718,20.041286,-0.000052,145.896781,-0.000043,0.000029,-2.387881,-0.866605,2.387881,-0.866605,,0.000000,36,20.041286,continental
119.821764,5.730257,646,614,141.964156,63.355027,1.423373,-8.154618,1.408981,-0.201898,-2.393188,-0.866550,2.393341,-0.866605,,55.597542,37,809.046920,continental
120.217772,6.038196,646,614,142.004755,55.597542,1.491877,-7.779040,1.478148,-0.201930,-2.398377,-0.866517,2.398618,-0.866605,,111.195084,37,809.046920,continental
120.614230,6.345848,646,614,142.047517,55.597542,1.560139,-7.435452,1.547020,-0.201896,-2.403566,-0.866551,2.403713,-0.866605,18.882523,166.792626,37,809.046920,continental
120.983716,6.681687,646,614,130.431079,55.597542,1.628532,4.345668,1.623851,0.123400,-2.533969,-0.362371,2.534092,-0.362388,,222.390167,37,809.046920,continental
121.310459,7.062171,646,614,130.470175,55.597542,1.697248,4.168528,1.692758,0.123374,-2.538506,-0.362344,2.538812,-0.362388,19.109335,251.878372,37,809.046920,continental
121.637740,7.442427,646,614,130.511490,55.597542,1.765659,4.006799,1.761343,0.123375,-2.543043,-0.362346,2.543338,-0.362388,18.780241,196.280830,37,809.046920,continental
121.965588,7.822442,646,614,130.555035,55.597542,1.833757,3.858685,1.829600,0.123404,-2.547581,-0.362375,2.547671,-0.362388,18.422932,140.683288,37,809.046920,continental
122.388805,8.077444,646,614,155.515125,55.597542,1.898830,-20.545281,1.778055,-0.666390,-2.162185,-1.401844,2.162277,-1.401904,,85.085747,37,809.046920,continental
122.848638,8.284412,646,614,155.580559,57.286976,1.962809,-19.846589,1.846228,-0.666379,-2.166182,-1.401855,2.166257,-1.401904,,29.488205,37,809.046920,continental
-104.767649,18.867779,970,101,46.474746,27.798771,2.910074,1.357777,2.909256,0.068956,1.061435,-0.310604,-1.061435,-0.310604,8.221720,0.000000,38,200.708629,continental
-105.177506,19.183181,970,101,38.372361,55.597542,2.584828,10.421079,2.542192,0.467546,1.024537,-0.454957,-1.024539,-0.454958,9.966284,55.597542,38,200.708629,continental
-105.543899,19.544070,970,101,46.625786,55.597542,2.255475,2.411292,2.253478,0.094894,1.096210,-0.300752,-1.096216,-0.300753,9.824733,89.513546,38,200.708629,continental
-105.669577,20.017949,970,101,81.086751,61.714775,1.973558,-36.341282,1.589704,-1.169518,1.089558,0.374524,-1.089571,0.374528,,33.916004,38,200.708629,continental
179.434796,-38.453374,901,806,286.906757,27.798771,4.683758,-33.925010,3.886436,-2.614040,-1.088841,3.566491,1.088841,3.566491,122.491379,0.000000,42,3754.768345,continental
179.619255,-37.974840,901,806,286.792649,55.597542,0.231562,-57.102618,0.125770,-0.194430,-1.036879,3.566269,1.036943,3.566491,122.162445,55.597542,42,3754.768345,continental
179.801324,-37.496021,901,806,286.681219,73.979798,0.232314,-57.121053,0.126115,-0.195102,-0.984918,3.566320,0.984966,3.566491,121.833275,111.195084,42,3754.768345,oceanic
126.047345,3.730620,781,679,38.183192,27.798771,2.061960,-38.053849,1.623653,-1.270996,-0.543029,-2.887322,0.543029,-2.887322,,0.000000,4,1193.812099,oceanic
126.441064,3.421446,781,679,38.207749,70.707062,2.321587,-33.196025,1.942709,-1.271081,-0.588692,-2.887237,0.588709,-2.887322,,55.597542,4,1193.812099,oceanic
126.834529,3.112110,781,679,38.230171,40.488021,2.594281,-29.336220,2.261590,-1.271026,-0.634338,-2.887292,0.634345,-2.887322,,111.195084,4,1193.812099,oceanic
127.227763,2.802629,781,679,38.250460,55.597542,2.876366,-26.224156,2.580307,-1.271020,-0.679926,-2.887297,0.679932,-2.887322,,166.792626,4,1193.812099,oceanic
127.234335,2.341892,781,679,98.980865,55.597542,2.955753,-81.402244,0.441875,-2.922537,2.144516,-2.011667,-2.144818,-2.011958,,222.390167,4,1193.812099,continental
127.156243,1.848019,781,679,98.978010,55.597542,3.019999,-75.420484,0.760204,-2.922753,2.098528,-2.011452,-2.099049,-2.011958,,277.987709,4,1193.812099,continental
127.078194,1.354144,781,679,98.975829,55.597542,3.115493,-69.743925,1.078635,-2.922815,2.052540,-2.011390,-2.053121,-2.011958,,332.916552,4,1193.812099,continental
127.000178,0.860266,781,679,98.974322,55.597542,3.239493,-64.450944,1.397141,-2.922723,2.006552,-2.011481,-2.007036,-2.011958,,277.319010,4,1193.812099,continental
126.922181,0.366386,781,679,98.973487,55.597542,3.388877,-59.584194,1.715692,-2.922479,1.960564,-2.011725,-1.960798,-2.011958,,221.721469,4,1193.812099,continental
126.880893,-0.129586,781,679,87.550730,55.597542,3.578314,-43.981944,2.574807,-2.484894,1.477641,-2.354545,-1.477700,-2.354641,,166.123927,4,1193.812099,continental
126.902261,-0.629130,781,679,87.550589,55.597542,3.813545,-40.664843,2.892705,-2.485032,1.431055,-2.354407,-1.431196,-2.354641,,110.526385,4,1193.812099,continental
126.923634,-1.128673,781,679,87.550261,82.727614,4.059856,-37.740653,3.210492,-2.484991,1.384468,-2.354449,-1.384583,-2.354641,,54.928843,4,1193.812099,continental
-179.974390,-37.031677,901,806,298.490168,37.215286,4.924276,-43.905053,3.547891,-3.414815,-1.650391,3.292101,1.650438,3.292199,121.571091,166.792626,42,3754.768345,oceanic
-179.677340,-36.591856,901,806,298.312178,55.597542,4.994318,-43.129762,3.644890,-3.414381,-1.598017,3.291667,1.598268,3.292199,121.241051,222.390167,42,3754.768345,oceanic
-179.383660,-36.151307,901,806,298.138018,55.597542,5.065124,-42.381189,3.741489,-3.414197,-1.545642,3.291484,1.545976,3.292199,120.896942,277.987709,42,3754.768345,oceanic
-179.093263,-35.710049,901,806,297.967610,55.597542,5.136637,-41.658450,3.837686,-3.414265,-1.493267,3.291551,1.493566,3.292199,120.455101,333.585251,42,3754.768345,oceanic
-178.806067,-35.268100,901,806,297.800877,55.597542,5.208802,-40.960678,3.933477,-3.414583,-1.440892,3.291869,1.441042,3.292199,119.467026,373.644636,42,3754.768345,oceanic
-178.558758,-34.812941,901,806,287.481165,55.597542,5.285065,-30.160954,4.569559,-2.655379,-0.784505,3.489058,0.784527,3.489158,118.329369,318.047094,42,3754.768345,oceanic
-178.376868,-34.335897,901,806,287.377946,55.597542,5.367646,-29.648932,4.664875,-2.655290,-0.731788,3.488968,0.731828,3.489158,117.359764,262.449552,42,3754.768345,oceanic
-178.197036,-33.858588,901,806,287.277131,55.597542,5.450413,-29.157009,4.759780,-2.655466,-0.679070,3.489144,0.679073,3.489158,116.397057,206.852010,42,3754.768345,oceanic
-177.926262,-33.418916,901,806,287.176266,55.597542,5.523250,-28.593753,4.849608,-2.643406,-0.630621,3.479513,0.630636,3.479604,115.431061,151.254468,42,3754.768345,oceanic
-177.750322,-32.941091,901,806,287.079978,55.597542,5.606177,-28.132326,4.943869,-2.643366,-0.577716,3.479473,0.577738,3.479604,114.471771,95.656926,42,3754.768345,oceanic
-177.578878,-32.462370,901,806,286.096855,67.858156,5.689365,-26.800889,5.078207,-2.565286,-0.470649,3.487554,0.470653,3.487582,113.500168,40.059385,42,3754.768345,oceanic
91.709623,12.807372,501,686,88.691471,27.798771,4.174207,-49.415539,2.715606,-3.170092,-2.155799,-0.273687,2.155799,-0.273687,91.947144,0.000000,39,354.103385,oceanic
91.721309,12.307502,501,686,88.694012,55.597542,4.193863,-49.103855,2.745680,-3.170130,-2.134239,-0.273649,2.134534,-0.273687,89.426086,55.597542,39,354.103385,oceanic
91.732951,11.807631,501,686,88.696444,55.597542,4.213381,-48.798703,2.775381,-3.170148,-2.112679,-0.273632,2.113107,-0.273687,87.363258,111.195084,39,354.103385,oceanic
91.744551,11.307760,501,686,88.698768,55.597542,4.232755,-48.499960,2.804711,-3.170144,-2.091118,-0.273635,2.091518,-0.273687,85.661484,166.792626,39,354.103385,continental
91.756110,10.807889,501,686,88.700985,55.597542,4.251979,-48.207506,2.833667,-3.170120,-2.069558,-0.273659,2.069771,-0.273687,85.093124,222.390167,39,354.103385,continental
91.778679,10.308620,501,686,84.946901,55.597542,4.271628,-44.167425,3.064068,-2.976288,-2.061349,-0.138390,2.061385,-0.138392,83.670624,277.987709,39,354.103385,continental
91.823372,9.810561,501,686,84.954708,48.316904,4.292261,-43.900494,3.092768,-2.976289,-2.039284,-0.138390,2.039323,-0.138392,82.089981,333.585251,39,354.103385,continental
91.867930,9.312495,511,686,84.962109,62.878179,4.662037,-68.386446,1.717236,-4.334246,-2.016893,-0.138377,2.017105,-0.138392,81.933777,389.182793,40,2565.897814,continental
91.912361,8.814424,511,686,84.969108,55.597542,4.681751,-67.785937,1.770020,-4.334261,-1.994311,-0.138363,1.994734,-0.138392,82.399010,444.780335,40,2565.897814,continental
91.956673,8.316348,511,686,84.975708,55.597542,4.701854,-67.193699,1.822518,-4.334265,-1.971729,-0.138358,1.972211,-0.138392,82.187981,500.377877,40,2565.897814,continental
92.000873,7.818266,511,686,84.981911,55.597542,4.722330,-66.609732,1.874727,-4.334259,-1.949146,-0.138365,1.949538,-0.138392,81.098633,555.975419,40,2565.897814,continental
92.044967,7.320181,511,686,84.987719,55.597542,4.743165,-66.034030,1.926645,-4.334242,-1.926564,-0.138381,1.926716,-0.138392,79.690277,611.572960,40,2565.897814,continental
92.196353,6.853642,511,686,62.039568,55.597542,4.773819,-42.578728,3.515193,-3.229978,-1.805781,0.620408,1.805825,0.620423,74.466888,667.170502,40,2565.897814,continental
92.432257,6.411950,511,686,62.066817,36.258271,4.812027,-42.162241,3.566901,-3.229988,-1.782704,0.620418,1.782720,0.620423,71.987976,722.768044,40,2565.897814,continental
142.980755,24.585785,699,659,272.411209,27.798771,1.589319,70.930989,0.519241,1.502106,-3.502035,2.234852,3.502035,2.234852,135.071930,0.000000,41,27.798771,continental
143.000000,25.085417,901,659,270.000000,55.597542,3.998964,-18.640402,3.789192,-1.278179,-3.408048,2.380783,3.408088,2.380811,134.178650,55.597542,45,10186.753245,continental
143.000000,25.585417,901,659,270.000000,55.597542,3.990440,-18.680790,3.780214,-1.278119,-3.411215,2.380723,3.411341,2.380811,133.298859,111.195084,45,10186.753245,continental
143.016683,26.084091,901,659,280.110577,55.597542,3.981637,-28.832088,3.488060,-1.920122,-3.778998,1.745006,3.779044,1.745027,132.672562,166.792626,45,10186.753245,continental
143.114826,26.576294,901,659,280.154108,55.597542,3.973274,-28.897739,3.478536,-1.920076,-3.781613,1.744960,3.781758,1.745027,136.461487,222.390167,45,10186.753245,continental
143.200000,27.069526,901,659,270.000000,55.597542,3.964449,-18.772421,3.753558,-1.275799,-3.415644,2.387042,3.415678,2.387066,137.662003,277.987709,45,10186.753245,continental
143.200000,27.569526,901,659,270.000000,55.597542,3.954893,-18.818480,3.743485,-1.275734,-3.417706,2.386976,3.417834,2.387066,139.796112,333.585251,45,10186.753245,continental
143.173994,28.065627,901,659,250.714969,55.597542,3.944857,0.411110,3.944755,0.028305,-2.440179,3.381909,2.440204,3.381945,140.213791,389.182793,45,10186.753245,continental
142.986024,28.537443,901,659,250.625850,55.597542,3.934190,0.413804,3.934087,0.028413,-2.441783,3.381801,2.441887,3.381945,138.954498,444.780335,45,10186.753245,continental
142.797257,29.009236,901,659,255.438732,55.597542,3.923044,-4.491057,3.910999,-0.307188,-2.723532,3.160698,2.723536,3.160703,137.807327,500.377877,45,10186.753245,continental
142.652836,29.493098,901,659,255.368162,55.597542,3.911832,-4.502137,3.899762,-0.307064,-2.724725,3.160574,2.724836,3.160703,136.666641,555.975419,45,10186.753245,oceanic
142.507029,29.976803,901,659,255.295842,55.597542,3.900136,-4.517388,3.888020,-0.307181,-2.725918,3.160691,2.725928,3.160703,135.485291,591.746276,45,10186.753245,oceanic
142.362505,30.460956,901,659,255.513618,55.597542,3.888332,-4.820785,3.874577,-0.326773,-2.742693,3.146713,2.742804,3.146840,134.309479,536.148735,45,10186.753245,oceanic
142.216674,30.944978,901,659,255.439158,55.597542,3.876065,-4.837569,3.862257,-0.326873,-2.743456,3.146814,2.743479,3.146840,133.127029,480.551193,45,10186.753245,oceanic
142.156586,31.441593,901,659,265.182887,55.597542,3.864147,-14.650867,3.738504,-0.977352,-3.238018,2.635090,3.238360,2.635368,132.175568,424.953651,45,10186.753245,oceanic
142.107108,31.939818,901,659,265.156895,55.597542,3.851874,-14.696682,3.725850,-0.977228,-3.238071,2.634965,3.238566,2.635368,131.051712,369.356109,45,10186.753245,oceanic
142.057090,32.438023,901,659,265.130250,55.597542,3.839142,-14.747701,3.712666,-0.977304,-3.238123,2.635041,3.238524,2.635368,130.116440,313.758567,45,10186.753245,oceanic
142.006517,32.936208,901,659,265.102937,55.597542,3.825952,-14.803990,3.698952,-0.977581,-3.238175,2.635318,3.238236,2.635368,129.380157,258.161025,45,10186.753245,oceanic
142.000000,33.435974,901,659,270.000000,55.597542,3.813103,-19.770704,3.588335,-1.289808,-3.450861,2.349016,3.450991,2.349104,128.723618,202.563483,45,10186.753245,oceanic
142.000000,33.935974,901,659,270.000000,55.597542,3.799931,-19.843172,3.574311,-1.289874,-3.450156,2.349083,3.450187,2.349104,128.013199,146.965942,45,10186.753245,oceanic
142.000000,34.435974,901,659,270.000000,55.597542,3.786648,-19.914648,3.560211,-1.289808,-3.448992,2.349016,3.449121,2.349104,127.301994,91.368400,45,10186.753245,oceanic
142.000000,34.935974,901,659,270.000000,63.569629,3.772978,-19.990947,3.545644,-1.289874,-3.447761,2.349083,3.447792,2.349104,126.589615,35.770858,45,10186.753245,continental
161.475412,52.499582,901,406,300.861463,27.798771,7.573107,-4.221438,7.552561,-0.557467,1.704730,-0.804406,-1.704730,-0.804406,104.899918,0.000000,45,10186.753245,continental
161.057890,52.069739,901,406,300.608542,55.597542,7.624898,-4.270047,7.603732,-0.567730,1.721602,-0.802072,-1.721637,-0.802088,105.437119,55.597542,45,10186.753245,continental
160.647680,51.638688,901,406,300.285933,55.597542,7.676110,-4.241622,7.655085,-0.567746,1.737259,-0.802056,-1.737328,-0.802088,105.971756,111.195084,45,10186.753245,continental
160.228125,51.213378,901,406,307.471095,55.597542,7.726639,-11.717154,7.565631,-1.569129,1.842714,-0.566397,-1.842739,-0.566404,106.541267,166.792626,45,10186.753245,continental
159.746689,50.815554,901,406,307.096869,55.597542,7.775782,-11.642163,7.615811,-1.569143,1.858090,-0.566383,-1.858160,-0.566404,106.970299,222.390167,45,10186.753245,continental
159.256075,50.425606,901,406,316.587041,55.597542,7.824002,-21.427874,7.283193,-2.858340,1.942769,-0.237351,-1.942836,-0.237359,107.485870,277.987709,45,10186.753245,oceanic
158.690069,50.080600,901,406,316.151850,55.597542,7.869443,-21.298373,7.331972,-2.858377,1.957600,-0.237315,-1.957968,-0.237359,108.256752,333.585251,45,10186.753245,oceanic
158.132184,49.732881,901,406,315.725066,55.597542,7.914535,-21.171308,7.380342,-2.858395,1.972432,-0.237297,-1.972952,-0.237359,108.506058,389.182793,45,10186.753245,oceanic
157.582266,49.382521,901,406,315.306542,55.597542,7.959274,-21.046626,7.428299,-2.858395,1.987263,-0.237297,-1.987786,-0.237359,108.756554,444.780335,45,10186.753245,oceanic
157.040162,49.029590,901,406,314.896131,55.597542,8.003658,-20.924277,7.475843,-2.858377,2.002095,-0.237315,-2.002468,-0.237359,109.008308,500.377877,45,10186.753245,oceanic
156.505722,48.674156,901,406,314.493689,71.805505,8.047681,-20.804212,7.522969,-2.858341,2.016926,-0.237351,-2.016997,-0.237359,109.261345,555.975419,45,10186.753245,oceanic
156.033378,48.284982,901,406,307.428324,39.389579,8.092282,-14.006035,7.851700,-1.958527,1.989760,-0.471763,-1.989793,-0.471771,109.541779,611.572960,45,10186.753245,oceanic
155.580223,47.887030,901,406,307.091106,55.597542,8.136522,-13.928448,7.897284,-1.958542,2.003923,-0.471748,-2.004018,-0.471771,109.851929,667.170502,45,10186.753245,oceanic
155.133993,47.487322,901,406,306.761125,55.597542,8.180332,-13.852209,7.942419,-1.958521,2.018085,-0.471769,-2.018091,-0.471771,110.482025,722.768044,45,10186.753245,oceanic
154.728446,47.069862,901,406,303.123521,55.597542,8.223969,-10.455590,8.087417,-1.492431,2.001052,-0.588547,-2.001100,-0.588562,111.454079,778.365586,45,10186.753245,oceanic
154.284744,46.676248,901,406,316.132858,55.597542,8.265990,-23.710182,7.568267,-3.323841,2.096323,-0.109148,-2.096417,-0.109153,112.606125,833.963128,45,10186.753245,oceanic
153.762712,46.328561,901,406,315.754171,55.597542,8.305453,-23.590737,7.611345,-3.323849,2.109771,-0.109140,-2.110026,-0.109153,114.353668,889.560670,45,10186.753245,oceanic
153.247296,45.978529,901,406,315.382451,55.597542,8.344564,-23.473515,7.654004,-3.323849,2.123220,-0.109140,-2.123474,-0.109153,115.260170,914.396133,45,10186.753245,oceanic
152.738377,45.626209,901,406,315.017584,55.597542,8.383320,-23.358477,7.696241,-3.323841,2.136668,-0.109149,-2.136761,-0.109153,116.172791,858.798591,45,10186.753245,oceanic
152.163361,45.336546,901,406,329.036499,55.597542,8.417964,-37.635256,6.666304,-5.140283,2.109437,0.427825,-2.109544,0.427847,116.757851,803.201049,45,10186.753245,oceanic
151.556193,45.077687,901,406,328.605614,55.597542,8.450438,-37.465620,6.707269,-5.140277,2.122370,0.427819,-2.122508,0.427847,116.978790,747.603507,45,10186.753245,oceanic
150.954535,44.815640,901,406,328.180570,55.597542,8.482727,-37.298888,6.747884,-5.140303,2.135304,0.427845,-2.135310,0.427847,117.468185,692.005965,45,10186.753245,oceanic
150.399201,44.509180,901,406,321.841012,55.597542,8.516701,-31.209608,7.284142,-4.413103,2.180665,0.204178,-2.180791,0.204190,118.447250,636.408423,45,10186.753245,oceanic
149.850815,44.198940,901,406,321.457638,55.597542,8.550452,-31.072711,7.323574,-4.413106,2.193171,0.204181,-2.193263,0.204190,119.505577,580.810882,45,10186.753245,oceanic
149.300647,43.893130,901,406,323.396776,55.597542,8.583388,-33.256597,7.177627,-4.707040,2.195410,0.293139,-2.195491,0.293149,120.789459,525.213340,45,10186.753245,oceanic
148.746426,43.593652,901,406,323.013569,55.597542,8.615376,-33.117131,7.215855,-4.707032,2.207484,0.293130,-2.207629,0.293149,121.799202,469.615798,45,10186.753245,oceanic
148.197719,43.291523,901,406,322.636260,55.597542,8.647107,-32.980198,7.253701,-4.707045,2.219557,0.293144,-2.219599,0.293149,121.927986,414.018256,45,10186.753245,oceanic
147.647845,42.993180,901,406,323.412787,55.597542,8.677855,-33.996251,7.194585,-4.852124,2.224851,0.337753,-2.225054,0.337784,122.073334,358.420714,45,10186.753245,oceanic
147.101609,42.693854,901,406,323.041345,55.597542,8.708166,-33.861734,7.231127,-4.852109,2.236379,0.337738,-2.236686,0.337784,126.262810,302.823172,45,10186.753245,oceanic
146.560636,42.391959,901,406,322.675568,55.597542,8.738222,-33.729676,7.267288,-4.852119,2.247908,0.337748,-2.248147,0.337784,126.882339,247.225630,45,10186.753245,oceanic
146.024864,42.087544,901,406,322.315400,55.597542,8.768021,-33.600047,7.303067,-4.852155,2.259436,0.337784,-2.259437,0.337784,127.088219,191.628088,45,10186.753245,continental
145.464289,41.811544,901,406,326.322551,55.597542,8.795560,-37.841909,6.945911,-5.395943,2.238058,0.509410,-2.238144,0.509429,127.236458,136.030547,45,10186.753245,continental
144.908449,41.532942,901,406,325.952988,55.597542,8.822885,-37.704343,6.980466,-5.395962,2.249091,0.509429,-2.249093,0.509429,127.381371,80.433005,45,10186.753245,continental
144.437540,41.179407,901,406,314.752446,35.254613,8.853121,-26.715710,7.908034,-3.980044,2.315595,0.075355,-2.315607,0.075356,127.634560,24.835463,45,10186.753245,continental
92.667753,5.970150,511,686,62.092214,74.936812,4.850383,-41.752324,3.618533,-3.229928,-1.759295,0.620358,1.759479,0.620423,71.192429,778.365586,40,2565.897814,continental
92.902869,5.528250,511,686,62.115766,55.597542,4.888738,-41.351802,3.669815,-3.229895,-1.735827,0.620324,1.736103,0.620423,,833.963128,40,2565.897814,continental
93.137635,5.086258,511,686,62.137482,55.597542,4.927048,-40.961088,3.720685,-3.229908,-1.712359,0.620338,1.712596,0.620423,,889.560670,40,2565.897814,continental
93.372078,4.644181,511,686,62.157365,55.597542,4.965300,-40.579939,3.771141,-3.229969,-1.688891,0.620399,1.688958,0.620423,,945.158212,40,2565.897814,continental
93.655821,4.233429,511,686,53.001111,55.597542,5.007190,-31.079036,4.288438,-2.584812,-1.544402,0.880693,1.544692,0.880864,,1000.755754,40,2565.897814,continental
93.957393,3.834049,511,686,53.022325,55.597542,5.050245,-30.782765,4.338736,-2.584637,-1.520227,0.880519,1.520810,0.880864,,1056.353295,40,2565.897814,continental
94.258684,3.434563,511,686,53.041423,55.597542,5.093082,-30.494707,4.388587,-2.584529,-1.496051,0.880411,1.496812,0.880864,,1111.950837,40,2565.897814,continental
94.559722,3.034982,511,686,53.058410,55.597542,5.135693,-30.214623,4.437990,-2.584489,-1.471876,0.880370,1.472700,0.880864,,1167.548379,40,2565.897814,continental
94.860538,2.635318,511,686,53.073289,55.597542,5.178067,-29.942284,4.486943,-2.584515,-1.447700,0.880397,1.448476,0.880864,,1223.145921,40,2565.897814,continental
95.161161,2.235581,511,686,53.086064,55.597542,5.220197,-29.677468,4.535445,-2.584609,-1.423525,0.880490,1.424142,0.880864,51.042191,1278.743463,40,2565.897814,continental
95.461620,1.835783,511,686,53.096737,55.597542,5.262075,-29.419961,4.583492,-2.584769,-1.399349,0.880651,1.399699,0.880864,50.409313,1334.341005,40,2565.897814,continental
95.761338,1.435491,511,686,54.632279,55.597542,5.303682,-30.695344,4.560603,-2.707387,-1.398112,0.843855,1.398134,0.843869,49.792820,1389.938547,40,2565.897814,continental
96.050793,1.027747,511,686,54.638500,55.597542,5.344868,-30.430860,4.608564,-2.707166,-1.373111,0.843635,1.373479,0.843869,49.150112,1445.536088,40,2565.897814,continental
96.340174,0.619977,511,686,54.642661,55.597542,5.385805,-30.173453,4.656070,-2.707010,-1.348110,0.843479,1.348720,0.843869,48.152325,1418.867569,40,2565.897814,continental
96.629510,0.212192,511,686,54.644762,55.597542,5.426485,-29.922930,4.703119,-2.706919,-1.323110,0.843387,1.323858,0.843869,45.400146,1363.270027,40,2565.897814,continental
96.918832,-0.195599,511,686,54.644804,55.597542,5.466900,-29.679106,4.749709,-2.706891,-1.298109,0.843360,1.298894,0.843869,42.527817,1307.672485,40,2565.897814,continental
97.208167,-0.603385,511,686,54.642787,55.597542,5.507043,-29.441803,4.795838,-2.706928,-1.273108,0.843396,1.273833,0.843869,42.760086,1252.074943,40,2565.897814,continental
97.497546,-1.011156,511,686,54.638710,55.597542,5.546907,-29.210847,4.841506,-2.707029,-1.248108,0.843497,1.248674,0.843869,44.046955,1196.477401,40,2565.897814,continental
97.786997,-1.418901,511,686,54.632572,55.597542,5.586486,-28.986072,4.886709,-2.707194,-1.223107,0.843663,1.223419,0.843869,47.847656,1140.879859,40,2565.897814,continental
98.077079,-1.826229,511,686,53.782360,55.597542,5.625832,-27.925178,4.970760,-2.634679,-1.185517,0.861398,1.185542,0.861417,49.016693,1085.282318,40,2565.897814,continental
98.372727,-2.229592,511,686,53.771898,55.597542,5.665497,-27.710698,5.015703,-2.634498,-1.159843,0.861216,1.160104,0.861417,51.536110,1029.684776,40,2565.897814,continental
98.668538,-2.632896,511,686,53.759350,55.597542,5.704854,-27.501968,5.060177,-2.634382,-1.134169,0.861101,1.134578,0.861417,57.171795,974.087234,40,2565.897814,continental
98.964540,-3.036129,511,686,53.744712,55.597542,5.743896,-27.298841,5.104178,-2.634332,-1.108495,0.861050,1.108965,0.861417,57.930161,918.489692,40,2565.897814,continental
99.260763,-3.439282,511,686,53.727982,55.597542,5.782618,-27.101173,5.147706,-2.634347,-1.082821,0.861066,1.083268,0.861417,58.869987,862.892150,40,2565.897814,continental
99.557237,-3.842343,511,686,53.709155,55.597542,5.821014,-26.908825,5.190760,-2.634428,-1.057147,0.861147,1.057488,0.861417,61.603271,807.294608,40,2565.897814,continental
99.853991,-4.245301,511,686,53.688228,55.597542,5.859079,-26.721666,5.233338,-2.634575,-1.031473,0.861293,1.031628,0.861417,62.844738,751.697066,40,2565.897814,continental
100.163695,-4.638028,511,686,48.795717,55.597542,5.897456,-21.681177,5.480235,-2.178765,-0.928860,0.944437,0.928918,0.944499,64.159988,696.099525,40,2565.897814,continental
100.494330,-5.014132,511,686,48.767900,55.597542,5.936516,-21.530200,5.522291,-2.178651,-0.902743,0.944323,0.902908,0.944499,65.350327,640.501983,40,2565.897814,continental
100.825347,-5.390069,511,686,48.737887,55.597542,5.975186,-21.383551,5.563858,-2.178610,-0.876627,0.944281,0.876829,0.944499,66.547150,584.904441,40,2565.897814,continental
101.156774,-5.765828,511,686,48.705672,55.597542,6.013465,-21.241120,5.604934,-2.178640,-0.850511,0.944312,0.850683,0.944499,67.769814,529.306899,40,2565.897814,continental
101.488640,-6.141395,511,686,48.671250,55.597542,6.051347,-21.102803,5.645519,-2.178742,-0.824395,0.944414,0.824473,0.944499,69.125862,473.709357,40,2565.897814,continental
101.803375,-6.530695,511,686,54.244306,55.597542,6.088158,-26.559534,5.445676,-2.722182,-0.886600,0.860792,0.886615,0.860807,70.421242,418.111815,40,2565.897814,continental
102.097692,-6.936366,511,686,54.209796,55.597542,6.123807,-26.393082,5.485494,-2.722197,-0.860275,0.860807,0.860275,0.860807,71.907959,362.514273,40,2565.897814,continental
102.485520,-7.255560,511,686,39.647057,68.829935,6.162375,-11.802552,6.032092,-1.260450,-0.590659,1.048914,0.590676,1.048943,73.861343,306.916732,40,2565.897814,continental
178.436805,-40.594000,901,806,298.334727,27.798771,4.331822,-48.243580,2.884843,-3.231464,-1.969890,3.265863,1.969890,3.265863,,0.000000,42,3754.768345,continental
178.746244,-40.153063,901,806,297.962934,55.597542,4.398466,-47.112050,2.993450,-3.222695,-1.908650,3.271668,1.908656,3.271679,123.716553,55.597542,42,3754.768345,continental
178.950240,-39.679404,901,806,287.212153,55.597542,4.477001,-35.725210,3.634549,-2.614114,-1.221565,3.566491,1.221565,3.566491,123.335732,111.195084,42,3754.768345,continental
179.141166,-39.201640,901,806,287.090861,55.597542,4.557264,-35.002338,3.732985,-2.614091,-1.169880,3.566468,1.169887,3.566491,123.005829,87.004377,42,3754.768345,continental
179.329512,-38.723568,901,806,286.972425,59.205607,4.637986,-34.306347,3.831143,-2.614050,-1.118101,3.566427,1.118121,3.566491,122.676743,31.406836,42,3754.768345,continental
144.374864,41.131773,901,601118,276.606815,27.798771,9.671723,31.100203,8.281560,4.995797,1.468955,-4.615382,-1.444787,-4.706420,127.368431,0.000000,45,10186.753245,continental
144.299059,40.635068,901,601118,276.557198,55.597542,9.587180,28.436464,8.430446,4.565261,1.595240,-4.184848,-1.461587,-4.706420,128.060196,55.597542,45,10186.753245,continental
144.224372,40.138315,901,601116,276.508806,55.597542,9.523319,25.733743,8.578810,4.134927,1.721525,-3.754515,-1.922835,-2.997657,128.756729,111.195084,45,10186.753245,continental
144.150771,39.641514,901,601116,276.461603,55.597542,9.480536,23.003499,8.726653,3.704874,1.847810,-3.324460,-1.934829,-2.997657,129.389832,166.792626,45,10186.753245,continental
144.071764,39.145338,901,601116,278.828253,55.597542,9.494717,18.980023,8.978509,3.088047,2.068723,-2.998716,-2.071352,-2.913022,129.946182,222.390167,45,10186.753245,continental
143.973506,38.651220,901,601116,278.766553,55.597542,9.637035,20.952139,8.999829,3.446088,2.069535,-3.356757,-2.083044,-2.913022,130.481506,277.987709,45,10186.753245,continental
143.876595,38.157021,901,601115,278.706350,55.597542,9.790045,22.867274,9.020621,3.804389,2.070347,-3.715058,-2.065088,-3.885560,131.144836,333.585251,45,10186.753245,continental
143.691946,37.683870,901,601115,294.726047,55.597542,9.689912,6.877262,9.620192,1.160298,2.899718,-3.008334,-3.075032,-3.157152,131.994537,389.182793,45,10186.753245,continental
143.429282,37.229419,901,601114,294.566304,55.597542,9.357698,5.375317,9.316547,0.876624,2.577133,-2.724659,-2.386970,-2.563097,132.625824,444.780335,45,10186.753245,continental
143.154968,36.780219,901,601114,297.920679,55.597542,9.140588,1.864425,9.135749,0.297386,2.504085,-2.556295,-2.550847,-2.411346,133.302444,500.377877,45,10186.753245,continental
142.864326,36.338066,901,601113,297.747556,55.597542,9.078145,4.008303,9.055940,0.634572,2.406355,-2.893483,-2.340058,-3.099953,133.914566,555.975419,45,10186.753245,continental
142.568351,35.899047,901,601113,299.924785,55.597542,8.954402,2.377271,8.946695,0.371422,2.377995,-2.901726,-2.475834,-3.001057,131.861649,611.572960,45,10186.753245,continental
142.234172,35.482451,901,601112,314.234926,62.891212,8.738004,-14.346219,8.465520,-2.165108,2.723449,-1.933064,-2.800392,-2.068641,126.301079,667.170502,45,10186.753245,continental
141.777019,35.158437,659,601111,334.673833,48.303872,6.559562,-14.460926,6.351743,-1.638052,2.758073,-0.480692,-2.836296,-0.506972,,722.768044,43,633.013775,continental
141.222887,34.948809,659,601126,340.526926,55.597542,6.288736,-22.061289,5.828291,-2.362038,2.481847,-0.130887,-2.504240,-0.114732,,778.365586,43,633.013775,continental
140.647123,34.791161,659,601125,3.387566,55.597542,6.058100,-45.244667,4.265392,-4.301977,2.169953,0.692293,-2.218511,0.657436,,833.963128,43,633.013775,continental
140.046943,34.751910,659,601127,3.921448,55.597542,6.096390,-57.972230,3.233100,-5.168465,1.192230,1.527028,-1.195013,1.525910,,889.560670,43,633.013775,continental
139.447745,34.823723,659,601128,15.881950,55.597542,5.903199,-77.492880,1.278402,-5.763111,0.059560,1.770345,-0.309281,1.837878,,945.158212,43,633.013775,continental
138.964165,34.679103,659,601129,310.783143,55.597542,5.968049,-15.471758,5.751779,-1.592057,1.619406,0.996760,-1.638607,1.002668,,1000.755754,43,633.013775,continental
138.599820,34.279865,659,601130,310.593370,55.597542,6.293134,-13.858932,6.109931,-1.507408,1.977437,0.910903,-1.923535,0.961358,,1056.353295,43,633.013775,continental
138.196114,33.908722,659,601131,316.076507,55.597542,6.539780,-18.275058,6.209927,-2.050738,2.157299,1.046079,-2.215351,1.112494,,1111.950837,43,633.013775,continental
137.735617,33.587658,659,601107,320.889016,55.597542,6.686011,-22.982337,6.155311,-2.610535,2.207613,1.251784,-2.285254,1.207722,,1167.548379,43,633.013775,continental
137.254654,33.291635,659,601107,329.449115,55.597542,6.717179,-30.977710,5.759092,-3.457363,2.067212,1.509110,-2.080225,1.544794,22.233101,1223.145921,43,633.013775,continental
136.741023,33.036426,659,601106,329.168137,55.597542,6.631244,-30.306950,5.724981,-3.346340,2.034017,1.398088,-1.996007,1.293342,20.343304,1278.743463,43,633.013775,continental
136.226839,32.785993,659,601106,344.353122,28.734485,6.533047,-45.139337,4.608314,-4.630782,1.571611,1.769209,-1.585698,1.780507,17.495317,1334.341005,43,633.013775,continental
135.655007,32.649840,608,601106,344.044043,82.460599,6.213979,-45.440031,4.360072,-4.427562,1.324819,1.565993,-1.592611,1.780507,15.386363,1389.938547,44,4365.731205,continental
135.084931,32.511102,608,601105,343.737064,55.597542,5.895013,-45.775681,4.111591,-4.224453,1.078020,1.362883,-1.019048,1.315604,18.490870,1445.536088,44,4365.731205,continental
134.568992,32.272869,608,601105,327.491718,55.597542,5.759562,-29.132830,5.030940,-2.803962,1.329081,0.887280,-1.348005,0.984070,20.392963,1495.128222,44,4365.731205,continental
134.070804,32.004516,608,601104,329.783034,55.597542,5.686673,-30.814336,4.883895,-2.913042,1.273413,0.833250,-1.276856,0.827746,21.640133,1439.530680,44,4365.731205,continental
133.562695,31.751865,608,601103,329.514692,55.597542,5.688571,-31.729715,4.838349,-2.991693,1.230353,0.911901,-1.219530,0.929307,26.164125,1383.933138,44,4365.731205,continental
133.119008,31.427815,608,601102,316.444509,55.597542,5.849862,-19.989602,5.497435,-1.999773,1.520272,0.773498,-1.568656,0.829861,32.776638,1328.335596,44,4365.731205,continental
132.716243,31.065658,608,601102,312.162357,55.597542,6.141299,-17.994005,5.840921,-1.897155,1.789770,0.956414,-1.629258,0.716214,38.804871,1272.738054,44,4365.731205,continental
132.325948,30.694448,608,601101,311.962039,55.597542,6.480600,-20.302782,6.077974,-2.248646,2.030205,1.307905,-2.116645,1.437017,,1217.140513,44,4365.731205,continental
132.019302,30.274854,608,601101,296.522126,55.597542,6.743242,-4.465543,6.722772,-0.525026,2.573828,0.684222,-2.425559,0.827734,50.258095,1161.542971,44,4365.731205,continental
131.761939,29.827221,608,601101,296.393245,55.597542,6.964505,-2.455153,6.958112,-0.298341,2.813175,0.457438,-2.430413,0.827734,65.785362,1105.945429,44,4365.731205,continental
131.506873,29.379094,608,601101,296.267244,55.597542,7.193507,-0.581130,7.193137,-0.072960,3.052522,0.230831,-2.435082,0.827734,76.669319,1050.347887,44,4365.731205,continental
131.254045,28.930486,608,601203,296.144072,55.597542,7.429502,1.209225,7.427847,0.156788,3.291869,0.016095,-3.806219,-0.494167,80.183273,994.750345,44,4365.731205,continental
131.003397,28.481409,608,601203,296.023681,55.597542,7.671813,2.862345,7.662242,0.383104,3.531216,-0.224005,-3.811106,-0.494167,82.046448,939.152803,44,4365.731205,continental
130.754872,28.031877,608,601203,295.906023,55.597542,7.919834,4.416006,7.896322,0.609808,3.770564,-0.450600,-3.815701,-0.494167,84.027527,883.555261,44,4365.731205,continental
130.463637,27.603901,608,601203,302.209968,55.597542,8.038502,-1.240238,8.036619,-0.173990,3.924612,-0.130444,-3.851350,-0.062986,81.071281,827.957719,44,4365.731205,continental
130.164043,27.180529,608,601204,302.072130,55.597542,8.126191,-0.637990,8.125687,-0.090483,4.019574,-0.213961,-4.137509,-0.322249,77.970894,772.360178,44,4365.731205,continental
129.866717,26.756526,608,601204,301.937291,55.597542,8.214446,-0.048618,8.214443,-0.006970,4.114537,-0.297482,-4.141557,-0.322249,75.136284,716.762636,44,4365.731205,continental
129.514276,26.370675,608,601204,312.278051,55.597542,8.230619,-10.222062,8.099977,-1.460636,4.130655,0.414631,-4.134658,0.437970,71.796143,661.165094,44,4365.731205,continental
129.140038,26.000245,608,601205,312.112906,55.597542,8.216111,-10.005455,8.091154,-1.427483,4.128651,0.381479,-4.126189,0.365989,69.256256,605.567552,44,4365.731205,continental
128.746588,25.648235,608,601205,317.852397,55.597542,8.189194,-15.595707,7.887690,-2.201645,4.061076,0.753481,-4.069732,0.789117,67.089951,549.970010,44,4365.731205,continental
128.336509,25.312142,608,601206,317.675980,55.597542,8.151613,-15.181667,7.867125,-2.134748,4.047923,0.686584,-4.032485,0.621959,65.219795,494.372468,44,4365.731205,continental
127.928013,24.975644,608,601206,320.808820,55.597542,8.114867,-18.080754,7.714156,-2.518507,3.992527,0.852909,-3.992705,0.853657,63.334393,438.774926,44,4365.731205,continental
127.501608,24.659082,608,601206,320.629845,55.597542,8.097700,-17.952758,7.703431,-2.495976,3.989792,0.830378,-3.995210,0.853657,61.733200,383.177385,44,4365.731205,continental
127.077365,24.341324,608,601207,320.453911,55.597542,8.080323,-17.825257,7.692424,-2.473508,3.987057,0.807911,-3.986481,0.805331,60.077015,327.579843,44,4365.731205,continental
126.613730,24.075554,608,601207,328.726682,55.597542,7.999667,-25.303185,7.232169,-3.419122,3.820809,1.226493,-3.826693,1.383284,57.988953,271.982301,44,4365.731205,continental
126.146606,23.815285,608,601208,328.537091,55.597542,7.913427,-24.185127,7.218838,-3.242022,3.816283,1.049393,-3.812191,0.936490,56.659351,216.384759,44,4365.731205,continental
125.657392,23.606483,608,601208,346.530325,55.597542,7.802974,-41.492599,5.844750,-5.169652,3.305471,2.026229,-3.331127,2.080103,54.912655,160.787217,44,4365.731205,continental
125.127211,23.489118,608,601208,346.318509,55.597542,7.646010,-41.047063,5.766395,-5.020972,3.236384,1.877550,-3.332707,2.080103,53.111095,105.189675,44,4365.731205,continental
124.597981,23.369963,608,601209,346.108075,77.390904,7.489470,-40.584625,5.687847,-4.872428,3.167296,1.729006,-3.121553,1.632767,52.354496,49.592133,44,4365.731205,continental
169.118333,53.100214,901,413,2.686907,27.798771,7.281852,-63.103981,3.294111,-6.494166,1.472225,0.937134,-1.472225,0.937134,106.999321,0.000000,45,10186.753245,continental
168.286189,53.118664,901,413,354.328485,55.597542,7.307171,-55.026134,4.188490,-5.987595,1.601267,0.729413,-1.601278,0.729418,106.704536,55.597542,45,10186.753245,continental
167.458144,53.066377,901,413,353.666371,55.597542,7.338496,-54.676213,4.243092,-5.987461,1.617853,0.729279,-1.618164,0.729418,106.492569,111.195084,45,10186.753245,oceanic
166.632217,53.008355,901,413,353.006428,55.597542,7.370021,-54.330793,4.297494,-5.987383,1.634439,0.729201,-1.634927,0.729418,106.280693,166.792626,45,10186.753245,oceanic
165.808616,52.944628,901,413,352.348871,55.597542,7.401738,-53.989851,4.351693,-5.987361,1.651025,0.729179,-1.651566,0.729418,106.072258,222.390167,45,10186.753245,oceanic
164.987546,52.875225,901,413,351.693909,55.597542,7.433637,-53.653361,4.405686,-5.987394,1.667611,0.729212,-1.668078,0.729418,105.864288,240.359736,45,10186.753245,oceanic
164.169206,52.800178,901,413,351.041746,55.597542,7.465711,-53.321295,4.459471,-5.987483,1.684197,0.729301,-1.684464,0.729418,105.663063,184.762194,45,10186.753245,oceanic
163.353999,52.718792,901,413,349.869894,55.597542,7.497930,-52.471489,4.567410,-5.946236,1.707282,0.713881,-1.707306,0.713892,105.470276,129.164653,45,10186.753245,oceanic
162.543082,52.628080,901,413,349.225055,55.597542,7.530199,-52.152604,4.620232,-5.946204,1.723333,0.713850,-1.723434,0.713892,105.283974,73.567111,45,10186.753245,continental
161.735622,52.531854,901,413,348.583764,45.768340,7.562605,-51.838019,4.672834,-5.946227,1.739384,0.713873,-1.739430,0.713892,105.098862,17.969569,45,10186.753245,continental
-144.279374,60.517998,901,111,324.394522,27.798771,4.763765,13.742558,4.627392,1.131679,0.654166,-2.055490,-0.654166,-2.055490,,0.000000,45,10186.753245,continental
-145.097996,60.224372,901,111,323.682933,55.597542,4.817814,13.579414,4.683134,1.131188,0.657136,-2.054999,-0.657294,-2.055490,,55.597542,45,10186.753245,continental
-145.901961,59.925794,901,111,322.986147,55.597542,4.871639,13.422517,4.738569,1.130854,0.660107,-2.054665,-0.660373,-2.055490,,111.195084,45,10186.753245,continental
-146.691471,59.622412,901,111,322.303968,55.597542,4.925233,13.271651,4.793693,1.130677,0.663077,-2.054488,-0.663401,-2.055490,,166.792626,45,10186.753245,continental
-147.466739,59.314369,901,111,321.636187,55.597542,4.978590,13.126611,4.848503,1.130656,0.666048,-2.054467,-0.666379,-2.055490,,222.390167,45,10186.753245,continental
-148.227983,59.001805,901,111,320.982589,55.597542,5.031703,12.987200,4.902994,1.130792,0.669018,-2.054603,-0.669306,-2.055490,,277.987709,45,10186.753245,continental
-148.975433,58.684858,901,111,320.342949,55.597542,5.084566,12.853230,4.957163,1.131084,0.671989,-2.054895,-0.672182,-2.055490,,333.585251,45,10186.753245,continental
-149.709324,58.363658,901,111,319.717037,55.597542,5.137172,12.724521,5.011005,1.131532,0.674959,-2.055343,-0.675007,-2.055490,,389.182793,45,10186.753245,continental
-150.413064,58.028417,901,111,317.034224,55.597542,5.188768,14.662703,5.019784,1.313424,0.602470,-2.078398,-0.602561,-2.078711,,444.780335,45,10186.753245,continental
-151.097521,57.685784,901,111,316.454674,55.597542,5.239840,14.513362,5.072633,1.313134,0.605114,-2.078109,-0.605290,-2.078711,,500.377877,45,10186.753245,continental
-151.769090,57.339528,901,111,315.888195,55.597542,5.290657,14.369479,5.125142,1.313003,0.607758,-2.077978,-0.607973,-2.078711,,555.975419,45,10186.753245,continental
-152.428051,56.989762,901,111,315.334510,55.597542,5.341212,14.230888,5.177306,1.313030,0.610402,-2.078005,-0.610609,-2.078711,,611.572960,45,10186.753245,continental
-153.074685,56.636598,901,111,314.793344,55.597542,5.391499,14.097429,5.229123,1.313216,0.613046,-2.078190,-0.613199,-2.078711,,667.170502,45,10186.753245,continental
-153.709269,56.280144,901,111,314.264423,55.597542,5.441512,13.968948,5.280589,1.313559,0.615690,-2.078534,-0.615743,-2.078711,,722.768044,45,10186.753245,continental
-154.347783,55.929275,901,111,316.070904,55.597542,5.491334,11.518348,5.380743,1.096519,0.702458,-2.051809,-0.702469,-2.051841,,778.365586,45,10186.753245,continental
-154.981965,55.579093,901,111,314.752774,55.597542,5.540836,12.205601,5.415587,1.171445,0.676408,-2.061380,-0.676415,-2.061399,,833.963128,45,10186.753245,continental
-155.640632,55.254096,901,111,332.174638,55.597542,5.590067,-5.826665,5.561187,-0.567500,1.281505,-1.751717,-1.281518,-1.751735,,889.560670,45,10186.753245,continental
-156.411926,55.018263,901,111,331.541777,55.597542,5.639539,-5.775241,5.610914,-0.567486,1.283818,-1.751731,-1.283822,-1.751735,,945.158212,45,10186.753245,continental
-157.122622,54.730827,901,111,323.186402,55.597542,5.688809,1.993834,5.685365,0.197925,1.037279,-1.909345,-1.037282,-1.909349,51.409199,1000.755754,45,10186.753245,continental
-157.810767,54.429260,901,111,322.625611,55.597542,5.737638,1.976885,5.734223,0.197927,1.039414,-1.909347,-1.039415,-1.909349,51.588882,1056.353295,45,10186.753245,continental
-158.524519,54.152819,901,111,326.249367,55.597542,5.786014,-2.208831,5.781715,-0.223004,1.178606,-1.828010,-1.178615,-1.828025,51.791000,1111.950837,45,10186.753245,continental
-159.254867,53.896473,901,111,329.756877,55.597542,5.833768,-6.262990,5.798950,-0.636419,1.308205,-1.739075,-1.308209,-1.739080,52.157303,1167.548379,45,10186.753245,continental
-160.038706,53.709054,901,111,338.555136,55.597542,5.879530,-15.578466,5.663537,-1.578994,1.577092,-1.500958,-1.577332,-1.501187,52.442810,1223.145921,45,10186.753245,continental
-160.821551,53.523691,901,111,337.924893,55.597542,5.924818,-15.457854,5.710498,-1.579138,1.578668,-1.500814,-1.579061,-1.501187,52.712139,1278.743463,45,10186.753245,continental
-161.597481,53.333259,901,111,337.301728,55.597542,5.969797,-15.338812,5.757144,-1.579169,1.580244,-1.500783,-1.580670,-1.501187,53.072994,1334.341005,45,10186.753245,continental
-162.366424,53.137839,901,111,336.685721,55.597542,6.014465,-15.221296,5.803472,-1.579085,1.581821,-1.500867,-1.582158,-1.501187,53.493050,1389.938547,45,10186.753245,continental
-163.128317,52.937512,901,111,336.076941,55.597542,6.058818,-15.105262,5.849478,-1.578887,1.583397,-1.501065,-1.583525,-1.501187,53.988464,1445.536088,45,10186.753245,continental
-163.901889,52.761420,901,111,341.785597,55.597542,6.101679,-21.295149,5.685069,-2.215961,1.740286,-1.317356,-1.740515,-1.317529,54.665630,1501.133630,45,10186.753245,continental
-164.683915,52.602555,901,111,341.163661,55.597542,6.143355,-21.146000,5.729688,-2.216189,1.741098,-1.317128,-1.741628,-1.317529,55.230103,1556.731172,45,10186.753245,continental
-165.460197,52.438577,901,111,340.547621,55.597542,6.184753,-20.999002,5.774003,-2.216317,1.741910,-1.317000,-1.742609,-1.317529,55.796535,1612.328714,45,10186.753245,continental
-166.230635,52.269554,901,111,339.937584,55.597542,6.225868,-20.854102,5.818011,-2.216344,1.742722,-1.316973,-1.743458,-1.317529,56.651604,1667.926256,45,10186.753245,continental
-166.995135,52.095556,901,111,339.333649,55.597542,6.266696,-20.711251,5.861708,-2.216270,1.743535,-1.317046,-1.744173,-1.317529,57.573189,1723.523798,45,10186.753245,continental
-167.753611,51.916652,901,111,338.735908,55.597542,6.307234,-20.570397,5.905093,-2.216097,1.744347,-1.317220,-1.744756,-1.317529,58.515434,1779.121340,45,10186.753245,continental
-168.505986,51.732912,901,111,338.144444,55.597542,6.347478,-20.431493,5.948160,-2.215823,1.745159,-1.317494,-1.745206,-1.317529,59.460205,1834.718881,45,10186.753245,continental
-169.276229,51.586398,901,111,343.261063,55.597542,6.385450,-25.991151,5.739637,-2.798311,1.867846,-1.136811,-1.868158,-1.137001,60.289284,1890.316423,45,10186.753245,continental
-170.044390,51.439879,901,111,342.659780,55.597542,6.422932,-25.829546,5.781244,-2.798441,1.867802,-1.136680,-1.868329,-1.137001,61.019436,1941.160179,45,10186.753245,continental
-170.807555,51.288373,901,111,342.063646,55.597542,6.460159,-25.670270,5.822553,-2.798486,1.867758,-1.136636,-1.868358,-1.137001,61.748837,1885.562637,45,10186.753245,continental
-171.565619,51.131939,901,111,341.472769,55.597542,6.497125,-25.513276,5.863562,-2.798443,1.867714,-1.136679,-1.868244,-1.137001,62.477463,1829.965095,45,10186.753245,continental
-172.318485,50.970638,901,111,340.887254,55.597542,6.533828,-25.358515,5.904265,-2.798314,1.867670,-1.136808,-1.867988,-1.137001,63.205540,1774.367553,45,10186.753245,continental
-173.069830,50.815621,901,111,355.465953,55.597542,6.569721,-40.361696,5.005940,-4.254621,2.099904,-0.608942,-2.099956,-0.608957,57.431698,1718.770011,45,10186.753245,continental
-173.858024,50.773439,901,111,354.855190,55.597542,6.599670,-40.142778,5.045054,-4.254771,2.098836,-0.608792,-2.099406,-0.608957,56.315464,1663.172470,45,10186.753245,continental
-174.644708,50.725954,901,111,354.245986,55.597542,6.629513,-39.926778,5.083943,-4.254875,2.097768,-0.608688,-2.098695,-0.608957,55.513187,1607.574928,45,10186.753245,continental
-175.429711,50.673188,901,111,353.638519,55.597542,6.659245,-39.713661,5.122606,-4.254933,2.096700,-0.608631,-2.097825,-0.608957,55.258858,1551.977386,45,10186.753245,continental
-176.212863,50.615161,901,111,353.032964,55.597542,6.688860,-39.503390,5.161037,-4.254944,2.095632,-0.608620,-2.096794,-0.608957,55.433365,1496.379844,45,10186.753245,continental
-176.993999,50.551898,901,111,352.429493,55.597542,6.718355,-39.295930,5.199236,-4.254909,2.094564,-0.608655,-2.095605,-0.608957,55.608273,1440.782302,45,10186.753245,continental
-177.772955,50.483424,901,111,351.828275,55.597542,6.747725,-39.091247,5.237198,-4.254827,2.093496,-0.608737,-2.094255,-0.608957,54.849186,1385.184760,45,10186.753245,continental
-178.549571,50.409767,901,111,351.229475,55.597542,6.776964,-38.889307,5.274920,-4.254699,2.092428,-0.608865,-2.092746,-0.608957,54.656799,1329.587218,45,10186.753245,continental
-179.325314,50.395059,901,111,7.518227,55.597542,6.802393,-55.552053,3.847823,-5.609528,2.177668,0.024919,-2.177770,0.024920,54.657185,1273.989677,45,10186.753245,continental
179.896056,50.457884,901,111,6.918049,55.597542,6.823085,-55.299535,3.884288,-5.609527,2.175719,0.024918,-2.175936,0.024920,54.340534,1218.392135,45,10186.753245,continental
179.115442,50.515500,901,111,6.315820,55.597542,6.843835,-55.049450,3.920623,-5.609527,2.173770,0.024918,-2.173937,0.024920,53.534500,1162.794593,45,10186.753245,continental
178.335516,50.577904,901,111,12.362846,55.597542,6.863962,-61.448490,3.280621,-6.029221,2.154223,0.276261,-2.154276,0.276268,53.172894,1107.197051,45,10186.753245,continental
177.564682,50.682415,901,111,11.766935,55.597542,6.880983,-61.188641,3.316134,-6.029194,2.151687,0.276235,-2.151946,0.276268,52.605259,1051.599509,45,10186.753245,continental
176.790492,50.781821,901,111,11.167557,55.597542,6.898120,-60.930808,3.351558,-6.029189,2.149152,0.276229,-2.149453,0.276268,50.704136,996.001967,45,10186.753245,continental
176.013089,50.876081,901,111,10.564861,55.597542,6.915370,-60.675005,3.386891,-6.029204,2.146616,0.276245,-2.146796,0.276268,49.634724,940.404425,45,10186.753245,continental
175.256169,51.009165,901,111,27.271509,55.597542,6.929563,-77.707458,1.475326,-6.770691,1.964761,0.901348,-1.964879,0.901402,47.923050,884.806884,45,10186.753245,continental
174.546347,51.236127,901,111,26.718914,55.597542,6.936868,-77.428580,1.509854,-6.770560,1.961504,0.901217,-1.961906,0.901402,46.617798,829.209342,45,10186.753245,continental
173.829555,51.458754,901,111,26.159133,55.597542,6.944412,-77.150143,1.544416,-6.770498,1.958246,0.901154,-1.958784,0.901402,45.327602,773.611800,45,10186.753245,continental
173.105806,51.676967,901,111,25.592184,55.597542,6.952194,-76.872193,1.579010,-6.770504,1.954989,0.901161,-1.955513,0.901402,44.028671,718.014258,45,10186.753245,continental
172.375121,51.890690,901,111,25.018094,55.597542,6.960212,-76.594773,1.613632,-6.770579,1.951731,0.901236,-1.952093,0.901402,42.702877,662.416716,45,10186.753245,continental
171.637528,52.099846,901,111,24.436896,55.597542,6.968465,-76.317926,1.648280,-6.770722,1.948474,0.901379,-1.948524,0.901402,41.361515,606.819174,45,10186.753245,continental
170.953820,52.371566,901,111,33.978077,55.597542,6.971366,-86.120460,0.471676,-6.955391,1.756786,1.228386,-1.756941,1.228495,43.375084,551.221632,45,10186.753245,continental
170.270396,52.649043,901,111,33.435801,55.597542,6.973723,-85.840446,0.505833,-6.955354,1.752888,1.228349,-1.753095,1.228495,53.464119,495.624090,45,10186.753245,continental
169.578307,52.922538,901,111,32.884631,64.367661,6.976348,-85.559910,0.540085,-6.955411,1.748990,1.228406,-1.749116,1.228495,107.220978,440.026549,45,10186.753245,continental
168.877484,53.191962,406,111,32.324504,46.827423,0.980707,18.849188,0.928114,0.316845,1.744947,1.228455,-1.745003,1.228495,106.501144,384.429007,46,403.457659,continental
168.167867,53.457221,406,111,31.755364,55.597542,0.960563,19.263311,0.906784,0.316899,1.740624,1.228400,-1.740758,1.228495,105.781342,328.831465,46,403.457659,continental
167.449401,53.718224,406,111,31.177163,55.597542,0.940501,19.688480,0.885517,0.316860,1.736302,1.228439,-1.736380,1.228495,105.061844,273.233923,46,403.457659,continental
166.755232,54.003189,406,111,38.566054,55.597542,0.919946,12.102751,0.899499,0.192881,1.545195,1.456409,-1.545308,1.456517,104.211159,217.636381,46,403.457659,continental
166.085060,54.313045,406,111,38.022784,55.597542,0.898867,12.399781,0.877899,0.193015,1.540425,1.456275,-1.540681,1.456517,103.416779,162.038839,46,403.457659,continental
165.404782,54.619131,406,111,37.469189,55.597542,0.877838,12.703282,0.856350,0.193038,1.535656,1.456252,-1.535935,1.456517,102.624603,106.441297,46,403.457659,continental
164.714257,54.921346,406,111,36.905133,78.642527,0.856860,13.013665,0.834852,0.192951,1.530886,1.456340,-1.531073,1.456517,101.834435,50.843756,46,403.457659,continental
123.007942,17.076359,608,678,247.643522,27.798771,0.718022,-22.739010,0.662214,-0.277540,-1.983221,3.120814,1.983221,3.120814,47.975193,0.000000,44,4365.731205,continental
123.206409,16.613846,608,678,247.701035,55.597542,0.726428,-22.456177,0.671344,-0.277478,-1.960610,3.120753,1.960649,3.120814,64.156891,55.597542,44,4365.731205,oceanic
123.479879,16.197811,608,678,227.028980,55.597542,0.735122,-1.551916,0.734852,-0.019909,-0.705879,3.608703,0.705905,3.608840,65.840919,111.195084,44,4365.731205,oceanic
123.834129,15.831670,608,678,227.126713,55.597542,0.744116,-1.526791,0.743851,-0.019826,-0.683086,3.608620,0.683128,3.608840,62.724575,166.792626,44,4365.731205,oceanic
124.187096,15.464957,608,678,227.221920,55.597542,0.753008,-1.523387,0.752742,-0.020019,-0.660294,3.608812,0.660299,3.608840,63.141998,222.390167,44,4365.731205,oceanic
124.464241,15.043316,608,678,238.576317,55.597542,0.761798,-12.603490,0.743441,-0.166226,-1.330354,3.409471,1.330668,3.410304,62.831490,277.987709,44,4365.731205,continental
124.733638,14.616491,608,678,238.645270,55.597542,0.770499,-12.408742,0.752500,-0.165568,-1.307107,3.408813,1.307665,3.410304,64.679787,333.585251,44,4365.731205,continental
125.001991,14.189358,608,678,238.712021,55.597542,0.779110,-12.239447,0.761401,-0.165170,-1.283860,3.408414,1.284562,3.410304,65.166962,389.182793,44,4365.731205,continental
125.269333,13.761927,608,678,238.776587,55.597542,0.787630,-12.094702,0.770147,-0.165031,-1.260612,3.408276,1.261362,3.410304,65.781403,444.780335,44,4365.731205,continental
125.535700,13.334209,608,678,238.838987,55.597542,0.796058,-11.973650,0.778738,-0.165152,-1.237365,3.408397,1.238066,3.410304,66.593765,500.377877,44,4365.731205,continental
125.801125,12.906214,608,678,238.899238,55.597542,0.804392,-11.875488,0.787176,-0.165532,-1.214118,3.408777,1.214675,3.410304,67.056252,555.975419,44,4365.731205,continental
126.065644,12.477952,608,678,238.957356,55.597542,0.812633,-11.799454,0.795462,-0.166173,-1.190871,3.409418,1.191192,3.410304,67.454414,611.572960,44,4365.731205,continental
126.327636,12.048738,608,678,254.399693,55.597542,0.820773,-27.127530,0.730483,-0.374250,-2.030611,2.978167,2.030619,2.978180,67.527245,667.170502,44,4365.731205,continental
126.464884,11.567124,608,678,254.427778,55.597542,0.828372,-26.794082,0.739432,-0.373418,-2.006368,2.977335,2.006923,2.978180,68.714729,722.768044,44,4365.731205,continental
126.601661,11.085446,608,678,254.454641,55.597542,0.835913,-26.486997,0.748172,-0.372813,-1.982125,2.976730,1.983074,2.978180,69.682404,778.365586,44,4365.731205,continental
126.737988,10.603706,608,678,254.480291,55.597542,0.843390,-26.205466,0.756704,-0.372434,-1.957882,2.976351,1.959073,2.978180,70.557938,833.963128,44,4365.731205,continental
126.873886,10.121908,608,678,254.504736,55.597542,0.850801,-25.948715,0.765029,-0.372282,-1.933639,2.976199,1.934924,2.978180,71.432030,889.560670,44,4365.731205,continental
127.009377,9.640055,608,678,254.527987,55.597542,0.858142,-25.716000,0.773148,-0.372357,-1.909396,2.976274,1.910627,2.978180,72.305840,850.699677,44,4365.731205,continental
127.144482,9.158148,608,678,254.550051,55.597542,0.865410,-25.506613,0.781064,-0.372659,-1.885153,2.976576,1.886185,2.978180,73.179321,795.102135,44,4365.731205,continental
127.279220,8.676192,608,678,254.570937,55.597542,0.872603,-25.319875,0.788776,-0.373187,-1.860910,2.977105,1.861599,2.978180,74.052559,739.504593,44,4365.731205,continental
127.413614,8.194189,608,678,254.590651,55.597542,0.879719,-25.155137,0.796286,-0.373943,-1.836667,2.977860,1.836871,2.978180,74.925682,683.907051,44,4365.731205,continental
127.511236,7.704382,608,678,261.142181,55.597542,0.886631,-31.435009,0.756502,-0.462405,-2.138916,2.750272,2.139210,2.750658,76.136612,628.309509,44,4365.731205,continental
127.588841,7.210339,608,678,261.152253,55.597542,0.893416,-31.137725,0.764699,-0.461983,-2.113562,2.749850,2.114176,2.750658,77.364769,572.711968,44,4365.731205,continental
127.666276,6.716282,608,678,261.161641,55.597542,0.900145,-30.863529,0.772677,-0.461770,-2.088208,2.749637,2.088980,2.750658,78.593254,517.114426,44,4365.731205,continental
127.743554,6.222213,608,678,261.170348,55.597542,0.906813,-30.611808,0.780437,-0.461766,-2.062854,2.749633,2.063626,2.750658,78.791252,461.516884,44,4365.731205,continental
127.820686,5.728133,608,678,261.178377,55.597542,0.913418,-30.381971,0.787981,-0.461972,-2.037501,2.749839,2.038115,2.750658,76.742790,405.919342,44,4365.731205,continental
127.897686,5.234043,608,678,261.185732,55.597542,0.919956,-30.173449,0.795309,-0.462388,-2.012147,2.750255,2.012448,2.750658,74.590538,350.321800,44,4365.731205,oceanic
128.024187,4.756223,608,678,242.364822,55.597542,0.926748,-11.173182,0.909182,-0.179581,-0.991918,3.247193,0.991961,3.247339,73.484131,294.724258,44,4365.731205,continental
128.256763,4.313226,608,678,242.383210,55.597542,0.934148,-11.065126,0.916781,-0.179286,-0.965923,3.246898,0.966052,3.247339,73.331367,239.126716,44,4365.731205,continental
128.489068,3.870158,608,678,242.399786,55.597542,0.941457,-10.975203,0.924237,-0.179238,-0.939927,3.246851,0.940069,3.247339,72.159264,183.529175,44,4365.731205,continental
128.721131,3.427026,608,678,242.414554,55.597542,0.948676,-10.902952,0.931551,-0.179438,-0.913932,3.247050,0.914015,3.247339,,127.931633,44,4365.731205,continental
128.894487,2.967308,608,678,265.969296,55.597542,0.955484,-34.331078,0.789031,-0.538868,-2.110495,2.619159,2.110526,2.619198,,72.334091,44,4365.731205,continental
128.929665,2.468544,608,678,265.970964,44.535320,0.961471,-34.087752,0.796271,-0.538868,-2.084229,2.619159,2.084260,2.619198,,16.736549,44,4365.731205,continental
